LARGE_dtc_experiment_code_MEMORY_py_15_csv	LARGE_dtc_experiment_code_MEMORY_py_15_csv	0,04698
LARGE_dtc_experiment_code_CONTROL_py_16_csv	LARGE_dtc_experiment_code_CONTROL_py_16_csv	0,05195
LARGE_dtc_experiment_code_MEMORY_py_18_csv	LARGE_dtc_experiment_code_MEMORY_py_18_csv	0,05263
LARGE_dtc_experiment_code_MEMORY_py_17_csv	LARGE_dtc_experiment_code_MEMORY_py_17_csv	0,05556
LARGE_dtc_experiment_code_MEMORY_py_10_csv	LARGE_dtc_experiment_code_MEMORY_py_10_csv	0,05844
LARGE_dtc_experiment_code_MEMORY_py_16_csv	LARGE_dtc_experiment_code_MEMORY_py_16_csv	0,05882
LARGE_dtc_experiment_code_CONTROL_py_12_csv	LARGE_dtc_experiment_code_CONTROL_py_12_csv	0,06040
LARGE_dtc_experiment_code_MEMORY_py_13_csv	LARGE_dtc_experiment_code_MEMORY_py_13_csv	0,06081
LARGE_dtc_experiment_code_CONTROL_py_17_csv	LARGE_dtc_experiment_code_CONTROL_py_17_csv	0,06081
LARGE_dtc_experiment_code_MEMORY_py_0_csv	LARGE_dtc_experiment_code_MEMORY_py_0_csv	0,06173
LARGE_dtc_experiment_code_MEMORY_py_12_csv	LARGE_dtc_experiment_code_MEMORY_py_12_csv	0,06207
LARGE_dtc_experiment_code_CONTROL_py_15_csv	LARGE_dtc_experiment_code_CONTROL_py_15_csv	0,06207
LARGE_dtc_experiment_code_CONTROL_py_10_csv	LARGE_dtc_experiment_code_CONTROL_py_10_csv	0,06250
LARGE_dtc_experiment_code_MEMORY_py_14_csv	LARGE_dtc_experiment_code_MEMORY_py_14_csv	0,06410
LARGE_dtc_experiment_code_CONTROL_py_14_csv	LARGE_dtc_experiment_code_CONTROL_py_14_csv	0,06536
LARGE_dtc_experiment_code_CONTROL_py_13_csv	LARGE_dtc_experiment_code_CONTROL_py_13_csv	0,06623
LARGE_dtc_experiment_code_CONTROL_py_11_csv	LARGE_dtc_experiment_code_CONTROL_py_11_csv	0,06918
LARGE_dtc_experiment_code_CONTROL_py_0_csv	LARGE_dtc_experiment_code_CONTROL_py_0_csv	0,07027
LARGE_dtc_experiment_code_MEMORY_py_11_csv	LARGE_dtc_experiment_code_MEMORY_py_11_csv	0,07051
LARGE_dtc_experiment_code_CONTROL_py_18_csv	LARGE_dtc_experiment_code_CONTROL_py_18_csv	0,07143
LARGE_dtc_experiment_code_MEMORY_py_11_csv	LARGE_dtc_experiment_code_MEMORY_py_10_csv	0,64744
LARGE_dtc_experiment_code_MEMORY_py_14_csv	LARGE_dtc_experiment_code_MEMORY_py_16_csv	0,65385
LARGE_dtc_experiment_code_CONTROL_py_15_csv	LARGE_dtc_experiment_code_MEMORY_py_15_csv	0,65772
LARGE_dtc_experiment_code_MEMORY_py_15_csv	LARGE_dtc_experiment_code_CONTROL_py_15_csv	0,66443
LARGE_dtc_experiment_code_CONTROL_py_12_csv	LARGE_dtc_experiment_code_CONTROL_py_14_csv	0,67974
LARGE_dtc_experiment_code_MEMORY_py_16_csv	LARGE_dtc_experiment_code_MEMORY_py_10_csv	0,68831
LARGE_dtc_experiment_code_CONTROL_py_17_csv	LARGE_dtc_experiment_code_MEMORY_py_13_csv	0,68919
LARGE_dtc_experiment_code_MEMORY_py_17_csv	LARGE_dtc_experiment_code_CONTROL_py_16_csv	0,69136
LARGE_dtc_experiment_code_CONTROL_py_16_csv	LARGE_dtc_experiment_code_MEMORY_py_17_csv	0,69136
LARGE_dtc_experiment_code_CONTROL_py_14_csv	LARGE_dtc_experiment_code_MEMORY_py_12_csv	0,69281
LARGE_dtc_experiment_code_MEMORY_py_13_csv	LARGE_dtc_experiment_code_CONTROL_py_16_csv	0,69481
LARGE_dtc_experiment_code_MEMORY_py_12_csv	LARGE_dtc_experiment_code_CONTROL_py_13_csv	0,69536
LARGE_dtc_experiment_code_MEMORY_py_16_csv	LARGE_dtc_experiment_code_CONTROL_py_16_csv	0,70130
LARGE_dtc_experiment_code_MEMORY_py_13_csv	LARGE_dtc_experiment_code_CONTROL_py_17_csv	0,70270
LARGE_dtc_experiment_code_MEMORY_py_12_csv	LARGE_dtc_experiment_code_MEMORY_py_15_csv	0,70470
LARGE_dtc_experiment_code_MEMORY_py_10_csv	LARGE_dtc_experiment_code_CONTROL_py_16_csv	0,70779
LARGE_dtc_experiment_code_MEMORY_py_15_csv	LARGE_dtc_experiment_code_CONTROL_py_12_csv	0,71141
LARGE_dtc_experiment_code_CONTROL_py_11_csv	LARGE_dtc_experiment_code_CONTROL_py_10_csv	0,71250
LARGE_dtc_experiment_code_MEMORY_py_10_csv	LARGE_dtc_experiment_code_MEMORY_py_16_csv	0,71429
LARGE_dtc_experiment_code_MEMORY_py_15_csv	LARGE_dtc_experiment_code_MEMORY_py_10_csv	0,71429
LARGE_dtc_experiment_code_CONTROL_py_13_csv	LARGE_dtc_experiment_code_MEMORY_py_12_csv	0,71523
LARGE_dtc_experiment_code_MEMORY_py_14_csv	LARGE_dtc_experiment_code_MEMORY_py_17_csv	0,71605
LARGE_dtc_experiment_code_MEMORY_py_12_csv	LARGE_dtc_experiment_code_CONTROL_py_17_csv	0,71622
LARGE_dtc_experiment_code_CONTROL_py_15_csv	LARGE_dtc_experiment_code_MEMORY_py_13_csv	0,71622
LARGE_dtc_experiment_code_MEMORY_py_15_csv	LARGE_dtc_experiment_code_MEMORY_py_13_csv	0,71812
LARGE_dtc_experiment_code_MEMORY_py_18_csv	LARGE_dtc_experiment_code_MEMORY_py_16_csv	0,71895
LARGE_dtc_experiment_code_CONTROL_py_16_csv	LARGE_dtc_experiment_code_MEMORY_py_10_csv	0,72078
LARGE_dtc_experiment_code_CONTROL_py_18_csv	LARGE_dtc_experiment_code_CONTROL_py_16_csv	0,72078
LARGE_dtc_experiment_code_MEMORY_py_12_csv	LARGE_dtc_experiment_code_MEMORY_py_13_csv	0,72297
LARGE_dtc_experiment_code_MEMORY_py_14_csv	LARGE_dtc_experiment_code_CONTROL_py_16_csv	0,72436
LARGE_dtc_experiment_code_MEMORY_py_13_csv	LARGE_dtc_experiment_code_CONTROL_py_12_csv	0,72483
LARGE_dtc_experiment_code_MEMORY_py_12_csv	LARGE_dtc_experiment_code_CONTROL_py_10_csv	0,72500
LARGE_dtc_experiment_code_MEMORY_py_13_csv	LARGE_dtc_experiment_code_CONTROL_py_14_csv	0,72549
LARGE_dtc_experiment_code_MEMORY_py_12_csv	LARGE_dtc_experiment_code_MEMORY_py_10_csv	0,72727
LARGE_dtc_experiment_code_MEMORY_py_17_csv	LARGE_dtc_experiment_code_MEMORY_py_18_csv	0,72840
LARGE_dtc_experiment_code_MEMORY_py_14_csv	LARGE_dtc_experiment_code_CONTROL_py_11_csv	0,72956
LARGE_dtc_experiment_code_MEMORY_py_12_csv	LARGE_dtc_experiment_code_MEMORY_py_18_csv	0,73026
LARGE_dtc_experiment_code_MEMORY_py_13_csv	LARGE_dtc_experiment_code_MEMORY_py_18_csv	0,73026
LARGE_dtc_experiment_code_CONTROL_py_17_csv	LARGE_dtc_experiment_code_MEMORY_py_18_csv	0,73026
LARGE_dtc_experiment_code_MEMORY_py_14_csv	LARGE_dtc_experiment_code_MEMORY_py_10_csv	0,73077
LARGE_dtc_experiment_code_MEMORY_py_14_csv	LARGE_dtc_experiment_code_CONTROL_py_15_csv	0,73077
LARGE_dtc_experiment_code_CONTROL_py_15_csv	LARGE_dtc_experiment_code_MEMORY_py_14_csv	0,73077
LARGE_dtc_experiment_code_MEMORY_py_13_csv	LARGE_dtc_experiment_code_CONTROL_py_10_csv	0,73125
LARGE_dtc_experiment_code_CONTROL_py_12_csv	LARGE_dtc_experiment_code_MEMORY_py_15_csv	0,73154
LARGE_dtc_experiment_code_MEMORY_py_16_csv	LARGE_dtc_experiment_code_CONTROL_py_12_csv	0,73203
LARGE_dtc_experiment_code_MEMORY_py_10_csv	LARGE_dtc_experiment_code_MEMORY_py_15_csv	0,73377
LARGE_dtc_experiment_code_CONTROL_py_13_csv	LARGE_dtc_experiment_code_MEMORY_py_10_csv	0,73377
LARGE_dtc_experiment_code_CONTROL_py_16_csv	LARGE_dtc_experiment_code_MEMORY_py_15_csv	0,73377
LARGE_dtc_experiment_code_CONTROL_py_18_csv	LARGE_dtc_experiment_code_MEMORY_py_10_csv	0,73377
LARGE_dtc_experiment_code_MEMORY_py_0_csv	LARGE_dtc_experiment_code_CONTROL_py_18_csv	0,73457
LARGE_dtc_experiment_code_MEMORY_py_17_csv	LARGE_dtc_experiment_code_MEMORY_py_0_csv	0,73457
LARGE_dtc_experiment_code_MEMORY_py_17_csv	LARGE_dtc_experiment_code_MEMORY_py_13_csv	0,73457
LARGE_dtc_experiment_code_MEMORY_py_17_csv	LARGE_dtc_experiment_code_MEMORY_py_14_csv	0,73457
LARGE_dtc_experiment_code_CONTROL_py_11_csv	LARGE_dtc_experiment_code_MEMORY_py_14_csv	0,73585
LARGE_dtc_experiment_code_MEMORY_py_18_csv	LARGE_dtc_experiment_code_MEMORY_py_12_csv	0,73684
LARGE_dtc_experiment_code_CONTROL_py_13_csv	LARGE_dtc_experiment_code_MEMORY_py_18_csv	0,73684
LARGE_dtc_experiment_code_CONTROL_py_15_csv	LARGE_dtc_experiment_code_MEMORY_py_18_csv	0,73684
LARGE_dtc_experiment_code_MEMORY_py_10_csv	LARGE_dtc_experiment_code_MEMORY_py_11_csv	0,73718
LARGE_dtc_experiment_code_MEMORY_py_11_csv	LARGE_dtc_experiment_code_MEMORY_py_12_csv	0,73718
LARGE_dtc_experiment_code_MEMORY_py_14_csv	LARGE_dtc_experiment_code_CONTROL_py_13_csv	0,73718
LARGE_dtc_experiment_code_CONTROL_py_16_csv	LARGE_dtc_experiment_code_CONTROL_py_10_csv	0,73750
LARGE_dtc_experiment_code_MEMORY_py_12_csv	LARGE_dtc_experiment_code_CONTROL_py_12_csv	0,73826
LARGE_dtc_experiment_code_MEMORY_py_13_csv	LARGE_dtc_experiment_code_MEMORY_py_15_csv	0,73826
LARGE_dtc_experiment_code_MEMORY_py_15_csv	LARGE_dtc_experiment_code_MEMORY_py_12_csv	0,73826
LARGE_dtc_experiment_code_MEMORY_py_16_csv	LARGE_dtc_experiment_code_MEMORY_py_13_csv	0,73856
LARGE_dtc_experiment_code_MEMORY_py_16_csv	LARGE_dtc_experiment_code_MEMORY_py_15_csv	0,73856
LARGE_dtc_experiment_code_CONTROL_py_18_csv	LARGE_dtc_experiment_code_MEMORY_py_16_csv	0,73856
LARGE_dtc_experiment_code_MEMORY_py_10_csv	LARGE_dtc_experiment_code_CONTROL_py_13_csv	0,74026
LARGE_dtc_experiment_code_MEMORY_py_12_csv	LARGE_dtc_experiment_code_CONTROL_py_16_csv	0,74026
LARGE_dtc_experiment_code_MEMORY_py_15_csv	LARGE_dtc_experiment_code_CONTROL_py_16_csv	0,74026
LARGE_dtc_experiment_code_MEMORY_py_18_csv	LARGE_dtc_experiment_code_CONTROL_py_16_csv	0,74026
LARGE_dtc_experiment_code_CONTROL_py_12_csv	LARGE_dtc_experiment_code_CONTROL_py_16_csv	0,74026
LARGE_dtc_experiment_code_CONTROL_py_16_csv	LARGE_dtc_experiment_code_CONTROL_py_18_csv	0,74026
LARGE_dtc_experiment_code_CONTROL_py_17_csv	LARGE_dtc_experiment_code_CONTROL_py_16_csv	0,74026
LARGE_dtc_experiment_code_MEMORY_py_10_csv	LARGE_dtc_experiment_code_MEMORY_py_17_csv	0,74074
LARGE_dtc_experiment_code_MEMORY_py_13_csv	LARGE_dtc_experiment_code_MEMORY_py_17_csv	0,74074
LARGE_dtc_experiment_code_MEMORY_py_17_csv	LARGE_dtc_experiment_code_MEMORY_py_10_csv	0,74074
LARGE_dtc_experiment_code_MEMORY_py_17_csv	LARGE_dtc_experiment_code_CONTROL_py_10_csv	0,74074
LARGE_dtc_experiment_code_CONTROL_py_17_csv	LARGE_dtc_experiment_code_MEMORY_py_0_csv	0,74074
LARGE_dtc_experiment_code_CONTROL_py_18_csv	LARGE_dtc_experiment_code_MEMORY_py_0_csv	0,74074
LARGE_dtc_experiment_code_MEMORY_py_13_csv	LARGE_dtc_experiment_code_CONTROL_py_11_csv	0,74214
LARGE_dtc_experiment_code_CONTROL_py_15_csv	LARGE_dtc_experiment_code_CONTROL_py_17_csv	0,74324
LARGE_dtc_experiment_code_CONTROL_py_17_csv	LARGE_dtc_experiment_code_MEMORY_py_12_csv	0,74324
LARGE_dtc_experiment_code_MEMORY_py_15_csv	LARGE_dtc_experiment_code_MEMORY_py_18_csv	0,74342
LARGE_dtc_experiment_code_MEMORY_py_11_csv	LARGE_dtc_experiment_code_MEMORY_py_16_csv	0,74359
LARGE_dtc_experiment_code_MEMORY_py_11_csv	LARGE_dtc_experiment_code_CONTROL_py_16_csv	0,74359
LARGE_dtc_experiment_code_MEMORY_py_14_csv	LARGE_dtc_experiment_code_MEMORY_py_18_csv	0,74359
LARGE_dtc_experiment_code_MEMORY_py_14_csv	LARGE_dtc_experiment_code_CONTROL_py_14_csv	0,74359
LARGE_dtc_experiment_code_MEMORY_py_14_csv	LARGE_dtc_experiment_code_CONTROL_py_18_csv	0,74359
LARGE_dtc_experiment_code_MEMORY_py_15_csv	LARGE_dtc_experiment_code_CONTROL_py_10_csv	0,74375
LARGE_dtc_experiment_code_CONTROL_py_15_csv	LARGE_dtc_experiment_code_MEMORY_py_12_csv	0,74483
LARGE_dtc_experiment_code_CONTROL_py_18_csv	LARGE_dtc_experiment_code_MEMORY_py_15_csv	0,74497
LARGE_dtc_experiment_code_MEMORY_py_15_csv	LARGE_dtc_experiment_code_CONTROL_py_14_csv	0,74510
LARGE_dtc_experiment_code_MEMORY_py_16_csv	LARGE_dtc_experiment_code_CONTROL_py_18_csv	0,74510
LARGE_dtc_experiment_code_CONTROL_py_14_csv	LARGE_dtc_experiment_code_CONTROL_py_13_csv	0,74510
LARGE_dtc_experiment_code_MEMORY_py_13_csv	LARGE_dtc_experiment_code_MEMORY_py_10_csv	0,74675
LARGE_dtc_experiment_code_CONTROL_py_15_csv	LARGE_dtc_experiment_code_CONTROL_py_16_csv	0,74675
LARGE_dtc_experiment_code_CONTROL_py_16_csv	LARGE_dtc_experiment_code_MEMORY_py_12_csv	0,74675
LARGE_dtc_experiment_code_CONTROL_py_16_csv	LARGE_dtc_experiment_code_CONTROL_py_13_csv	0,74675
LARGE_dtc_experiment_code_CONTROL_py_16_csv	LARGE_dtc_experiment_code_CONTROL_py_14_csv	0,74675
LARGE_dtc_experiment_code_CONTROL_py_16_csv	LARGE_dtc_experiment_code_CONTROL_py_17_csv	0,74675
LARGE_dtc_experiment_code_MEMORY_py_10_csv	LARGE_dtc_experiment_code_MEMORY_py_0_csv	0,74691
LARGE_dtc_experiment_code_MEMORY_py_12_csv	LARGE_dtc_experiment_code_MEMORY_py_17_csv	0,74691
LARGE_dtc_experiment_code_MEMORY_py_16_csv	LARGE_dtc_experiment_code_MEMORY_py_0_csv	0,74691
LARGE_dtc_experiment_code_MEMORY_py_17_csv	LARGE_dtc_experiment_code_CONTROL_py_12_csv	0,74691
LARGE_dtc_experiment_code_CONTROL_py_13_csv	LARGE_dtc_experiment_code_MEMORY_py_0_csv	0,74691
LARGE_dtc_experiment_code_MEMORY_py_15_csv	LARGE_dtc_experiment_code_CONTROL_py_13_csv	0,74834
LARGE_dtc_experiment_code_CONTROL_py_11_csv	LARGE_dtc_experiment_code_CONTROL_py_12_csv	0,74843
LARGE_dtc_experiment_code_MEMORY_py_11_csv	LARGE_dtc_experiment_code_CONTROL_py_10_csv	0,75000
LARGE_dtc_experiment_code_MEMORY_py_12_csv	LARGE_dtc_experiment_code_MEMORY_py_14_csv	0,75000
LARGE_dtc_experiment_code_MEMORY_py_13_csv	LARGE_dtc_experiment_code_CONTROL_py_18_csv	0,75000
LARGE_dtc_experiment_code_MEMORY_py_14_csv	LARGE_dtc_experiment_code_MEMORY_py_13_csv	0,75000
LARGE_dtc_experiment_code_MEMORY_py_14_csv	LARGE_dtc_experiment_code_CONTROL_py_10_csv	0,75000
LARGE_dtc_experiment_code_MEMORY_py_16_csv	LARGE_dtc_experiment_code_MEMORY_py_14_csv	0,75000
LARGE_dtc_experiment_code_MEMORY_py_16_csv	LARGE_dtc_experiment_code_CONTROL_py_10_csv	0,75000
LARGE_dtc_experiment_code_MEMORY_py_18_csv	LARGE_dtc_experiment_code_MEMORY_py_13_csv	0,75000
LARGE_dtc_experiment_code_MEMORY_py_18_csv	LARGE_dtc_experiment_code_CONTROL_py_12_csv	0,75000
LARGE_dtc_experiment_code_MEMORY_py_18_csv	LARGE_dtc_experiment_code_CONTROL_py_13_csv	0,75000
LARGE_dtc_experiment_code_MEMORY_py_18_csv	LARGE_dtc_experiment_code_CONTROL_py_15_csv	0,75000
LARGE_dtc_experiment_code_CONTROL_py_17_csv	LARGE_dtc_experiment_code_MEMORY_py_14_csv	0,75000
LARGE_dtc_experiment_code_MEMORY_py_11_csv	LARGE_dtc_experiment_code_CONTROL_py_0_csv	0,75135
LARGE_dtc_experiment_code_MEMORY_py_14_csv	LARGE_dtc_experiment_code_CONTROL_py_0_csv	0,75135
LARGE_dtc_experiment_code_MEMORY_py_13_csv	LARGE_dtc_experiment_code_MEMORY_py_16_csv	0,75163
LARGE_dtc_experiment_code_MEMORY_py_15_csv	LARGE_dtc_experiment_code_MEMORY_py_16_csv	0,75163
LARGE_dtc_experiment_code_MEMORY_py_16_csv	LARGE_dtc_experiment_code_CONTROL_py_13_csv	0,75163
LARGE_dtc_experiment_code_CONTROL_py_15_csv	LARGE_dtc_experiment_code_CONTROL_py_14_csv	0,75163
LARGE_dtc_experiment_code_CONTROL_py_12_csv	LARGE_dtc_experiment_code_MEMORY_py_13_csv	0,75168
LARGE_dtc_experiment_code_CONTROL_py_15_csv	LARGE_dtc_experiment_code_CONTROL_py_18_csv	0,75172
LARGE_dtc_experiment_code_MEMORY_py_13_csv	LARGE_dtc_experiment_code_MEMORY_py_0_csv	0,75309
LARGE_dtc_experiment_code_MEMORY_py_17_csv	LARGE_dtc_experiment_code_MEMORY_py_12_csv	0,75309
LARGE_dtc_experiment_code_MEMORY_py_17_csv	LARGE_dtc_experiment_code_CONTROL_py_18_csv	0,75309
LARGE_dtc_experiment_code_MEMORY_py_18_csv	LARGE_dtc_experiment_code_MEMORY_py_17_csv	0,75309
LARGE_dtc_experiment_code_CONTROL_py_13_csv	LARGE_dtc_experiment_code_MEMORY_py_17_csv	0,75309
LARGE_dtc_experiment_code_CONTROL_py_15_csv	LARGE_dtc_experiment_code_MEMORY_py_17_csv	0,75309
LARGE_dtc_experiment_code_CONTROL_py_16_csv	LARGE_dtc_experiment_code_MEMORY_py_0_csv	0,75309
LARGE_dtc_experiment_code_MEMORY_py_10_csv	LARGE_dtc_experiment_code_MEMORY_py_12_csv	0,75325
LARGE_dtc_experiment_code_MEMORY_py_10_csv	LARGE_dtc_experiment_code_CONTROL_py_18_csv	0,75325
LARGE_dtc_experiment_code_MEMORY_py_18_csv	LARGE_dtc_experiment_code_MEMORY_py_10_csv	0,75325
LARGE_dtc_experiment_code_CONTROL_py_12_csv	LARGE_dtc_experiment_code_MEMORY_py_10_csv	0,75325
LARGE_dtc_experiment_code_CONTROL_py_14_csv	LARGE_dtc_experiment_code_MEMORY_py_10_csv	0,75325
LARGE_dtc_experiment_code_CONTROL_py_15_csv	LARGE_dtc_experiment_code_MEMORY_py_10_csv	0,75325
LARGE_dtc_experiment_code_CONTROL_py_16_csv	LARGE_dtc_experiment_code_MEMORY_py_13_csv	0,75325
LARGE_dtc_experiment_code_CONTROL_py_16_csv	LARGE_dtc_experiment_code_MEMORY_py_18_csv	0,75325
LARGE_dtc_experiment_code_MEMORY_py_15_csv	LARGE_dtc_experiment_code_CONTROL_py_11_csv	0,75472
LARGE_dtc_experiment_code_CONTROL_py_12_csv	LARGE_dtc_experiment_code_CONTROL_py_11_csv	0,75472
LARGE_dtc_experiment_code_CONTROL_py_15_csv	LARGE_dtc_experiment_code_CONTROL_py_11_csv	0,75472
LARGE_dtc_experiment_code_CONTROL_py_17_csv	LARGE_dtc_experiment_code_CONTROL_py_13_csv	0,75497
LARGE_dtc_experiment_code_CONTROL_py_18_csv	LARGE_dtc_experiment_code_CONTROL_py_13_csv	0,75497
LARGE_dtc_experiment_code_MEMORY_py_18_csv	LARGE_dtc_experiment_code_CONTROL_py_10_csv	0,75625
LARGE_dtc_experiment_code_CONTROL_py_12_csv	LARGE_dtc_experiment_code_CONTROL_py_10_csv	0,75625
LARGE_dtc_experiment_code_CONTROL_py_18_csv	LARGE_dtc_experiment_code_CONTROL_py_10_csv	0,75625
LARGE_dtc_experiment_code_MEMORY_py_11_csv	LARGE_dtc_experiment_code_MEMORY_py_13_csv	0,75641
LARGE_dtc_experiment_code_MEMORY_py_11_csv	LARGE_dtc_experiment_code_MEMORY_py_14_csv	0,75641
LARGE_dtc_experiment_code_MEMORY_py_11_csv	LARGE_dtc_experiment_code_CONTROL_py_12_csv	0,75641
LARGE_dtc_experiment_code_MEMORY_py_13_csv	LARGE_dtc_experiment_code_MEMORY_py_14_csv	0,75641
LARGE_dtc_experiment_code_MEMORY_py_14_csv	LARGE_dtc_experiment_code_MEMORY_py_12_csv	0,75641
LARGE_dtc_experiment_code_CONTROL_py_18_csv	LARGE_dtc_experiment_code_MEMORY_py_14_csv	0,75641
LARGE_dtc_experiment_code_MEMORY_py_18_csv	LARGE_dtc_experiment_code_CONTROL_py_17_csv	0,75658
LARGE_dtc_experiment_code_CONTROL_py_18_csv	LARGE_dtc_experiment_code_MEMORY_py_18_csv	0,75658
LARGE_dtc_experiment_code_CONTROL_py_14_csv	LARGE_dtc_experiment_code_MEMORY_py_13_csv	0,75817
LARGE_dtc_experiment_code_CONTROL_py_18_csv	LARGE_dtc_experiment_code_CONTROL_py_14_csv	0,75817
LARGE_dtc_experiment_code_CONTROL_py_15_csv	LARGE_dtc_experiment_code_CONTROL_py_12_csv	0,75839
LARGE_dtc_experiment_code_CONTROL_py_17_csv	LARGE_dtc_experiment_code_CONTROL_py_12_csv	0,75839
LARGE_dtc_experiment_code_MEMORY_py_12_csv	LARGE_dtc_experiment_code_CONTROL_py_15_csv	0,75862
LARGE_dtc_experiment_code_MEMORY_py_0_csv	LARGE_dtc_experiment_code_MEMORY_py_10_csv	0,75926
LARGE_dtc_experiment_code_MEMORY_py_0_csv	LARGE_dtc_experiment_code_CONTROL_py_10_csv	0,75926
LARGE_dtc_experiment_code_MEMORY_py_0_csv	LARGE_dtc_experiment_code_CONTROL_py_11_csv	0,75926
LARGE_dtc_experiment_code_MEMORY_py_0_csv	LARGE_dtc_experiment_code_CONTROL_py_17_csv	0,75926
LARGE_dtc_experiment_code_MEMORY_py_17_csv	LARGE_dtc_experiment_code_CONTROL_py_11_csv	0,75926
LARGE_dtc_experiment_code_MEMORY_py_17_csv	LARGE_dtc_experiment_code_CONTROL_py_17_csv	0,75926
LARGE_dtc_experiment_code_CONTROL_py_11_csv	LARGE_dtc_experiment_code_MEMORY_py_0_csv	0,75926
LARGE_dtc_experiment_code_CONTROL_py_18_csv	LARGE_dtc_experiment_code_MEMORY_py_17_csv	0,75926
LARGE_dtc_experiment_code_CONTROL_py_13_csv	LARGE_dtc_experiment_code_CONTROL_py_16_csv	0,75974
LARGE_dtc_experiment_code_CONTROL_py_16_csv	LARGE_dtc_experiment_code_CONTROL_py_12_csv	0,75974
LARGE_dtc_experiment_code_MEMORY_py_12_csv	LARGE_dtc_experiment_code_CONTROL_py_11_csv	0,76101
LARGE_dtc_experiment_code_MEMORY_py_16_csv	LARGE_dtc_experiment_code_CONTROL_py_11_csv	0,76101
LARGE_dtc_experiment_code_CONTROL_py_11_csv	LARGE_dtc_experiment_code_MEMORY_py_18_csv	0,76101
LARGE_dtc_experiment_code_CONTROL_py_13_csv	LARGE_dtc_experiment_code_CONTROL_py_12_csv	0,76159
LARGE_dtc_experiment_code_CONTROL_py_13_csv	LARGE_dtc_experiment_code_CONTROL_py_17_csv	0,76159
LARGE_dtc_experiment_code_CONTROL_py_16_csv	LARGE_dtc_experiment_code_CONTROL_py_0_csv	0,76216
LARGE_dtc_experiment_code_CONTROL_py_10_csv	LARGE_dtc_experiment_code_MEMORY_py_10_csv	0,76250
LARGE_dtc_experiment_code_CONTROL_py_10_csv	LARGE_dtc_experiment_code_CONTROL_py_11_csv	0,76250
LARGE_dtc_experiment_code_CONTROL_py_14_csv	LARGE_dtc_experiment_code_CONTROL_py_10_csv	0,76250
LARGE_dtc_experiment_code_MEMORY_py_10_csv	LARGE_dtc_experiment_code_MEMORY_py_14_csv	0,76282
LARGE_dtc_experiment_code_MEMORY_py_16_csv	LARGE_dtc_experiment_code_MEMORY_py_11_csv	0,76282
LARGE_dtc_experiment_code_CONTROL_py_15_csv	LARGE_dtc_experiment_code_MEMORY_py_11_csv	0,76282
LARGE_dtc_experiment_code_CONTROL_py_16_csv	LARGE_dtc_experiment_code_MEMORY_py_11_csv	0,76282
LARGE_dtc_experiment_code_CONTROL_py_12_csv	LARGE_dtc_experiment_code_MEMORY_py_18_csv	0,76316
LARGE_dtc_experiment_code_MEMORY_py_13_csv	LARGE_dtc_experiment_code_MEMORY_py_12_csv	0,76351
LARGE_dtc_experiment_code_CONTROL_py_17_csv	LARGE_dtc_experiment_code_CONTROL_py_15_csv	0,76351
LARGE_dtc_experiment_code_CONTROL_py_17_csv	LARGE_dtc_experiment_code_CONTROL_py_18_csv	0,76351
LARGE_dtc_experiment_code_CONTROL_py_18_csv	LARGE_dtc_experiment_code_CONTROL_py_17_csv	0,76351
LARGE_dtc_experiment_code_MEMORY_py_16_csv	LARGE_dtc_experiment_code_MEMORY_py_12_csv	0,76471
LARGE_dtc_experiment_code_MEMORY_py_16_csv	LARGE_dtc_experiment_code_MEMORY_py_18_csv	0,76471
LARGE_dtc_experiment_code_MEMORY_py_16_csv	LARGE_dtc_experiment_code_CONTROL_py_14_csv	0,76471
LARGE_dtc_experiment_code_MEMORY_py_16_csv	LARGE_dtc_experiment_code_CONTROL_py_17_csv	0,76471
LARGE_dtc_experiment_code_CONTROL_py_12_csv	LARGE_dtc_experiment_code_MEMORY_py_16_csv	0,76471
LARGE_dtc_experiment_code_CONTROL_py_13_csv	LARGE_dtc_experiment_code_CONTROL_py_14_csv	0,76471
LARGE_dtc_experiment_code_CONTROL_py_14_csv	LARGE_dtc_experiment_code_MEMORY_py_18_csv	0,76471
LARGE_dtc_experiment_code_CONTROL_py_12_csv	LARGE_dtc_experiment_code_MEMORY_py_12_csv	0,76510
LARGE_dtc_experiment_code_CONTROL_py_12_csv	LARGE_dtc_experiment_code_CONTROL_py_18_csv	0,76510
LARGE_dtc_experiment_code_CONTROL_py_17_csv	LARGE_dtc_experiment_code_MEMORY_py_15_csv	0,76510
LARGE_dtc_experiment_code_MEMORY_py_0_csv	LARGE_dtc_experiment_code_MEMORY_py_13_csv	0,76543
LARGE_dtc_experiment_code_MEMORY_py_0_csv	LARGE_dtc_experiment_code_CONTROL_py_16_csv	0,76543
LARGE_dtc_experiment_code_MEMORY_py_14_csv	LARGE_dtc_experiment_code_MEMORY_py_0_csv	0,76543
LARGE_dtc_experiment_code_MEMORY_py_15_csv	LARGE_dtc_experiment_code_MEMORY_py_17_csv	0,76543
LARGE_dtc_experiment_code_MEMORY_py_17_csv	LARGE_dtc_experiment_code_MEMORY_py_15_csv	0,76543
LARGE_dtc_experiment_code_MEMORY_py_17_csv	LARGE_dtc_experiment_code_CONTROL_py_13_csv	0,76543
LARGE_dtc_experiment_code_MEMORY_py_17_csv	LARGE_dtc_experiment_code_CONTROL_py_14_csv	0,76543
LARGE_dtc_experiment_code_CONTROL_py_12_csv	LARGE_dtc_experiment_code_MEMORY_py_0_csv	0,76543
LARGE_dtc_experiment_code_CONTROL_py_17_csv	LARGE_dtc_experiment_code_MEMORY_py_17_csv	0,76543
LARGE_dtc_experiment_code_MEMORY_py_10_csv	LARGE_dtc_experiment_code_CONTROL_py_17_csv	0,76623
LARGE_dtc_experiment_code_CONTROL_py_16_csv	LARGE_dtc_experiment_code_MEMORY_py_16_csv	0,76623
LARGE_dtc_experiment_code_CONTROL_py_16_csv	LARGE_dtc_experiment_code_CONTROL_py_15_csv	0,76623
LARGE_dtc_experiment_code_CONTROL_py_11_csv	LARGE_dtc_experiment_code_MEMORY_py_16_csv	0,76730
LARGE_dtc_experiment_code_CONTROL_py_14_csv	LARGE_dtc_experiment_code_CONTROL_py_11_csv	0,76730
LARGE_dtc_experiment_code_CONTROL_py_16_csv	LARGE_dtc_experiment_code_CONTROL_py_11_csv	0,76730
LARGE_dtc_experiment_code_MEMORY_py_12_csv	LARGE_dtc_experiment_code_CONTROL_py_0_csv	0,76757
LARGE_dtc_experiment_code_MEMORY_py_18_csv	LARGE_dtc_experiment_code_CONTROL_py_0_csv	0,76757
LARGE_dtc_experiment_code_CONTROL_py_0_csv	LARGE_dtc_experiment_code_MEMORY_py_18_csv	0,76757
LARGE_dtc_experiment_code_CONTROL_py_15_csv	LARGE_dtc_experiment_code_CONTROL_py_13_csv	0,76821
LARGE_dtc_experiment_code_CONTROL_py_10_csv	LARGE_dtc_experiment_code_MEMORY_py_18_csv	0,76875
LARGE_dtc_experiment_code_CONTROL_py_10_csv	LARGE_dtc_experiment_code_CONTROL_py_14_csv	0,76875
LARGE_dtc_experiment_code_CONTROL_py_15_csv	LARGE_dtc_experiment_code_CONTROL_py_10_csv	0,76875
LARGE_dtc_experiment_code_CONTROL_py_17_csv	LARGE_dtc_experiment_code_CONTROL_py_10_csv	0,76875
LARGE_dtc_experiment_code_MEMORY_py_11_csv	LARGE_dtc_experiment_code_MEMORY_py_18_csv	0,76923
LARGE_dtc_experiment_code_MEMORY_py_11_csv	LARGE_dtc_experiment_code_CONTROL_py_13_csv	0,76923
LARGE_dtc_experiment_code_MEMORY_py_11_csv	LARGE_dtc_experiment_code_CONTROL_py_15_csv	0,76923
LARGE_dtc_experiment_code_MEMORY_py_12_csv	LARGE_dtc_experiment_code_MEMORY_py_11_csv	0,76923
LARGE_dtc_experiment_code_MEMORY_py_14_csv	LARGE_dtc_experiment_code_CONTROL_py_12_csv	0,76923
LARGE_dtc_experiment_code_CONTROL_py_13_csv	LARGE_dtc_experiment_code_MEMORY_py_14_csv	0,76923
LARGE_dtc_experiment_code_MEMORY_py_13_csv	LARGE_dtc_experiment_code_CONTROL_py_15_csv	0,77027
LARGE_dtc_experiment_code_CONTROL_py_18_csv	LARGE_dtc_experiment_code_MEMORY_py_13_csv	0,77027
LARGE_dtc_experiment_code_MEMORY_py_12_csv	LARGE_dtc_experiment_code_MEMORY_py_16_csv	0,77124
LARGE_dtc_experiment_code_CONTROL_py_13_csv	LARGE_dtc_experiment_code_MEMORY_py_16_csv	0,77124
LARGE_dtc_experiment_code_CONTROL_py_17_csv	LARGE_dtc_experiment_code_CONTROL_py_14_csv	0,77124
LARGE_dtc_experiment_code_MEMORY_py_0_csv	LARGE_dtc_experiment_code_MEMORY_py_15_csv	0,77160
LARGE_dtc_experiment_code_MEMORY_py_0_csv	LARGE_dtc_experiment_code_MEMORY_py_17_csv	0,77160
LARGE_dtc_experiment_code_MEMORY_py_0_csv	LARGE_dtc_experiment_code_MEMORY_py_18_csv	0,77160
LARGE_dtc_experiment_code_MEMORY_py_0_csv	LARGE_dtc_experiment_code_CONTROL_py_12_csv	0,77160
LARGE_dtc_experiment_code_MEMORY_py_0_csv	LARGE_dtc_experiment_code_CONTROL_py_13_csv	0,77160
LARGE_dtc_experiment_code_MEMORY_py_11_csv	LARGE_dtc_experiment_code_MEMORY_py_17_csv	0,77160
LARGE_dtc_experiment_code_MEMORY_py_12_csv	LARGE_dtc_experiment_code_MEMORY_py_0_csv	0,77160
LARGE_dtc_experiment_code_MEMORY_py_17_csv	LARGE_dtc_experiment_code_MEMORY_py_16_csv	0,77160
LARGE_dtc_experiment_code_MEMORY_py_18_csv	LARGE_dtc_experiment_code_MEMORY_py_0_csv	0,77160
LARGE_dtc_experiment_code_CONTROL_py_11_csv	LARGE_dtc_experiment_code_MEMORY_py_17_csv	0,77160
LARGE_dtc_experiment_code_MEMORY_py_15_csv	LARGE_dtc_experiment_code_CONTROL_py_18_csv	0,77181
LARGE_dtc_experiment_code_CONTROL_py_18_csv	LARGE_dtc_experiment_code_CONTROL_py_15_csv	0,77241
LARGE_dtc_experiment_code_MEMORY_py_10_csv	LARGE_dtc_experiment_code_MEMORY_py_18_csv	0,77273
LARGE_dtc_experiment_code_CONTROL_py_14_csv	LARGE_dtc_experiment_code_CONTROL_py_16_csv	0,77273
LARGE_dtc_experiment_code_CONTROL_py_17_csv	LARGE_dtc_experiment_code_MEMORY_py_10_csv	0,77273
LARGE_dtc_experiment_code_MEMORY_py_16_csv	LARGE_dtc_experiment_code_CONTROL_py_0_csv	0,77297
LARGE_dtc_experiment_code_CONTROL_py_17_csv	LARGE_dtc_experiment_code_CONTROL_py_0_csv	0,77297
LARGE_dtc_experiment_code_MEMORY_py_11_csv	LARGE_dtc_experiment_code_CONTROL_py_11_csv	0,77358
LARGE_dtc_experiment_code_MEMORY_py_18_csv	LARGE_dtc_experiment_code_CONTROL_py_11_csv	0,77358
LARGE_dtc_experiment_code_CONTROL_py_11_csv	LARGE_dtc_experiment_code_MEMORY_py_13_csv	0,77358
LARGE_dtc_experiment_code_CONTROL_py_11_csv	LARGE_dtc_experiment_code_CONTROL_py_14_csv	0,77358
LARGE_dtc_experiment_code_MEMORY_py_10_csv	LARGE_dtc_experiment_code_CONTROL_py_10_csv	0,77500
LARGE_dtc_experiment_code_CONTROL_py_10_csv	LARGE_dtc_experiment_code_MEMORY_py_13_csv	0,77500
LARGE_dtc_experiment_code_CONTROL_py_10_csv	LARGE_dtc_experiment_code_MEMORY_py_16_csv	0,77500
LARGE_dtc_experiment_code_MEMORY_py_11_csv	LARGE_dtc_experiment_code_MEMORY_py_15_csv	0,77564
LARGE_dtc_experiment_code_MEMORY_py_11_csv	LARGE_dtc_experiment_code_CONTROL_py_17_csv	0,77564
LARGE_dtc_experiment_code_MEMORY_py_13_csv	LARGE_dtc_experiment_code_MEMORY_py_11_csv	0,77564
LARGE_dtc_experiment_code_MEMORY_py_14_csv	LARGE_dtc_experiment_code_MEMORY_py_11_csv	0,77564
LARGE_dtc_experiment_code_MEMORY_py_14_csv	LARGE_dtc_experiment_code_MEMORY_py_15_csv	0,77564
LARGE_dtc_experiment_code_MEMORY_py_14_csv	LARGE_dtc_experiment_code_CONTROL_py_17_csv	0,77564
LARGE_dtc_experiment_code_MEMORY_py_15_csv	LARGE_dtc_experiment_code_MEMORY_py_14_csv	0,77564
LARGE_dtc_experiment_code_MEMORY_py_18_csv	LARGE_dtc_experiment_code_MEMORY_py_14_csv	0,77564
LARGE_dtc_experiment_code_MEMORY_py_18_csv	LARGE_dtc_experiment_code_CONTROL_py_18_csv	0,77632
LARGE_dtc_experiment_code_MEMORY_py_0_csv	LARGE_dtc_experiment_code_MEMORY_py_16_csv	0,77778
LARGE_dtc_experiment_code_MEMORY_py_0_csv	LARGE_dtc_experiment_code_CONTROL_py_14_csv	0,77778
LARGE_dtc_experiment_code_MEMORY_py_16_csv	LARGE_dtc_experiment_code_MEMORY_py_17_csv	0,77778
LARGE_dtc_experiment_code_CONTROL_py_12_csv	LARGE_dtc_experiment_code_MEMORY_py_17_csv	0,77778
LARGE_dtc_experiment_code_CONTROL_py_14_csv	LARGE_dtc_experiment_code_MEMORY_py_0_csv	0,77778
LARGE_dtc_experiment_code_CONTROL_py_14_csv	LARGE_dtc_experiment_code_MEMORY_py_16_csv	0,77778
LARGE_dtc_experiment_code_CONTROL_py_15_csv	LARGE_dtc_experiment_code_MEMORY_py_16_csv	0,77778
LARGE_dtc_experiment_code_CONTROL_py_17_csv	LARGE_dtc_experiment_code_MEMORY_py_16_csv	0,77778
LARGE_dtc_experiment_code_MEMORY_py_0_csv	LARGE_dtc_experiment_code_CONTROL_py_0_csv	0,77838
LARGE_dtc_experiment_code_CONTROL_py_0_csv	LARGE_dtc_experiment_code_CONTROL_py_16_csv	0,77838
LARGE_dtc_experiment_code_CONTROL_py_12_csv	LARGE_dtc_experiment_code_CONTROL_py_0_csv	0,77838
LARGE_dtc_experiment_code_CONTROL_py_15_csv	LARGE_dtc_experiment_code_CONTROL_py_0_csv	0,77838
LARGE_dtc_experiment_code_CONTROL_py_18_csv	LARGE_dtc_experiment_code_CONTROL_py_0_csv	0,77838
LARGE_dtc_experiment_code_CONTROL_py_12_csv	LARGE_dtc_experiment_code_CONTROL_py_17_csv	0,77852
LARGE_dtc_experiment_code_CONTROL_py_18_csv	LARGE_dtc_experiment_code_CONTROL_py_12_csv	0,77852
LARGE_dtc_experiment_code_CONTROL_py_11_csv	LARGE_dtc_experiment_code_MEMORY_py_12_csv	0,77987
LARGE_dtc_experiment_code_CONTROL_py_11_csv	LARGE_dtc_experiment_code_CONTROL_py_13_csv	0,77987
LARGE_dtc_experiment_code_CONTROL_py_13_csv	LARGE_dtc_experiment_code_CONTROL_py_11_csv	0,77987
LARGE_dtc_experiment_code_CONTROL_py_17_csv	LARGE_dtc_experiment_code_CONTROL_py_11_csv	0,77987
LARGE_dtc_experiment_code_CONTROL_py_10_csv	LARGE_dtc_experiment_code_MEMORY_py_12_csv	0,78125
LARGE_dtc_experiment_code_CONTROL_py_10_csv	LARGE_dtc_experiment_code_CONTROL_py_12_csv	0,78125
LARGE_dtc_experiment_code_CONTROL_py_13_csv	LARGE_dtc_experiment_code_CONTROL_py_10_csv	0,78125
LARGE_dtc_experiment_code_MEMORY_py_13_csv	LARGE_dtc_experiment_code_CONTROL_py_13_csv	0,78146
LARGE_dtc_experiment_code_CONTROL_py_12_csv	LARGE_dtc_experiment_code_CONTROL_py_13_csv	0,78146
LARGE_dtc_experiment_code_CONTROL_py_13_csv	LARGE_dtc_experiment_code_MEMORY_py_15_csv	0,78146
LARGE_dtc_experiment_code_CONTROL_py_13_csv	LARGE_dtc_experiment_code_CONTROL_py_15_csv	0,78146
LARGE_dtc_experiment_code_MEMORY_py_11_csv	LARGE_dtc_experiment_code_CONTROL_py_14_csv	0,78205
LARGE_dtc_experiment_code_CONTROL_py_14_csv	LARGE_dtc_experiment_code_MEMORY_py_14_csv	0,78205
LARGE_dtc_experiment_code_CONTROL_py_16_csv	LARGE_dtc_experiment_code_MEMORY_py_14_csv	0,78205
LARGE_dtc_experiment_code_MEMORY_py_13_csv	LARGE_dtc_experiment_code_CONTROL_py_0_csv	0,78378
LARGE_dtc_experiment_code_MEMORY_py_15_csv	LARGE_dtc_experiment_code_CONTROL_py_0_csv	0,78378
LARGE_dtc_experiment_code_MEMORY_py_17_csv	LARGE_dtc_experiment_code_CONTROL_py_0_csv	0,78378
LARGE_dtc_experiment_code_CONTROL_py_0_csv	LARGE_dtc_experiment_code_MEMORY_py_14_csv	0,78378
LARGE_dtc_experiment_code_CONTROL_py_11_csv	LARGE_dtc_experiment_code_CONTROL_py_0_csv	0,78378
LARGE_dtc_experiment_code_MEMORY_py_0_csv	LARGE_dtc_experiment_code_MEMORY_py_14_csv	0,78395
LARGE_dtc_experiment_code_MEMORY_py_11_csv	LARGE_dtc_experiment_code_MEMORY_py_0_csv	0,78395
LARGE_dtc_experiment_code_CONTROL_py_10_csv	LARGE_dtc_experiment_code_MEMORY_py_0_csv	0,78395
LARGE_dtc_experiment_code_CONTROL_py_14_csv	LARGE_dtc_experiment_code_MEMORY_py_17_csv	0,78395
LARGE_dtc_experiment_code_MEMORY_py_16_csv	LARGE_dtc_experiment_code_CONTROL_py_15_csv	0,78431
LARGE_dtc_experiment_code_MEMORY_py_18_csv	LARGE_dtc_experiment_code_CONTROL_py_14_csv	0,78431
LARGE_dtc_experiment_code_CONTROL_py_14_csv	LARGE_dtc_experiment_code_CONTROL_py_12_csv	0,78431
LARGE_dtc_experiment_code_CONTROL_py_14_csv	LARGE_dtc_experiment_code_CONTROL_py_17_csv	0,78431
LARGE_dtc_experiment_code_MEMORY_py_15_csv	LARGE_dtc_experiment_code_CONTROL_py_17_csv	0,78523
LARGE_dtc_experiment_code_MEMORY_py_10_csv	LARGE_dtc_experiment_code_CONTROL_py_12_csv	0,78571
LARGE_dtc_experiment_code_MEMORY_py_10_csv	LARGE_dtc_experiment_code_CONTROL_py_14_csv	0,78571
LARGE_dtc_experiment_code_CONTROL_py_11_csv	LARGE_dtc_experiment_code_MEMORY_py_10_csv	0,78616
LARGE_dtc_experiment_code_CONTROL_py_11_csv	LARGE_dtc_experiment_code_MEMORY_py_15_csv	0,78616
LARGE_dtc_experiment_code_CONTROL_py_18_csv	LARGE_dtc_experiment_code_CONTROL_py_11_csv	0,78616
LARGE_dtc_experiment_code_CONTROL_py_10_csv	LARGE_dtc_experiment_code_CONTROL_py_13_csv	0,78750
LARGE_dtc_experiment_code_CONTROL_py_10_csv	LARGE_dtc_experiment_code_CONTROL_py_16_csv	0,78750
LARGE_dtc_experiment_code_MEMORY_py_15_csv	LARGE_dtc_experiment_code_MEMORY_py_11_csv	0,78846
LARGE_dtc_experiment_code_CONTROL_py_12_csv	LARGE_dtc_experiment_code_MEMORY_py_14_csv	0,78846
LARGE_dtc_experiment_code_CONTROL_py_0_csv	LARGE_dtc_experiment_code_CONTROL_py_10_csv	0,78919
LARGE_dtc_experiment_code_CONTROL_py_0_csv	LARGE_dtc_experiment_code_CONTROL_py_18_csv	0,78919
LARGE_dtc_experiment_code_MEMORY_py_15_csv	LARGE_dtc_experiment_code_MEMORY_py_0_csv	0,79012
LARGE_dtc_experiment_code_MEMORY_py_12_csv	LARGE_dtc_experiment_code_CONTROL_py_14_csv	0,79085
LARGE_dtc_experiment_code_CONTROL_py_14_csv	LARGE_dtc_experiment_code_MEMORY_py_15_csv	0,79085
LARGE_dtc_experiment_code_CONTROL_py_14_csv	LARGE_dtc_experiment_code_CONTROL_py_18_csv	0,79085
LARGE_dtc_experiment_code_CONTROL_py_11_csv	LARGE_dtc_experiment_code_CONTROL_py_17_csv	0,79245
LARGE_dtc_experiment_code_MEMORY_py_12_csv	LARGE_dtc_experiment_code_CONTROL_py_18_csv	0,79310
LARGE_dtc_experiment_code_CONTROL_py_10_csv	LARGE_dtc_experiment_code_MEMORY_py_11_csv	0,79375
LARGE_dtc_experiment_code_CONTROL_py_10_csv	LARGE_dtc_experiment_code_MEMORY_py_15_csv	0,79375
LARGE_dtc_experiment_code_CONTROL_py_0_csv	LARGE_dtc_experiment_code_MEMORY_py_0_csv	0,79459
LARGE_dtc_experiment_code_CONTROL_py_13_csv	LARGE_dtc_experiment_code_CONTROL_py_18_csv	0,79470
LARGE_dtc_experiment_code_MEMORY_py_18_csv	LARGE_dtc_experiment_code_MEMORY_py_11_csv	0,79487
LARGE_dtc_experiment_code_CONTROL_py_17_csv	LARGE_dtc_experiment_code_MEMORY_py_11_csv	0,79487
LARGE_dtc_experiment_code_MEMORY_py_0_csv	LARGE_dtc_experiment_code_MEMORY_py_12_csv	0,79630
LARGE_dtc_experiment_code_MEMORY_py_17_csv	LARGE_dtc_experiment_code_MEMORY_py_11_csv	0,79630
LARGE_dtc_experiment_code_CONTROL_py_15_csv	LARGE_dtc_experiment_code_MEMORY_py_0_csv	0,79630
LARGE_dtc_experiment_code_MEMORY_py_10_csv	LARGE_dtc_experiment_code_MEMORY_py_13_csv	0,79870
LARGE_dtc_experiment_code_MEMORY_py_10_csv	LARGE_dtc_experiment_code_CONTROL_py_15_csv	0,79870
LARGE_dtc_experiment_code_CONTROL_py_11_csv	LARGE_dtc_experiment_code_CONTROL_py_15_csv	0,79874
LARGE_dtc_experiment_code_CONTROL_py_11_csv	LARGE_dtc_experiment_code_CONTROL_py_16_csv	0,79874
LARGE_dtc_experiment_code_MEMORY_py_10_csv	LARGE_dtc_experiment_code_CONTROL_py_0_csv	0,80000
LARGE_dtc_experiment_code_CONTROL_py_0_csv	LARGE_dtc_experiment_code_MEMORY_py_13_csv	0,80000
LARGE_dtc_experiment_code_CONTROL_py_10_csv	LARGE_dtc_experiment_code_MEMORY_py_14_csv	0,80000
LARGE_dtc_experiment_code_CONTROL_py_10_csv	LARGE_dtc_experiment_code_CONTROL_py_0_csv	0,80000
LARGE_dtc_experiment_code_CONTROL_py_14_csv	LARGE_dtc_experiment_code_CONTROL_py_0_csv	0,80000
LARGE_dtc_experiment_code_CONTROL_py_18_csv	LARGE_dtc_experiment_code_MEMORY_py_12_csv	0,80000
LARGE_dtc_experiment_code_CONTROL_py_13_csv	LARGE_dtc_experiment_code_MEMORY_py_13_csv	0,80132
LARGE_dtc_experiment_code_MEMORY_py_17_csv	LARGE_dtc_experiment_code_CONTROL_py_15_csv	0,80247
LARGE_dtc_experiment_code_CONTROL_py_10_csv	LARGE_dtc_experiment_code_MEMORY_py_17_csv	0,80247
LARGE_dtc_experiment_code_MEMORY_py_18_csv	LARGE_dtc_experiment_code_MEMORY_py_15_csv	0,80263
LARGE_dtc_experiment_code_MEMORY_py_10_csv	LARGE_dtc_experiment_code_CONTROL_py_11_csv	0,80503
LARGE_dtc_experiment_code_CONTROL_py_11_csv	LARGE_dtc_experiment_code_MEMORY_py_11_csv	0,80503
LARGE_dtc_experiment_code_CONTROL_py_12_csv	LARGE_dtc_experiment_code_CONTROL_py_15_csv	0,80537
LARGE_dtc_experiment_code_CONTROL_py_0_csv	LARGE_dtc_experiment_code_MEMORY_py_15_csv	0,80541
LARGE_dtc_experiment_code_CONTROL_py_0_csv	LARGE_dtc_experiment_code_MEMORY_py_16_csv	0,80541
LARGE_dtc_experiment_code_CONTROL_py_0_csv	LARGE_dtc_experiment_code_MEMORY_py_17_csv	0,80541
LARGE_dtc_experiment_code_CONTROL_py_0_csv	LARGE_dtc_experiment_code_CONTROL_py_15_csv	0,80541
LARGE_dtc_experiment_code_CONTROL_py_10_csv	LARGE_dtc_experiment_code_CONTROL_py_18_csv	0,80625
LARGE_dtc_experiment_code_CONTROL_py_14_csv	LARGE_dtc_experiment_code_MEMORY_py_11_csv	0,80769
LARGE_dtc_experiment_code_MEMORY_py_0_csv	LARGE_dtc_experiment_code_CONTROL_py_15_csv	0,80864
LARGE_dtc_experiment_code_CONTROL_py_14_csv	LARGE_dtc_experiment_code_CONTROL_py_15_csv	0,81046
LARGE_dtc_experiment_code_CONTROL_py_0_csv	LARGE_dtc_experiment_code_CONTROL_py_11_csv	0,81081
LARGE_dtc_experiment_code_CONTROL_py_0_csv	LARGE_dtc_experiment_code_CONTROL_py_13_csv	0,81081
LARGE_dtc_experiment_code_CONTROL_py_0_csv	LARGE_dtc_experiment_code_CONTROL_py_14_csv	0,81081
LARGE_dtc_experiment_code_CONTROL_py_11_csv	LARGE_dtc_experiment_code_CONTROL_py_18_csv	0,81132
LARGE_dtc_experiment_code_MEMORY_py_11_csv	LARGE_dtc_experiment_code_CONTROL_py_18_csv	0,81410
LARGE_dtc_experiment_code_CONTROL_py_12_csv	LARGE_dtc_experiment_code_MEMORY_py_11_csv	0,81410
LARGE_dtc_experiment_code_CONTROL_py_0_csv	LARGE_dtc_experiment_code_MEMORY_py_11_csv	0,81622
LARGE_dtc_experiment_code_CONTROL_py_0_csv	LARGE_dtc_experiment_code_CONTROL_py_12_csv	0,81622
LARGE_dtc_experiment_code_CONTROL_py_0_csv	LARGE_dtc_experiment_code_CONTROL_py_17_csv	0,81622
LARGE_dtc_experiment_code_CONTROL_py_13_csv	LARGE_dtc_experiment_code_CONTROL_py_0_csv	0,81622
LARGE_dtc_experiment_code_CONTROL_py_13_csv	LARGE_dtc_experiment_code_MEMORY_py_11_csv	0,82051
LARGE_dtc_experiment_code_CONTROL_py_18_csv	LARGE_dtc_experiment_code_MEMORY_py_11_csv	0,82051
LARGE_dtc_experiment_code_MEMORY_py_0_csv	LARGE_dtc_experiment_code_MEMORY_py_11_csv	0,82099
LARGE_dtc_experiment_code_CONTROL_py_0_csv	LARGE_dtc_experiment_code_MEMORY_py_10_csv	0,82162
LARGE_dtc_experiment_code_CONTROL_py_0_csv	LARGE_dtc_experiment_code_MEMORY_py_12_csv	0,82162
LARGE_dtc_experiment_code_CONTROL_py_10_csv	LARGE_dtc_experiment_code_CONTROL_py_15_csv	0,82500
LARGE_dtc_experiment_code_CONTROL_py_10_csv	LARGE_dtc_experiment_code_CONTROL_py_17_csv	0,83125
