LARGE_dtc_experiment_code_PROCESS_py_0_csv,LARGE_dtc_experiment_code_PROCESS_py_0_csv,0.10511
LARGE_dtc_experiment_code_PROCESS_py_15_csv,LARGE_dtc_experiment_code_PROCESS_py_15_csv,0.11685
LARGE_dtc_experiment_code_PROCESS_py_13_csv,LARGE_dtc_experiment_code_PROCESS_py_13_csv,0.12568
LARGE_dtc_experiment_code_PROCESS_py_18_csv,LARGE_dtc_experiment_code_PROCESS_py_18_csv,0.12712
LARGE_dtc_experiment_code_PROCESS_py_12_csv,LARGE_dtc_experiment_code_PROCESS_py_12_csv,0.12760
LARGE_dtc_experiment_code_PROCESS_py_17_csv,LARGE_dtc_experiment_code_PROCESS_py_17_csv,0.13079
LARGE_dtc_experiment_code_PROCESS_py_14_csv,LARGE_dtc_experiment_code_PROCESS_py_14_csv,0.13081
LARGE_dtc_experiment_code_PROCESS_py_10_csv,LARGE_dtc_experiment_code_PROCESS_py_10_csv,0.13514
LARGE_dtc_experiment_code_PROCESS_py_16_csv,LARGE_dtc_experiment_code_PROCESS_py_16_csv,0.13725
LARGE_dtc_experiment_code_PROCESS_py_11_csv,LARGE_dtc_experiment_code_PROCESS_py_11_csv,0.14972
LARGE_dtc_experiment_code_CONTROL_py_16_csv,LARGE_dtc_experiment_code_CONTROL_py_16_csv,0.23443
LARGE_dtc_experiment_code_CONTROL_py_18_csv,LARGE_dtc_experiment_code_CONTROL_py_18_csv,0.24125
LARGE_dtc_experiment_code_CONTROL_py_13_csv,LARGE_dtc_experiment_code_CONTROL_py_13_csv,0.24632
LARGE_dtc_experiment_code_CONTROL_py_10_csv,LARGE_dtc_experiment_code_CONTROL_py_10_csv,0.25182
LARGE_dtc_experiment_code_CONTROL_py_0_csv,LARGE_dtc_experiment_code_CONTROL_py_0_csv,0.25685
LARGE_dtc_experiment_code_CONTROL_py_12_csv,LARGE_dtc_experiment_code_CONTROL_py_12_csv,0.26136
LARGE_dtc_experiment_code_CONTROL_py_15_csv,LARGE_dtc_experiment_code_CONTROL_py_15_csv,0.26255
LARGE_dtc_experiment_code_CONTROL_py_14_csv,LARGE_dtc_experiment_code_CONTROL_py_14_csv,0.28794
LARGE_dtc_experiment_code_CONTROL_py_11_csv,LARGE_dtc_experiment_code_CONTROL_py_11_csv,0.28854
LARGE_dtc_experiment_code_CONTROL_py_17_csv,LARGE_dtc_experiment_code_CONTROL_py_17_csv,0.30196
LARGE_dtc_experiment_code_PROCESS_py_12_csv,LARGE_dtc_experiment_code_PROCESS_py_15_csv,0.59375
LARGE_dtc_experiment_code_PROCESS_py_15_csv,LARGE_dtc_experiment_code_PROCESS_py_12_csv,0.59375
LARGE_dtc_experiment_code_PROCESS_py_13_csv,LARGE_dtc_experiment_code_PROCESS_py_15_csv,0.60054
LARGE_dtc_experiment_code_PROCESS_py_15_csv,LARGE_dtc_experiment_code_PROCESS_py_13_csv,0.60054
LARGE_dtc_experiment_code_PROCESS_py_13_csv,LARGE_dtc_experiment_code_PROCESS_py_16_csv,0.61202
LARGE_dtc_experiment_code_PROCESS_py_16_csv,LARGE_dtc_experiment_code_PROCESS_py_13_csv,0.61202
LARGE_dtc_experiment_code_PROCESS_py_12_csv,LARGE_dtc_experiment_code_PROCESS_py_13_csv,0.61719
LARGE_dtc_experiment_code_PROCESS_py_12_csv,LARGE_dtc_experiment_code_PROCESS_py_18_csv,0.61719
LARGE_dtc_experiment_code_PROCESS_py_13_csv,LARGE_dtc_experiment_code_PROCESS_py_12_csv,0.61719
LARGE_dtc_experiment_code_PROCESS_py_18_csv,LARGE_dtc_experiment_code_PROCESS_py_12_csv,0.61719
LARGE_dtc_experiment_code_PROCESS_py_10_csv,LARGE_dtc_experiment_code_PROCESS_py_15_csv,0.61892
LARGE_dtc_experiment_code_PROCESS_py_15_csv,LARGE_dtc_experiment_code_PROCESS_py_10_csv,0.61892
LARGE_dtc_experiment_code_PROCESS_py_15_csv,LARGE_dtc_experiment_code_PROCESS_py_18_csv,0.61957
LARGE_dtc_experiment_code_PROCESS_py_18_csv,LARGE_dtc_experiment_code_PROCESS_py_15_csv,0.61957
LARGE_dtc_experiment_code_PROCESS_py_12_csv,LARGE_dtc_experiment_code_PROCESS_py_17_csv,0.61979
LARGE_dtc_experiment_code_PROCESS_py_17_csv,LARGE_dtc_experiment_code_PROCESS_py_12_csv,0.61979
LARGE_dtc_experiment_code_PROCESS_py_10_csv,LARGE_dtc_experiment_code_PROCESS_py_13_csv,0.62162
LARGE_dtc_experiment_code_PROCESS_py_13_csv,LARGE_dtc_experiment_code_PROCESS_py_10_csv,0.62162
LARGE_dtc_experiment_code_PROCESS_py_15_csv,LARGE_dtc_experiment_code_PROCESS_py_16_csv,0.62228
LARGE_dtc_experiment_code_PROCESS_py_16_csv,LARGE_dtc_experiment_code_PROCESS_py_15_csv,0.62228
LARGE_dtc_experiment_code_PROCESS_py_0_csv,LARGE_dtc_experiment_code_PROCESS_py_12_csv,0.62240
LARGE_dtc_experiment_code_PROCESS_py_12_csv,LARGE_dtc_experiment_code_PROCESS_py_0_csv,0.62240
LARGE_dtc_experiment_code_PROCESS_py_12_csv,LARGE_dtc_experiment_code_PROCESS_py_16_csv,0.62240
LARGE_dtc_experiment_code_PROCESS_py_16_csv,LARGE_dtc_experiment_code_PROCESS_py_12_csv,0.62240
LARGE_dtc_experiment_code_PROCESS_py_16_csv,LARGE_dtc_experiment_code_PROCESS_py_17_csv,0.62398
LARGE_dtc_experiment_code_PROCESS_py_17_csv,LARGE_dtc_experiment_code_PROCESS_py_16_csv,0.62398
LARGE_dtc_experiment_code_PROCESS_py_15_csv,LARGE_dtc_experiment_code_PROCESS_py_17_csv,0.62500
LARGE_dtc_experiment_code_PROCESS_py_17_csv,LARGE_dtc_experiment_code_PROCESS_py_15_csv,0.62500
LARGE_dtc_experiment_code_PROCESS_py_10_csv,LARGE_dtc_experiment_code_PROCESS_py_16_csv,0.62703
LARGE_dtc_experiment_code_PROCESS_py_16_csv,LARGE_dtc_experiment_code_PROCESS_py_10_csv,0.62703
LARGE_dtc_experiment_code_PROCESS_py_16_csv,LARGE_dtc_experiment_code_PROCESS_py_18_csv,0.62745
LARGE_dtc_experiment_code_PROCESS_py_18_csv,LARGE_dtc_experiment_code_PROCESS_py_16_csv,0.62745
LARGE_dtc_experiment_code_PROCESS_py_11_csv,LARGE_dtc_experiment_code_PROCESS_py_15_csv,0.62772
LARGE_dtc_experiment_code_PROCESS_py_15_csv,LARGE_dtc_experiment_code_PROCESS_py_11_csv,0.62772
LARGE_dtc_experiment_code_PROCESS_py_13_csv,LARGE_dtc_experiment_code_PROCESS_py_17_csv,0.62943
LARGE_dtc_experiment_code_PROCESS_py_17_csv,LARGE_dtc_experiment_code_PROCESS_py_13_csv,0.62943
LARGE_dtc_experiment_code_PROCESS_py_10_csv,LARGE_dtc_experiment_code_PROCESS_py_18_csv,0.63243
LARGE_dtc_experiment_code_PROCESS_py_18_csv,LARGE_dtc_experiment_code_PROCESS_py_10_csv,0.63243
LARGE_dtc_experiment_code_PROCESS_py_11_csv,LARGE_dtc_experiment_code_PROCESS_py_18_csv,0.63277
LARGE_dtc_experiment_code_PROCESS_py_18_csv,LARGE_dtc_experiment_code_PROCESS_py_11_csv,0.63277
LARGE_dtc_experiment_code_PROCESS_py_13_csv,LARGE_dtc_experiment_code_PROCESS_py_18_csv,0.63388
LARGE_dtc_experiment_code_PROCESS_py_18_csv,LARGE_dtc_experiment_code_PROCESS_py_13_csv,0.63388
LARGE_dtc_experiment_code_PROCESS_py_10_csv,LARGE_dtc_experiment_code_PROCESS_py_17_csv,0.63514
LARGE_dtc_experiment_code_PROCESS_py_17_csv,LARGE_dtc_experiment_code_PROCESS_py_10_csv,0.63514
LARGE_dtc_experiment_code_PROCESS_py_11_csv,LARGE_dtc_experiment_code_PROCESS_py_16_csv,0.63585
LARGE_dtc_experiment_code_PROCESS_py_16_csv,LARGE_dtc_experiment_code_PROCESS_py_11_csv,0.63585
LARGE_dtc_experiment_code_PROCESS_py_11_csv,LARGE_dtc_experiment_code_PROCESS_py_12_csv,0.63802
LARGE_dtc_experiment_code_PROCESS_py_12_csv,LARGE_dtc_experiment_code_PROCESS_py_11_csv,0.63802
LARGE_dtc_experiment_code_PROCESS_py_14_csv,LARGE_dtc_experiment_code_PROCESS_py_18_csv,0.63842
LARGE_dtc_experiment_code_PROCESS_py_18_csv,LARGE_dtc_experiment_code_PROCESS_py_14_csv,0.63842
LARGE_dtc_experiment_code_PROCESS_py_0_csv,LARGE_dtc_experiment_code_PROCESS_py_15_csv,0.63859
LARGE_dtc_experiment_code_PROCESS_py_15_csv,LARGE_dtc_experiment_code_PROCESS_py_0_csv,0.63859
LARGE_dtc_experiment_code_PROCESS_py_0_csv,LARGE_dtc_experiment_code_PROCESS_py_18_csv,0.64124
LARGE_dtc_experiment_code_PROCESS_py_18_csv,LARGE_dtc_experiment_code_PROCESS_py_0_csv,0.64124
LARGE_dtc_experiment_code_PROCESS_py_14_csv,LARGE_dtc_experiment_code_PROCESS_py_15_csv,0.64130
LARGE_dtc_experiment_code_PROCESS_py_15_csv,LARGE_dtc_experiment_code_PROCESS_py_14_csv,0.64130
LARGE_dtc_experiment_code_PROCESS_py_0_csv,LARGE_dtc_experiment_code_PROCESS_py_13_csv,0.64754
LARGE_dtc_experiment_code_PROCESS_py_13_csv,LARGE_dtc_experiment_code_PROCESS_py_0_csv,0.64754
LARGE_dtc_experiment_code_PROCESS_py_0_csv,LARGE_dtc_experiment_code_PROCESS_py_16_csv,0.64986
LARGE_dtc_experiment_code_PROCESS_py_16_csv,LARGE_dtc_experiment_code_PROCESS_py_0_csv,0.64986
LARGE_dtc_experiment_code_PROCESS_py_10_csv,LARGE_dtc_experiment_code_PROCESS_py_11_csv,0.65405
LARGE_dtc_experiment_code_PROCESS_py_11_csv,LARGE_dtc_experiment_code_PROCESS_py_10_csv,0.65405
LARGE_dtc_experiment_code_PROCESS_py_11_csv,LARGE_dtc_experiment_code_PROCESS_py_13_csv,0.65574
LARGE_dtc_experiment_code_PROCESS_py_13_csv,LARGE_dtc_experiment_code_PROCESS_py_11_csv,0.65574
LARGE_dtc_experiment_code_PROCESS_py_0_csv,LARGE_dtc_experiment_code_PROCESS_py_11_csv,0.65819
LARGE_dtc_experiment_code_PROCESS_py_11_csv,LARGE_dtc_experiment_code_PROCESS_py_0_csv,0.65819
LARGE_dtc_experiment_code_PROCESS_py_14_csv,LARGE_dtc_experiment_code_PROCESS_py_16_csv,0.66106
LARGE_dtc_experiment_code_PROCESS_py_16_csv,LARGE_dtc_experiment_code_PROCESS_py_14_csv,0.66106
LARGE_dtc_experiment_code_PROCESS_py_11_csv,LARGE_dtc_experiment_code_PROCESS_py_17_csv,0.66213
LARGE_dtc_experiment_code_PROCESS_py_17_csv,LARGE_dtc_experiment_code_PROCESS_py_11_csv,0.66213
LARGE_dtc_experiment_code_PROCESS_py_0_csv,LARGE_dtc_experiment_code_PROCESS_py_10_csv,0.66216
LARGE_dtc_experiment_code_PROCESS_py_10_csv,LARGE_dtc_experiment_code_PROCESS_py_0_csv,0.66216
LARGE_dtc_experiment_code_PROCESS_py_0_csv,LARGE_dtc_experiment_code_PROCESS_py_17_csv,0.66485
LARGE_dtc_experiment_code_PROCESS_py_17_csv,LARGE_dtc_experiment_code_PROCESS_py_0_csv,0.66485
LARGE_dtc_experiment_code_PROCESS_py_10_csv,LARGE_dtc_experiment_code_PROCESS_py_12_csv,0.66667
LARGE_dtc_experiment_code_PROCESS_py_12_csv,LARGE_dtc_experiment_code_PROCESS_py_10_csv,0.66667
LARGE_dtc_experiment_code_PROCESS_py_13_csv,LARGE_dtc_experiment_code_PROCESS_py_14_csv,0.66667
LARGE_dtc_experiment_code_PROCESS_py_14_csv,LARGE_dtc_experiment_code_PROCESS_py_13_csv,0.66667
LARGE_dtc_experiment_code_PROCESS_py_17_csv,LARGE_dtc_experiment_code_PROCESS_py_18_csv,0.66757
LARGE_dtc_experiment_code_PROCESS_py_18_csv,LARGE_dtc_experiment_code_PROCESS_py_17_csv,0.66757
LARGE_dtc_experiment_code_PROCESS_py_12_csv,LARGE_dtc_experiment_code_PROCESS_py_14_csv,0.66927
LARGE_dtc_experiment_code_PROCESS_py_14_csv,LARGE_dtc_experiment_code_PROCESS_py_12_csv,0.66927
LARGE_dtc_experiment_code_PROCESS_py_11_csv,LARGE_dtc_experiment_code_PROCESS_py_14_csv,0.67232
LARGE_dtc_experiment_code_PROCESS_py_14_csv,LARGE_dtc_experiment_code_PROCESS_py_11_csv,0.67232
LARGE_dtc_experiment_code_PROCESS_py_14_csv,LARGE_dtc_experiment_code_PROCESS_py_17_csv,0.67575
LARGE_dtc_experiment_code_PROCESS_py_17_csv,LARGE_dtc_experiment_code_PROCESS_py_14_csv,0.67575
LARGE_dtc_experiment_code_PROCESS_py_10_csv,LARGE_dtc_experiment_code_PROCESS_py_14_csv,0.67838
LARGE_dtc_experiment_code_PROCESS_py_14_csv,LARGE_dtc_experiment_code_PROCESS_py_10_csv,0.67838
LARGE_dtc_experiment_code_PROCESS_py_0_csv,LARGE_dtc_experiment_code_PROCESS_py_14_csv,0.68182
LARGE_dtc_experiment_code_PROCESS_py_14_csv,LARGE_dtc_experiment_code_PROCESS_py_0_csv,0.68182
LARGE_dtc_experiment_code_PROCESS_py_12_csv,LARGE_dtc_experiment_code_CONTROL_py_0_csv,0.72135
LARGE_dtc_experiment_code_CONTROL_py_0_csv,LARGE_dtc_experiment_code_PROCESS_py_12_csv,0.72135
LARGE_dtc_experiment_code_PROCESS_py_15_csv,LARGE_dtc_experiment_code_CONTROL_py_0_csv,0.73641
LARGE_dtc_experiment_code_CONTROL_py_0_csv,LARGE_dtc_experiment_code_PROCESS_py_15_csv,0.73641
LARGE_dtc_experiment_code_PROCESS_py_18_csv,LARGE_dtc_experiment_code_CONTROL_py_0_csv,0.74011
LARGE_dtc_experiment_code_CONTROL_py_0_csv,LARGE_dtc_experiment_code_PROCESS_py_18_csv,0.74011
LARGE_dtc_experiment_code_PROCESS_py_16_csv,LARGE_dtc_experiment_code_CONTROL_py_0_csv,0.74230
LARGE_dtc_experiment_code_CONTROL_py_0_csv,LARGE_dtc_experiment_code_PROCESS_py_16_csv,0.74230
LARGE_dtc_experiment_code_PROCESS_py_17_csv,LARGE_dtc_experiment_code_CONTROL_py_0_csv,0.75477
LARGE_dtc_experiment_code_CONTROL_py_0_csv,LARGE_dtc_experiment_code_PROCESS_py_17_csv,0.75477
LARGE_dtc_experiment_code_PROCESS_py_15_csv,LARGE_dtc_experiment_code_CONTROL_py_10_csv,0.75543
LARGE_dtc_experiment_code_CONTROL_py_10_csv,LARGE_dtc_experiment_code_PROCESS_py_15_csv,0.75543
LARGE_dtc_experiment_code_PROCESS_py_10_csv,LARGE_dtc_experiment_code_CONTROL_py_0_csv,0.75676
LARGE_dtc_experiment_code_CONTROL_py_0_csv,LARGE_dtc_experiment_code_PROCESS_py_10_csv,0.75676
LARGE_dtc_experiment_code_PROCESS_py_12_csv,LARGE_dtc_experiment_code_CONTROL_py_13_csv,0.75781
LARGE_dtc_experiment_code_PROCESS_py_12_csv,LARGE_dtc_experiment_code_CONTROL_py_15_csv,0.75781
LARGE_dtc_experiment_code_CONTROL_py_13_csv,LARGE_dtc_experiment_code_PROCESS_py_12_csv,0.75781
LARGE_dtc_experiment_code_CONTROL_py_15_csv,LARGE_dtc_experiment_code_PROCESS_py_12_csv,0.75781
LARGE_dtc_experiment_code_PROCESS_py_13_csv,LARGE_dtc_experiment_code_CONTROL_py_0_csv,0.75956
LARGE_dtc_experiment_code_CONTROL_py_0_csv,LARGE_dtc_experiment_code_PROCESS_py_13_csv,0.75956
LARGE_dtc_experiment_code_PROCESS_py_18_csv,LARGE_dtc_experiment_code_CONTROL_py_16_csv,0.75989
LARGE_dtc_experiment_code_CONTROL_py_16_csv,LARGE_dtc_experiment_code_PROCESS_py_18_csv,0.75989
LARGE_dtc_experiment_code_PROCESS_py_13_csv,LARGE_dtc_experiment_code_CONTROL_py_18_csv,0.76230
LARGE_dtc_experiment_code_CONTROL_py_18_csv,LARGE_dtc_experiment_code_PROCESS_py_13_csv,0.76230
LARGE_dtc_experiment_code_PROCESS_py_10_csv,LARGE_dtc_experiment_code_CONTROL_py_18_csv,0.76486
LARGE_dtc_experiment_code_CONTROL_py_18_csv,LARGE_dtc_experiment_code_PROCESS_py_10_csv,0.76486
LARGE_dtc_experiment_code_PROCESS_py_15_csv,LARGE_dtc_experiment_code_CONTROL_py_16_csv,0.76630
LARGE_dtc_experiment_code_CONTROL_py_16_csv,LARGE_dtc_experiment_code_PROCESS_py_15_csv,0.76630
LARGE_dtc_experiment_code_PROCESS_py_0_csv,LARGE_dtc_experiment_code_CONTROL_py_0_csv,0.76705
LARGE_dtc_experiment_code_CONTROL_py_0_csv,LARGE_dtc_experiment_code_PROCESS_py_0_csv,0.76705
LARGE_dtc_experiment_code_PROCESS_py_12_csv,LARGE_dtc_experiment_code_CONTROL_py_12_csv,0.76823
LARGE_dtc_experiment_code_CONTROL_py_12_csv,LARGE_dtc_experiment_code_PROCESS_py_12_csv,0.76823
LARGE_dtc_experiment_code_PROCESS_py_11_csv,LARGE_dtc_experiment_code_CONTROL_py_0_csv,0.76836
LARGE_dtc_experiment_code_PROCESS_py_18_csv,LARGE_dtc_experiment_code_CONTROL_py_18_csv,0.76836
LARGE_dtc_experiment_code_CONTROL_py_0_csv,LARGE_dtc_experiment_code_PROCESS_py_11_csv,0.76836
LARGE_dtc_experiment_code_CONTROL_py_18_csv,LARGE_dtc_experiment_code_PROCESS_py_18_csv,0.76836
LARGE_dtc_experiment_code_PROCESS_py_17_csv,LARGE_dtc_experiment_code_CONTROL_py_18_csv,0.76839
LARGE_dtc_experiment_code_CONTROL_py_18_csv,LARGE_dtc_experiment_code_PROCESS_py_17_csv,0.76839
LARGE_dtc_experiment_code_PROCESS_py_10_csv,LARGE_dtc_experiment_code_CONTROL_py_10_csv,0.77297
LARGE_dtc_experiment_code_CONTROL_py_10_csv,LARGE_dtc_experiment_code_PROCESS_py_10_csv,0.77297
LARGE_dtc_experiment_code_PROCESS_py_12_csv,LARGE_dtc_experiment_code_CONTROL_py_16_csv,0.77344
LARGE_dtc_experiment_code_CONTROL_py_16_csv,LARGE_dtc_experiment_code_PROCESS_py_12_csv,0.77344
LARGE_dtc_experiment_code_PROCESS_py_18_csv,LARGE_dtc_experiment_code_CONTROL_py_12_csv,0.77401
LARGE_dtc_experiment_code_CONTROL_py_12_csv,LARGE_dtc_experiment_code_PROCESS_py_18_csv,0.77401
LARGE_dtc_experiment_code_PROCESS_py_15_csv,LARGE_dtc_experiment_code_CONTROL_py_13_csv,0.77446
LARGE_dtc_experiment_code_PROCESS_py_15_csv,LARGE_dtc_experiment_code_CONTROL_py_15_csv,0.77446
LARGE_dtc_experiment_code_CONTROL_py_13_csv,LARGE_dtc_experiment_code_PROCESS_py_15_csv,0.77446
LARGE_dtc_experiment_code_CONTROL_py_15_csv,LARGE_dtc_experiment_code_PROCESS_py_15_csv,0.77446
LARGE_dtc_experiment_code_PROCESS_py_18_csv,LARGE_dtc_experiment_code_CONTROL_py_10_csv,0.77684
LARGE_dtc_experiment_code_PROCESS_py_18_csv,LARGE_dtc_experiment_code_CONTROL_py_13_csv,0.77684
LARGE_dtc_experiment_code_CONTROL_py_10_csv,LARGE_dtc_experiment_code_PROCESS_py_18_csv,0.77684
LARGE_dtc_experiment_code_CONTROL_py_13_csv,LARGE_dtc_experiment_code_PROCESS_py_18_csv,0.77684
LARGE_dtc_experiment_code_PROCESS_py_15_csv,LARGE_dtc_experiment_code_CONTROL_py_12_csv,0.77717
LARGE_dtc_experiment_code_CONTROL_py_12_csv,LARGE_dtc_experiment_code_PROCESS_py_15_csv,0.77717
LARGE_dtc_experiment_code_PROCESS_py_12_csv,LARGE_dtc_experiment_code_CONTROL_py_10_csv,0.77865
LARGE_dtc_experiment_code_PROCESS_py_12_csv,LARGE_dtc_experiment_code_CONTROL_py_18_csv,0.77865
LARGE_dtc_experiment_code_CONTROL_py_10_csv,LARGE_dtc_experiment_code_PROCESS_py_12_csv,0.77865
LARGE_dtc_experiment_code_CONTROL_py_18_csv,LARGE_dtc_experiment_code_PROCESS_py_12_csv,0.77865
LARGE_dtc_experiment_code_PROCESS_py_17_csv,LARGE_dtc_experiment_code_CONTROL_py_16_csv,0.77929
LARGE_dtc_experiment_code_CONTROL_py_16_csv,LARGE_dtc_experiment_code_PROCESS_py_17_csv,0.77929
LARGE_dtc_experiment_code_PROCESS_py_15_csv,LARGE_dtc_experiment_code_CONTROL_py_14_csv,0.77989
LARGE_dtc_experiment_code_PROCESS_py_15_csv,LARGE_dtc_experiment_code_CONTROL_py_18_csv,0.77989
LARGE_dtc_experiment_code_CONTROL_py_14_csv,LARGE_dtc_experiment_code_PROCESS_py_15_csv,0.77989
LARGE_dtc_experiment_code_CONTROL_py_18_csv,LARGE_dtc_experiment_code_PROCESS_py_15_csv,0.77989
LARGE_dtc_experiment_code_PROCESS_py_10_csv,LARGE_dtc_experiment_code_CONTROL_py_13_csv,0.78108
LARGE_dtc_experiment_code_PROCESS_py_10_csv,LARGE_dtc_experiment_code_CONTROL_py_15_csv,0.78108
LARGE_dtc_experiment_code_PROCESS_py_10_csv,LARGE_dtc_experiment_code_CONTROL_py_16_csv,0.78108
LARGE_dtc_experiment_code_CONTROL_py_13_csv,LARGE_dtc_experiment_code_PROCESS_py_10_csv,0.78108
LARGE_dtc_experiment_code_CONTROL_py_15_csv,LARGE_dtc_experiment_code_PROCESS_py_10_csv,0.78108
LARGE_dtc_experiment_code_CONTROL_py_16_csv,LARGE_dtc_experiment_code_PROCESS_py_10_csv,0.78108
LARGE_dtc_experiment_code_PROCESS_py_13_csv,LARGE_dtc_experiment_code_CONTROL_py_16_csv,0.78142
LARGE_dtc_experiment_code_CONTROL_py_16_csv,LARGE_dtc_experiment_code_PROCESS_py_13_csv,0.78142
LARGE_dtc_experiment_code_PROCESS_py_15_csv,LARGE_dtc_experiment_code_CONTROL_py_17_csv,0.78261
LARGE_dtc_experiment_code_CONTROL_py_17_csv,LARGE_dtc_experiment_code_PROCESS_py_15_csv,0.78261
LARGE_dtc_experiment_code_PROCESS_py_12_csv,LARGE_dtc_experiment_code_CONTROL_py_14_csv,0.78385
LARGE_dtc_experiment_code_CONTROL_py_14_csv,LARGE_dtc_experiment_code_PROCESS_py_12_csv,0.78385
LARGE_dtc_experiment_code_PROCESS_py_13_csv,LARGE_dtc_experiment_code_CONTROL_py_12_csv,0.78415
LARGE_dtc_experiment_code_CONTROL_py_12_csv,LARGE_dtc_experiment_code_PROCESS_py_13_csv,0.78415
LARGE_dtc_experiment_code_PROCESS_py_16_csv,LARGE_dtc_experiment_code_CONTROL_py_12_csv,0.78431
LARGE_dtc_experiment_code_PROCESS_py_16_csv,LARGE_dtc_experiment_code_CONTROL_py_13_csv,0.78431
LARGE_dtc_experiment_code_PROCESS_py_16_csv,LARGE_dtc_experiment_code_CONTROL_py_16_csv,0.78431
LARGE_dtc_experiment_code_CONTROL_py_12_csv,LARGE_dtc_experiment_code_PROCESS_py_16_csv,0.78431
LARGE_dtc_experiment_code_CONTROL_py_13_csv,LARGE_dtc_experiment_code_PROCESS_py_16_csv,0.78431
LARGE_dtc_experiment_code_CONTROL_py_16_csv,LARGE_dtc_experiment_code_PROCESS_py_16_csv,0.78431
LARGE_dtc_experiment_code_PROCESS_py_17_csv,LARGE_dtc_experiment_code_CONTROL_py_13_csv,0.78474
LARGE_dtc_experiment_code_CONTROL_py_13_csv,LARGE_dtc_experiment_code_PROCESS_py_17_csv,0.78474
LARGE_dtc_experiment_code_PROCESS_py_12_csv,LARGE_dtc_experiment_code_CONTROL_py_11_csv,0.78646
LARGE_dtc_experiment_code_CONTROL_py_11_csv,LARGE_dtc_experiment_code_PROCESS_py_12_csv,0.78646
LARGE_dtc_experiment_code_PROCESS_py_13_csv,LARGE_dtc_experiment_code_CONTROL_py_13_csv,0.78689
LARGE_dtc_experiment_code_PROCESS_py_13_csv,LARGE_dtc_experiment_code_CONTROL_py_15_csv,0.78689
LARGE_dtc_experiment_code_CONTROL_py_13_csv,LARGE_dtc_experiment_code_PROCESS_py_13_csv,0.78689
LARGE_dtc_experiment_code_CONTROL_py_15_csv,LARGE_dtc_experiment_code_PROCESS_py_13_csv,0.78689
LARGE_dtc_experiment_code_PROCESS_py_16_csv,LARGE_dtc_experiment_code_CONTROL_py_11_csv,0.78711
LARGE_dtc_experiment_code_CONTROL_py_11_csv,LARGE_dtc_experiment_code_PROCESS_py_16_csv,0.78711
LARGE_dtc_experiment_code_PROCESS_py_17_csv,LARGE_dtc_experiment_code_CONTROL_py_14_csv,0.78747
LARGE_dtc_experiment_code_CONTROL_py_14_csv,LARGE_dtc_experiment_code_PROCESS_py_17_csv,0.78747
LARGE_dtc_experiment_code_PROCESS_py_14_csv,LARGE_dtc_experiment_code_CONTROL_py_0_csv,0.78779
LARGE_dtc_experiment_code_CONTROL_py_0_csv,LARGE_dtc_experiment_code_PROCESS_py_14_csv,0.78779
LARGE_dtc_experiment_code_PROCESS_py_11_csv,LARGE_dtc_experiment_code_CONTROL_py_12_csv,0.78814
LARGE_dtc_experiment_code_PROCESS_py_11_csv,LARGE_dtc_experiment_code_CONTROL_py_16_csv,0.78814
LARGE_dtc_experiment_code_CONTROL_py_12_csv,LARGE_dtc_experiment_code_PROCESS_py_11_csv,0.78814
LARGE_dtc_experiment_code_CONTROL_py_16_csv,LARGE_dtc_experiment_code_PROCESS_py_11_csv,0.78814
LARGE_dtc_experiment_code_PROCESS_py_16_csv,LARGE_dtc_experiment_code_CONTROL_py_18_csv,0.78992
LARGE_dtc_experiment_code_CONTROL_py_18_csv,LARGE_dtc_experiment_code_PROCESS_py_16_csv,0.78992
LARGE_dtc_experiment_code_PROCESS_py_14_csv,LARGE_dtc_experiment_code_CONTROL_py_18_csv,0.79070
LARGE_dtc_experiment_code_CONTROL_py_18_csv,LARGE_dtc_experiment_code_PROCESS_py_14_csv,0.79070
LARGE_dtc_experiment_code_PROCESS_py_13_csv,LARGE_dtc_experiment_code_CONTROL_py_10_csv,0.79235
LARGE_dtc_experiment_code_CONTROL_py_10_csv,LARGE_dtc_experiment_code_PROCESS_py_13_csv,0.79235
LARGE_dtc_experiment_code_PROCESS_py_17_csv,LARGE_dtc_experiment_code_CONTROL_py_15_csv,0.79292
LARGE_dtc_experiment_code_PROCESS_py_17_csv,LARGE_dtc_experiment_code_CONTROL_py_17_csv,0.79292
LARGE_dtc_experiment_code_CONTROL_py_15_csv,LARGE_dtc_experiment_code_PROCESS_py_17_csv,0.79292
LARGE_dtc_experiment_code_CONTROL_py_17_csv,LARGE_dtc_experiment_code_PROCESS_py_17_csv,0.79292
LARGE_dtc_experiment_code_PROCESS_py_10_csv,LARGE_dtc_experiment_code_CONTROL_py_12_csv,0.79459
LARGE_dtc_experiment_code_CONTROL_py_12_csv,LARGE_dtc_experiment_code_PROCESS_py_10_csv,0.79459
LARGE_dtc_experiment_code_PROCESS_py_13_csv,LARGE_dtc_experiment_code_CONTROL_py_14_csv,0.79508
LARGE_dtc_experiment_code_CONTROL_py_14_csv,LARGE_dtc_experiment_code_PROCESS_py_13_csv,0.79508
LARGE_dtc_experiment_code_PROCESS_py_0_csv,LARGE_dtc_experiment_code_CONTROL_py_16_csv,0.79545
LARGE_dtc_experiment_code_CONTROL_py_16_csv,LARGE_dtc_experiment_code_PROCESS_py_0_csv,0.79545
LARGE_dtc_experiment_code_PROCESS_py_15_csv,LARGE_dtc_experiment_code_CONTROL_py_11_csv,0.79620
LARGE_dtc_experiment_code_CONTROL_py_11_csv,LARGE_dtc_experiment_code_PROCESS_py_15_csv,0.79620
LARGE_dtc_experiment_code_PROCESS_py_0_csv,LARGE_dtc_experiment_code_CONTROL_py_18_csv,0.79830
LARGE_dtc_experiment_code_CONTROL_py_18_csv,LARGE_dtc_experiment_code_PROCESS_py_0_csv,0.79830
LARGE_dtc_experiment_code_PROCESS_py_16_csv,LARGE_dtc_experiment_code_CONTROL_py_14_csv,0.79832
LARGE_dtc_experiment_code_PROCESS_py_16_csv,LARGE_dtc_experiment_code_CONTROL_py_15_csv,0.79832
LARGE_dtc_experiment_code_CONTROL_py_14_csv,LARGE_dtc_experiment_code_PROCESS_py_16_csv,0.79832
LARGE_dtc_experiment_code_CONTROL_py_15_csv,LARGE_dtc_experiment_code_PROCESS_py_16_csv,0.79832
LARGE_dtc_experiment_code_PROCESS_py_11_csv,LARGE_dtc_experiment_code_CONTROL_py_10_csv,0.79944
LARGE_dtc_experiment_code_PROCESS_py_11_csv,LARGE_dtc_experiment_code_CONTROL_py_14_csv,0.79944
LARGE_dtc_experiment_code_PROCESS_py_11_csv,LARGE_dtc_experiment_code_CONTROL_py_18_csv,0.79944
LARGE_dtc_experiment_code_PROCESS_py_18_csv,LARGE_dtc_experiment_code_CONTROL_py_11_csv,0.79944
LARGE_dtc_experiment_code_PROCESS_py_18_csv,LARGE_dtc_experiment_code_CONTROL_py_14_csv,0.79944
LARGE_dtc_experiment_code_PROCESS_py_18_csv,LARGE_dtc_experiment_code_CONTROL_py_17_csv,0.79944
LARGE_dtc_experiment_code_CONTROL_py_10_csv,LARGE_dtc_experiment_code_PROCESS_py_11_csv,0.79944
LARGE_dtc_experiment_code_CONTROL_py_11_csv,LARGE_dtc_experiment_code_PROCESS_py_18_csv,0.79944
LARGE_dtc_experiment_code_CONTROL_py_14_csv,LARGE_dtc_experiment_code_PROCESS_py_11_csv,0.79944
LARGE_dtc_experiment_code_CONTROL_py_14_csv,LARGE_dtc_experiment_code_PROCESS_py_18_csv,0.79944
LARGE_dtc_experiment_code_CONTROL_py_17_csv,LARGE_dtc_experiment_code_PROCESS_py_18_csv,0.79944
LARGE_dtc_experiment_code_CONTROL_py_18_csv,LARGE_dtc_experiment_code_PROCESS_py_11_csv,0.79944
LARGE_dtc_experiment_code_PROCESS_py_12_csv,LARGE_dtc_experiment_code_CONTROL_py_17_csv,0.79948
LARGE_dtc_experiment_code_CONTROL_py_17_csv,LARGE_dtc_experiment_code_PROCESS_py_12_csv,0.79948
LARGE_dtc_experiment_code_PROCESS_py_13_csv,LARGE_dtc_experiment_code_CONTROL_py_11_csv,0.80055
LARGE_dtc_experiment_code_CONTROL_py_11_csv,LARGE_dtc_experiment_code_PROCESS_py_13_csv,0.80055
LARGE_dtc_experiment_code_PROCESS_py_16_csv,LARGE_dtc_experiment_code_CONTROL_py_10_csv,0.80112
LARGE_dtc_experiment_code_CONTROL_py_10_csv,LARGE_dtc_experiment_code_PROCESS_py_16_csv,0.80112
LARGE_dtc_experiment_code_PROCESS_py_11_csv,LARGE_dtc_experiment_code_CONTROL_py_13_csv,0.80226
LARGE_dtc_experiment_code_PROCESS_py_18_csv,LARGE_dtc_experiment_code_CONTROL_py_15_csv,0.80226
LARGE_dtc_experiment_code_CONTROL_py_13_csv,LARGE_dtc_experiment_code_PROCESS_py_11_csv,0.80226
LARGE_dtc_experiment_code_CONTROL_py_15_csv,LARGE_dtc_experiment_code_PROCESS_py_18_csv,0.80226
LARGE_dtc_experiment_code_PROCESS_py_14_csv,LARGE_dtc_experiment_code_CONTROL_py_13_csv,0.80233
LARGE_dtc_experiment_code_CONTROL_py_13_csv,LARGE_dtc_experiment_code_PROCESS_py_14_csv,0.80233
LARGE_dtc_experiment_code_PROCESS_py_13_csv,LARGE_dtc_experiment_code_CONTROL_py_17_csv,0.80328
LARGE_dtc_experiment_code_CONTROL_py_17_csv,LARGE_dtc_experiment_code_PROCESS_py_13_csv,0.80328
LARGE_dtc_experiment_code_PROCESS_py_17_csv,LARGE_dtc_experiment_code_CONTROL_py_10_csv,0.80381
LARGE_dtc_experiment_code_CONTROL_py_10_csv,LARGE_dtc_experiment_code_PROCESS_py_17_csv,0.80381
LARGE_dtc_experiment_code_PROCESS_py_0_csv,LARGE_dtc_experiment_code_CONTROL_py_13_csv,0.80398
LARGE_dtc_experiment_code_CONTROL_py_13_csv,LARGE_dtc_experiment_code_PROCESS_py_0_csv,0.80398
LARGE_dtc_experiment_code_PROCESS_py_11_csv,LARGE_dtc_experiment_code_CONTROL_py_15_csv,0.80791
LARGE_dtc_experiment_code_CONTROL_py_15_csv,LARGE_dtc_experiment_code_PROCESS_py_11_csv,0.80791
LARGE_dtc_experiment_code_PROCESS_py_10_csv,LARGE_dtc_experiment_code_CONTROL_py_17_csv,0.80811
LARGE_dtc_experiment_code_CONTROL_py_17_csv,LARGE_dtc_experiment_code_PROCESS_py_10_csv,0.80811
LARGE_dtc_experiment_code_PROCESS_py_14_csv,LARGE_dtc_experiment_code_CONTROL_py_16_csv,0.80814
LARGE_dtc_experiment_code_CONTROL_py_16_csv,LARGE_dtc_experiment_code_PROCESS_py_14_csv,0.80814
LARGE_dtc_experiment_code_PROCESS_py_17_csv,LARGE_dtc_experiment_code_CONTROL_py_11_csv,0.80926
LARGE_dtc_experiment_code_CONTROL_py_11_csv,LARGE_dtc_experiment_code_PROCESS_py_17_csv,0.80926
LARGE_dtc_experiment_code_PROCESS_py_16_csv,LARGE_dtc_experiment_code_CONTROL_py_17_csv,0.80952
LARGE_dtc_experiment_code_CONTROL_py_17_csv,LARGE_dtc_experiment_code_PROCESS_py_16_csv,0.80952
LARGE_dtc_experiment_code_PROCESS_py_0_csv,LARGE_dtc_experiment_code_CONTROL_py_10_csv,0.80966
LARGE_dtc_experiment_code_PROCESS_py_0_csv,LARGE_dtc_experiment_code_CONTROL_py_15_csv,0.80966
LARGE_dtc_experiment_code_CONTROL_py_10_csv,LARGE_dtc_experiment_code_PROCESS_py_0_csv,0.80966
LARGE_dtc_experiment_code_CONTROL_py_15_csv,LARGE_dtc_experiment_code_PROCESS_py_0_csv,0.80966
LARGE_dtc_experiment_code_PROCESS_py_10_csv,LARGE_dtc_experiment_code_CONTROL_py_11_csv,0.81081
LARGE_dtc_experiment_code_PROCESS_py_10_csv,LARGE_dtc_experiment_code_CONTROL_py_14_csv,0.81081
LARGE_dtc_experiment_code_CONTROL_py_11_csv,LARGE_dtc_experiment_code_PROCESS_py_10_csv,0.81081
LARGE_dtc_experiment_code_CONTROL_py_14_csv,LARGE_dtc_experiment_code_PROCESS_py_10_csv,0.81081
LARGE_dtc_experiment_code_PROCESS_py_14_csv,LARGE_dtc_experiment_code_CONTROL_py_10_csv,0.81395
LARGE_dtc_experiment_code_PROCESS_py_14_csv,LARGE_dtc_experiment_code_CONTROL_py_15_csv,0.81395
LARGE_dtc_experiment_code_CONTROL_py_10_csv,LARGE_dtc_experiment_code_PROCESS_py_14_csv,0.81395
LARGE_dtc_experiment_code_CONTROL_py_15_csv,LARGE_dtc_experiment_code_PROCESS_py_14_csv,0.81395
LARGE_dtc_experiment_code_PROCESS_py_0_csv,LARGE_dtc_experiment_code_CONTROL_py_17_csv,0.81534
LARGE_dtc_experiment_code_CONTROL_py_17_csv,LARGE_dtc_experiment_code_PROCESS_py_0_csv,0.81534
LARGE_dtc_experiment_code_PROCESS_py_17_csv,LARGE_dtc_experiment_code_CONTROL_py_12_csv,0.81744
LARGE_dtc_experiment_code_CONTROL_py_12_csv,LARGE_dtc_experiment_code_PROCESS_py_17_csv,0.81744
LARGE_dtc_experiment_code_PROCESS_py_0_csv,LARGE_dtc_experiment_code_CONTROL_py_11_csv,0.81818
LARGE_dtc_experiment_code_CONTROL_py_11_csv,LARGE_dtc_experiment_code_PROCESS_py_0_csv,0.81818
LARGE_dtc_experiment_code_PROCESS_py_0_csv,LARGE_dtc_experiment_code_CONTROL_py_14_csv,0.82102
LARGE_dtc_experiment_code_CONTROL_py_14_csv,LARGE_dtc_experiment_code_PROCESS_py_0_csv,0.82102
LARGE_dtc_experiment_code_PROCESS_py_11_csv,LARGE_dtc_experiment_code_CONTROL_py_11_csv,0.82768
LARGE_dtc_experiment_code_PROCESS_py_11_csv,LARGE_dtc_experiment_code_CONTROL_py_17_csv,0.82768
LARGE_dtc_experiment_code_CONTROL_py_11_csv,LARGE_dtc_experiment_code_PROCESS_py_11_csv,0.82768
LARGE_dtc_experiment_code_CONTROL_py_17_csv,LARGE_dtc_experiment_code_PROCESS_py_11_csv,0.82768
LARGE_dtc_experiment_code_PROCESS_py_0_csv,LARGE_dtc_experiment_code_CONTROL_py_12_csv,0.82955
LARGE_dtc_experiment_code_CONTROL_py_12_csv,LARGE_dtc_experiment_code_PROCESS_py_0_csv,0.82955
LARGE_dtc_experiment_code_PROCESS_py_14_csv,LARGE_dtc_experiment_code_CONTROL_py_17_csv,0.84012
LARGE_dtc_experiment_code_CONTROL_py_17_csv,LARGE_dtc_experiment_code_PROCESS_py_14_csv,0.84012
LARGE_dtc_experiment_code_PROCESS_py_14_csv,LARGE_dtc_experiment_code_CONTROL_py_12_csv,0.84302
LARGE_dtc_experiment_code_CONTROL_py_12_csv,LARGE_dtc_experiment_code_PROCESS_py_14_csv,0.84302
LARGE_dtc_experiment_code_PROCESS_py_14_csv,LARGE_dtc_experiment_code_CONTROL_py_11_csv,0.84593
LARGE_dtc_experiment_code_PROCESS_py_14_csv,LARGE_dtc_experiment_code_CONTROL_py_14_csv,0.84593
LARGE_dtc_experiment_code_CONTROL_py_11_csv,LARGE_dtc_experiment_code_PROCESS_py_14_csv,0.84593
LARGE_dtc_experiment_code_CONTROL_py_14_csv,LARGE_dtc_experiment_code_PROCESS_py_14_csv,0.84593
LARGE_dtc_experiment_code_CONTROL_py_16_csv,LARGE_dtc_experiment_code_CONTROL_py_18_csv,0.86447
LARGE_dtc_experiment_code_CONTROL_py_18_csv,LARGE_dtc_experiment_code_CONTROL_py_16_csv,0.86447
LARGE_dtc_experiment_code_CONTROL_py_0_csv,LARGE_dtc_experiment_code_CONTROL_py_18_csv,0.87329
LARGE_dtc_experiment_code_CONTROL_py_18_csv,LARGE_dtc_experiment_code_CONTROL_py_0_csv,0.87329
LARGE_dtc_experiment_code_CONTROL_py_0_csv,LARGE_dtc_experiment_code_CONTROL_py_10_csv,0.87671
LARGE_dtc_experiment_code_CONTROL_py_0_csv,LARGE_dtc_experiment_code_CONTROL_py_16_csv,0.87671
LARGE_dtc_experiment_code_CONTROL_py_10_csv,LARGE_dtc_experiment_code_CONTROL_py_0_csv,0.87671
LARGE_dtc_experiment_code_CONTROL_py_16_csv,LARGE_dtc_experiment_code_CONTROL_py_0_csv,0.87671
LARGE_dtc_experiment_code_CONTROL_py_0_csv,LARGE_dtc_experiment_code_CONTROL_py_13_csv,0.88356
LARGE_dtc_experiment_code_CONTROL_py_13_csv,LARGE_dtc_experiment_code_CONTROL_py_0_csv,0.88356
LARGE_dtc_experiment_code_CONTROL_py_0_csv,LARGE_dtc_experiment_code_CONTROL_py_15_csv,0.89384
LARGE_dtc_experiment_code_CONTROL_py_15_csv,LARGE_dtc_experiment_code_CONTROL_py_0_csv,0.89384
LARGE_dtc_experiment_code_CONTROL_py_13_csv,LARGE_dtc_experiment_code_CONTROL_py_18_csv,0.89706
LARGE_dtc_experiment_code_CONTROL_py_18_csv,LARGE_dtc_experiment_code_CONTROL_py_13_csv,0.89706
LARGE_dtc_experiment_code_CONTROL_py_10_csv,LARGE_dtc_experiment_code_CONTROL_py_18_csv,0.89781
LARGE_dtc_experiment_code_CONTROL_py_18_csv,LARGE_dtc_experiment_code_CONTROL_py_10_csv,0.89781
LARGE_dtc_experiment_code_CONTROL_py_10_csv,LARGE_dtc_experiment_code_CONTROL_py_13_csv,0.90146
LARGE_dtc_experiment_code_CONTROL_py_13_csv,LARGE_dtc_experiment_code_CONTROL_py_10_csv,0.90146
LARGE_dtc_experiment_code_CONTROL_py_0_csv,LARGE_dtc_experiment_code_CONTROL_py_14_csv,0.90411
LARGE_dtc_experiment_code_CONTROL_py_14_csv,LARGE_dtc_experiment_code_CONTROL_py_0_csv,0.90411
LARGE_dtc_experiment_code_CONTROL_py_0_csv,LARGE_dtc_experiment_code_CONTROL_py_12_csv,0.90753
LARGE_dtc_experiment_code_CONTROL_py_12_csv,LARGE_dtc_experiment_code_CONTROL_py_0_csv,0.90753
LARGE_dtc_experiment_code_CONTROL_py_10_csv,LARGE_dtc_experiment_code_CONTROL_py_16_csv,0.90876
LARGE_dtc_experiment_code_CONTROL_py_16_csv,LARGE_dtc_experiment_code_CONTROL_py_10_csv,0.90876
LARGE_dtc_experiment_code_CONTROL_py_12_csv,LARGE_dtc_experiment_code_CONTROL_py_18_csv,0.91288
LARGE_dtc_experiment_code_CONTROL_py_18_csv,LARGE_dtc_experiment_code_CONTROL_py_12_csv,0.91288
LARGE_dtc_experiment_code_CONTROL_py_11_csv,LARGE_dtc_experiment_code_CONTROL_py_18_csv,0.91440
LARGE_dtc_experiment_code_CONTROL_py_18_csv,LARGE_dtc_experiment_code_CONTROL_py_11_csv,0.91440
LARGE_dtc_experiment_code_CONTROL_py_10_csv,LARGE_dtc_experiment_code_CONTROL_py_12_csv,0.91606
LARGE_dtc_experiment_code_CONTROL_py_12_csv,LARGE_dtc_experiment_code_CONTROL_py_10_csv,0.91606
LARGE_dtc_experiment_code_CONTROL_py_0_csv,LARGE_dtc_experiment_code_CONTROL_py_17_csv,0.91781
LARGE_dtc_experiment_code_CONTROL_py_17_csv,LARGE_dtc_experiment_code_CONTROL_py_0_csv,0.91781
LARGE_dtc_experiment_code_CONTROL_py_15_csv,LARGE_dtc_experiment_code_CONTROL_py_18_csv,0.92278
LARGE_dtc_experiment_code_CONTROL_py_18_csv,LARGE_dtc_experiment_code_CONTROL_py_15_csv,0.92278
LARGE_dtc_experiment_code_CONTROL_py_13_csv,LARGE_dtc_experiment_code_CONTROL_py_16_csv,0.92308
LARGE_dtc_experiment_code_CONTROL_py_16_csv,LARGE_dtc_experiment_code_CONTROL_py_13_csv,0.92308
LARGE_dtc_experiment_code_CONTROL_py_0_csv,LARGE_dtc_experiment_code_CONTROL_py_11_csv,0.92466
LARGE_dtc_experiment_code_CONTROL_py_11_csv,LARGE_dtc_experiment_code_CONTROL_py_0_csv,0.92466
LARGE_dtc_experiment_code_CONTROL_py_12_csv,LARGE_dtc_experiment_code_CONTROL_py_13_csv,0.92647
LARGE_dtc_experiment_code_CONTROL_py_13_csv,LARGE_dtc_experiment_code_CONTROL_py_12_csv,0.92647
LARGE_dtc_experiment_code_CONTROL_py_11_csv,LARGE_dtc_experiment_code_CONTROL_py_15_csv,0.92664
LARGE_dtc_experiment_code_CONTROL_py_15_csv,LARGE_dtc_experiment_code_CONTROL_py_11_csv,0.92664
LARGE_dtc_experiment_code_CONTROL_py_10_csv,LARGE_dtc_experiment_code_CONTROL_py_15_csv,0.92701
LARGE_dtc_experiment_code_CONTROL_py_15_csv,LARGE_dtc_experiment_code_CONTROL_py_10_csv,0.92701
LARGE_dtc_experiment_code_CONTROL_py_14_csv,LARGE_dtc_experiment_code_CONTROL_py_18_csv,0.92996
LARGE_dtc_experiment_code_CONTROL_py_18_csv,LARGE_dtc_experiment_code_CONTROL_py_14_csv,0.92996
LARGE_dtc_experiment_code_CONTROL_py_13_csv,LARGE_dtc_experiment_code_CONTROL_py_17_csv,0.93015
LARGE_dtc_experiment_code_CONTROL_py_17_csv,LARGE_dtc_experiment_code_CONTROL_py_13_csv,0.93015
LARGE_dtc_experiment_code_CONTROL_py_10_csv,LARGE_dtc_experiment_code_CONTROL_py_14_csv,0.93066
LARGE_dtc_experiment_code_CONTROL_py_14_csv,LARGE_dtc_experiment_code_CONTROL_py_10_csv,0.93066
LARGE_dtc_experiment_code_CONTROL_py_17_csv,LARGE_dtc_experiment_code_CONTROL_py_18_csv,0.93385
LARGE_dtc_experiment_code_CONTROL_py_18_csv,LARGE_dtc_experiment_code_CONTROL_py_17_csv,0.93385
LARGE_dtc_experiment_code_CONTROL_py_12_csv,LARGE_dtc_experiment_code_CONTROL_py_16_csv,0.93773
LARGE_dtc_experiment_code_CONTROL_py_16_csv,LARGE_dtc_experiment_code_CONTROL_py_12_csv,0.93773
LARGE_dtc_experiment_code_CONTROL_py_14_csv,LARGE_dtc_experiment_code_CONTROL_py_15_csv,0.93822
LARGE_dtc_experiment_code_CONTROL_py_15_csv,LARGE_dtc_experiment_code_CONTROL_py_14_csv,0.93822
LARGE_dtc_experiment_code_CONTROL_py_13_csv,LARGE_dtc_experiment_code_CONTROL_py_14_csv,0.94118
LARGE_dtc_experiment_code_CONTROL_py_14_csv,LARGE_dtc_experiment_code_CONTROL_py_13_csv,0.94118
LARGE_dtc_experiment_code_CONTROL_py_14_csv,LARGE_dtc_experiment_code_CONTROL_py_16_csv,0.94139
LARGE_dtc_experiment_code_CONTROL_py_16_csv,LARGE_dtc_experiment_code_CONTROL_py_14_csv,0.94139
LARGE_dtc_experiment_code_CONTROL_py_13_csv,LARGE_dtc_experiment_code_CONTROL_py_15_csv,0.94485
LARGE_dtc_experiment_code_CONTROL_py_15_csv,LARGE_dtc_experiment_code_CONTROL_py_13_csv,0.94485
LARGE_dtc_experiment_code_CONTROL_py_11_csv,LARGE_dtc_experiment_code_CONTROL_py_16_csv,0.94505
LARGE_dtc_experiment_code_CONTROL_py_16_csv,LARGE_dtc_experiment_code_CONTROL_py_11_csv,0.94505
LARGE_dtc_experiment_code_CONTROL_py_16_csv,LARGE_dtc_experiment_code_CONTROL_py_17_csv,0.94505
LARGE_dtc_experiment_code_CONTROL_py_17_csv,LARGE_dtc_experiment_code_CONTROL_py_16_csv,0.94505
LARGE_dtc_experiment_code_CONTROL_py_10_csv,LARGE_dtc_experiment_code_CONTROL_py_17_csv,0.94526
LARGE_dtc_experiment_code_CONTROL_py_17_csv,LARGE_dtc_experiment_code_CONTROL_py_10_csv,0.94526
LARGE_dtc_experiment_code_CONTROL_py_15_csv,LARGE_dtc_experiment_code_CONTROL_py_16_csv,0.94872
LARGE_dtc_experiment_code_CONTROL_py_16_csv,LARGE_dtc_experiment_code_CONTROL_py_15_csv,0.94872
LARGE_dtc_experiment_code_CONTROL_py_12_csv,LARGE_dtc_experiment_code_CONTROL_py_15_csv,0.95076
LARGE_dtc_experiment_code_CONTROL_py_15_csv,LARGE_dtc_experiment_code_CONTROL_py_12_csv,0.95076
LARGE_dtc_experiment_code_CONTROL_py_10_csv,LARGE_dtc_experiment_code_CONTROL_py_11_csv,0.95255
LARGE_dtc_experiment_code_CONTROL_py_11_csv,LARGE_dtc_experiment_code_CONTROL_py_10_csv,0.95255
LARGE_dtc_experiment_code_CONTROL_py_15_csv,LARGE_dtc_experiment_code_CONTROL_py_17_csv,0.95367
LARGE_dtc_experiment_code_CONTROL_py_17_csv,LARGE_dtc_experiment_code_CONTROL_py_15_csv,0.95367
LARGE_dtc_experiment_code_CONTROL_py_11_csv,LARGE_dtc_experiment_code_CONTROL_py_12_csv,0.95455
LARGE_dtc_experiment_code_CONTROL_py_12_csv,LARGE_dtc_experiment_code_CONTROL_py_11_csv,0.95455
LARGE_dtc_experiment_code_CONTROL_py_11_csv,LARGE_dtc_experiment_code_CONTROL_py_13_csv,0.95588
LARGE_dtc_experiment_code_CONTROL_py_13_csv,LARGE_dtc_experiment_code_CONTROL_py_11_csv,0.95588
LARGE_dtc_experiment_code_CONTROL_py_12_csv,LARGE_dtc_experiment_code_CONTROL_py_14_csv,0.95833
LARGE_dtc_experiment_code_CONTROL_py_14_csv,LARGE_dtc_experiment_code_CONTROL_py_12_csv,0.95833
LARGE_dtc_experiment_code_CONTROL_py_12_csv,LARGE_dtc_experiment_code_CONTROL_py_17_csv,0.96212
LARGE_dtc_experiment_code_CONTROL_py_17_csv,LARGE_dtc_experiment_code_CONTROL_py_12_csv,0.96212
LARGE_dtc_experiment_code_CONTROL_py_11_csv,LARGE_dtc_experiment_code_CONTROL_py_14_csv,0.96887
LARGE_dtc_experiment_code_CONTROL_py_14_csv,LARGE_dtc_experiment_code_CONTROL_py_11_csv,0.96887
LARGE_dtc_experiment_code_CONTROL_py_14_csv,LARGE_dtc_experiment_code_CONTROL_py_17_csv,0.96887
LARGE_dtc_experiment_code_CONTROL_py_17_csv,LARGE_dtc_experiment_code_CONTROL_py_14_csv,0.96887
LARGE_dtc_experiment_code_CONTROL_py_11_csv,LARGE_dtc_experiment_code_CONTROL_py_17_csv,0.98431
LARGE_dtc_experiment_code_CONTROL_py_17_csv,LARGE_dtc_experiment_code_CONTROL_py_11_csv,0.98431
