LARGE_dtc_experiment_code_TRAIN_py_14_csv	LARGE_dtc_experiment_code_TRAIN_py_14_csv	0,04211
LARGE_dtc_experiment_code_TRAIN_py_12_csv	LARGE_dtc_experiment_code_TRAIN_py_12_csv	0,05000
LARGE_dtc_experiment_code_TRAIN_py_0_csv	LARGE_dtc_experiment_code_TRAIN_py_0_csv	0,05069
LARGE_dtc_experiment_code_TRAIN_py_18_csv	LARGE_dtc_experiment_code_TRAIN_py_18_csv	0,05172
LARGE_dtc_experiment_code_CONTROL_py_16_csv	LARGE_dtc_experiment_code_CONTROL_py_16_csv	0,05195
LARGE_dtc_experiment_code_TRAIN_py_13_csv	LARGE_dtc_experiment_code_TRAIN_py_13_csv	0,05628
LARGE_dtc_experiment_code_TRAIN_py_15_csv	LARGE_dtc_experiment_code_TRAIN_py_15_csv	0,05759
LARGE_dtc_experiment_code_TRAIN_py_16_csv	LARGE_dtc_experiment_code_TRAIN_py_16_csv	0,05797
LARGE_dtc_experiment_code_TRAIN_py_10_csv	LARGE_dtc_experiment_code_TRAIN_py_10_csv	0,05911
LARGE_dtc_experiment_code_TRAIN_py_11_csv	LARGE_dtc_experiment_code_TRAIN_py_11_csv	0,06011
LARGE_dtc_experiment_code_CONTROL_py_12_csv	LARGE_dtc_experiment_code_CONTROL_py_12_csv	0,06040
LARGE_dtc_experiment_code_CONTROL_py_17_csv	LARGE_dtc_experiment_code_CONTROL_py_17_csv	0,06081
LARGE_dtc_experiment_code_CONTROL_py_15_csv	LARGE_dtc_experiment_code_CONTROL_py_15_csv	0,06207
LARGE_dtc_experiment_code_CONTROL_py_10_csv	LARGE_dtc_experiment_code_CONTROL_py_10_csv	0,06250
LARGE_dtc_experiment_code_TRAIN_py_17_csv	LARGE_dtc_experiment_code_TRAIN_py_17_csv	0,06316
LARGE_dtc_experiment_code_CONTROL_py_14_csv	LARGE_dtc_experiment_code_CONTROL_py_14_csv	0,06536
LARGE_dtc_experiment_code_CONTROL_py_13_csv	LARGE_dtc_experiment_code_CONTROL_py_13_csv	0,06623
LARGE_dtc_experiment_code_CONTROL_py_11_csv	LARGE_dtc_experiment_code_CONTROL_py_11_csv	0,06918
LARGE_dtc_experiment_code_CONTROL_py_0_csv	LARGE_dtc_experiment_code_CONTROL_py_0_csv	0,07027
LARGE_dtc_experiment_code_CONTROL_py_18_csv	LARGE_dtc_experiment_code_CONTROL_py_18_csv	0,07143
LARGE_dtc_experiment_code_CONTROL_py_12_csv	LARGE_dtc_experiment_code_CONTROL_py_14_csv	0,67974
LARGE_dtc_experiment_code_CONTROL_py_11_csv	LARGE_dtc_experiment_code_CONTROL_py_10_csv	0,71250
LARGE_dtc_experiment_code_CONTROL_py_18_csv	LARGE_dtc_experiment_code_CONTROL_py_16_csv	0,72078
LARGE_dtc_experiment_code_CONTROL_py_16_csv	LARGE_dtc_experiment_code_CONTROL_py_10_csv	0,73750
LARGE_dtc_experiment_code_CONTROL_py_12_csv	LARGE_dtc_experiment_code_CONTROL_py_16_csv	0,74026
LARGE_dtc_experiment_code_CONTROL_py_16_csv	LARGE_dtc_experiment_code_CONTROL_py_18_csv	0,74026
LARGE_dtc_experiment_code_CONTROL_py_17_csv	LARGE_dtc_experiment_code_CONTROL_py_16_csv	0,74026
LARGE_dtc_experiment_code_CONTROL_py_15_csv	LARGE_dtc_experiment_code_CONTROL_py_17_csv	0,74324
LARGE_dtc_experiment_code_CONTROL_py_14_csv	LARGE_dtc_experiment_code_CONTROL_py_13_csv	0,74510
LARGE_dtc_experiment_code_CONTROL_py_15_csv	LARGE_dtc_experiment_code_CONTROL_py_16_csv	0,74675
LARGE_dtc_experiment_code_CONTROL_py_16_csv	LARGE_dtc_experiment_code_CONTROL_py_13_csv	0,74675
LARGE_dtc_experiment_code_CONTROL_py_16_csv	LARGE_dtc_experiment_code_CONTROL_py_14_csv	0,74675
LARGE_dtc_experiment_code_CONTROL_py_16_csv	LARGE_dtc_experiment_code_CONTROL_py_17_csv	0,74675
LARGE_dtc_experiment_code_CONTROL_py_11_csv	LARGE_dtc_experiment_code_CONTROL_py_12_csv	0,74843
LARGE_dtc_experiment_code_CONTROL_py_15_csv	LARGE_dtc_experiment_code_CONTROL_py_14_csv	0,75163
LARGE_dtc_experiment_code_CONTROL_py_15_csv	LARGE_dtc_experiment_code_CONTROL_py_18_csv	0,75172
LARGE_dtc_experiment_code_CONTROL_py_12_csv	LARGE_dtc_experiment_code_CONTROL_py_11_csv	0,75472
LARGE_dtc_experiment_code_CONTROL_py_15_csv	LARGE_dtc_experiment_code_CONTROL_py_11_csv	0,75472
LARGE_dtc_experiment_code_CONTROL_py_17_csv	LARGE_dtc_experiment_code_CONTROL_py_13_csv	0,75497
LARGE_dtc_experiment_code_CONTROL_py_18_csv	LARGE_dtc_experiment_code_CONTROL_py_13_csv	0,75497
LARGE_dtc_experiment_code_CONTROL_py_12_csv	LARGE_dtc_experiment_code_CONTROL_py_10_csv	0,75625
LARGE_dtc_experiment_code_CONTROL_py_18_csv	LARGE_dtc_experiment_code_CONTROL_py_10_csv	0,75625
LARGE_dtc_experiment_code_CONTROL_py_18_csv	LARGE_dtc_experiment_code_CONTROL_py_14_csv	0,75817
LARGE_dtc_experiment_code_CONTROL_py_15_csv	LARGE_dtc_experiment_code_CONTROL_py_12_csv	0,75839
LARGE_dtc_experiment_code_CONTROL_py_17_csv	LARGE_dtc_experiment_code_CONTROL_py_12_csv	0,75839
LARGE_dtc_experiment_code_TRAIN_py_15_csv	LARGE_dtc_experiment_code_TRAIN_py_16_csv	0,75845
LARGE_dtc_experiment_code_CONTROL_py_13_csv	LARGE_dtc_experiment_code_CONTROL_py_16_csv	0,75974
LARGE_dtc_experiment_code_CONTROL_py_16_csv	LARGE_dtc_experiment_code_CONTROL_py_12_csv	0,75974
LARGE_dtc_experiment_code_CONTROL_py_13_csv	LARGE_dtc_experiment_code_CONTROL_py_12_csv	0,76159
LARGE_dtc_experiment_code_CONTROL_py_13_csv	LARGE_dtc_experiment_code_CONTROL_py_17_csv	0,76159
LARGE_dtc_experiment_code_CONTROL_py_16_csv	LARGE_dtc_experiment_code_CONTROL_py_0_csv	0,76216
LARGE_dtc_experiment_code_CONTROL_py_10_csv	LARGE_dtc_experiment_code_CONTROL_py_11_csv	0,76250
LARGE_dtc_experiment_code_CONTROL_py_14_csv	LARGE_dtc_experiment_code_CONTROL_py_10_csv	0,76250
LARGE_dtc_experiment_code_CONTROL_py_17_csv	LARGE_dtc_experiment_code_CONTROL_py_15_csv	0,76351
LARGE_dtc_experiment_code_CONTROL_py_17_csv	LARGE_dtc_experiment_code_CONTROL_py_18_csv	0,76351
LARGE_dtc_experiment_code_CONTROL_py_18_csv	LARGE_dtc_experiment_code_CONTROL_py_17_csv	0,76351
LARGE_dtc_experiment_code_CONTROL_py_13_csv	LARGE_dtc_experiment_code_CONTROL_py_14_csv	0,76471
LARGE_dtc_experiment_code_TRAIN_py_11_csv	LARGE_dtc_experiment_code_CONTROL_py_14_csv	0,76503
LARGE_dtc_experiment_code_CONTROL_py_12_csv	LARGE_dtc_experiment_code_CONTROL_py_18_csv	0,76510
LARGE_dtc_experiment_code_CONTROL_py_16_csv	LARGE_dtc_experiment_code_CONTROL_py_15_csv	0,76623
LARGE_dtc_experiment_code_CONTROL_py_14_csv	LARGE_dtc_experiment_code_CONTROL_py_11_csv	0,76730
LARGE_dtc_experiment_code_CONTROL_py_16_csv	LARGE_dtc_experiment_code_CONTROL_py_11_csv	0,76730
LARGE_dtc_experiment_code_CONTROL_py_15_csv	LARGE_dtc_experiment_code_CONTROL_py_13_csv	0,76821
LARGE_dtc_experiment_code_TRAIN_py_12_csv	LARGE_dtc_experiment_code_TRAIN_py_14_csv	0,76842
LARGE_dtc_experiment_code_TRAIN_py_17_csv	LARGE_dtc_experiment_code_TRAIN_py_14_csv	0,76842
LARGE_dtc_experiment_code_TRAIN_py_10_csv	LARGE_dtc_experiment_code_TRAIN_py_14_csv	0,76847
LARGE_dtc_experiment_code_TRAIN_py_15_csv	LARGE_dtc_experiment_code_TRAIN_py_10_csv	0,76847
LARGE_dtc_experiment_code_CONTROL_py_10_csv	LARGE_dtc_experiment_code_CONTROL_py_14_csv	0,76875
LARGE_dtc_experiment_code_CONTROL_py_15_csv	LARGE_dtc_experiment_code_CONTROL_py_10_csv	0,76875
LARGE_dtc_experiment_code_CONTROL_py_17_csv	LARGE_dtc_experiment_code_CONTROL_py_10_csv	0,76875
LARGE_dtc_experiment_code_TRAIN_py_11_csv	LARGE_dtc_experiment_code_CONTROL_py_10_csv	0,77049
LARGE_dtc_experiment_code_TRAIN_py_11_csv	LARGE_dtc_experiment_code_CONTROL_py_11_csv	0,77049
LARGE_dtc_experiment_code_TRAIN_py_11_csv	LARGE_dtc_experiment_code_CONTROL_py_16_csv	0,77049
LARGE_dtc_experiment_code_CONTROL_py_17_csv	LARGE_dtc_experiment_code_CONTROL_py_14_csv	0,77124
LARGE_dtc_experiment_code_TRAIN_py_18_csv	LARGE_dtc_experiment_code_TRAIN_py_14_csv	0,77155
LARGE_dtc_experiment_code_CONTROL_py_18_csv	LARGE_dtc_experiment_code_CONTROL_py_15_csv	0,77241
LARGE_dtc_experiment_code_CONTROL_py_14_csv	LARGE_dtc_experiment_code_CONTROL_py_16_csv	0,77273
LARGE_dtc_experiment_code_TRAIN_py_16_csv	LARGE_dtc_experiment_code_TRAIN_py_15_csv	0,77295
LARGE_dtc_experiment_code_CONTROL_py_17_csv	LARGE_dtc_experiment_code_CONTROL_py_0_csv	0,77297
LARGE_dtc_experiment_code_TRAIN_py_10_csv	LARGE_dtc_experiment_code_CONTROL_py_0_csv	0,77340
LARGE_dtc_experiment_code_CONTROL_py_11_csv	LARGE_dtc_experiment_code_CONTROL_py_14_csv	0,77358
LARGE_dtc_experiment_code_TRAIN_py_11_csv	LARGE_dtc_experiment_code_TRAIN_py_14_csv	0,77368
LARGE_dtc_experiment_code_TRAIN_py_11_csv	LARGE_dtc_experiment_code_TRAIN_py_17_csv	0,77368
LARGE_dtc_experiment_code_TRAIN_py_14_csv	LARGE_dtc_experiment_code_TRAIN_py_12_csv	0,77368
LARGE_dtc_experiment_code_TRAIN_py_17_csv	LARGE_dtc_experiment_code_CONTROL_py_12_csv	0,77368
LARGE_dtc_experiment_code_TRAIN_py_15_csv	LARGE_dtc_experiment_code_CONTROL_py_10_csv	0,77487
LARGE_dtc_experiment_code_TRAIN_py_11_csv	LARGE_dtc_experiment_code_CONTROL_py_17_csv	0,77596
LARGE_dtc_experiment_code_TRAIN_py_12_csv	LARGE_dtc_experiment_code_CONTROL_py_14_csv	0,77778
LARGE_dtc_experiment_code_TRAIN_py_12_csv	LARGE_dtc_experiment_code_CONTROL_py_0_csv	0,77838
LARGE_dtc_experiment_code_CONTROL_py_0_csv	LARGE_dtc_experiment_code_CONTROL_py_16_csv	0,77838
LARGE_dtc_experiment_code_CONTROL_py_12_csv	LARGE_dtc_experiment_code_CONTROL_py_0_csv	0,77838
LARGE_dtc_experiment_code_CONTROL_py_15_csv	LARGE_dtc_experiment_code_CONTROL_py_0_csv	0,77838
LARGE_dtc_experiment_code_CONTROL_py_18_csv	LARGE_dtc_experiment_code_CONTROL_py_0_csv	0,77838
LARGE_dtc_experiment_code_CONTROL_py_12_csv	LARGE_dtc_experiment_code_CONTROL_py_17_csv	0,77852
LARGE_dtc_experiment_code_CONTROL_py_18_csv	LARGE_dtc_experiment_code_CONTROL_py_12_csv	0,77852
LARGE_dtc_experiment_code_TRAIN_py_0_csv	LARGE_dtc_experiment_code_TRAIN_py_16_csv	0,77880
LARGE_dtc_experiment_code_TRAIN_py_0_csv	LARGE_dtc_experiment_code_CONTROL_py_16_csv	0,77880
LARGE_dtc_experiment_code_TRAIN_py_16_csv	LARGE_dtc_experiment_code_TRAIN_py_0_csv	0,77880
LARGE_dtc_experiment_code_TRAIN_py_14_csv	LARGE_dtc_experiment_code_TRAIN_py_11_csv	0,77895
LARGE_dtc_experiment_code_TRAIN_py_14_csv	LARGE_dtc_experiment_code_CONTROL_py_0_csv	0,77895
LARGE_dtc_experiment_code_TRAIN_py_14_csv	LARGE_dtc_experiment_code_CONTROL_py_12_csv	0,77895
LARGE_dtc_experiment_code_CONTROL_py_11_csv	LARGE_dtc_experiment_code_CONTROL_py_13_csv	0,77987
LARGE_dtc_experiment_code_CONTROL_py_13_csv	LARGE_dtc_experiment_code_CONTROL_py_11_csv	0,77987
LARGE_dtc_experiment_code_CONTROL_py_17_csv	LARGE_dtc_experiment_code_CONTROL_py_11_csv	0,77987
LARGE_dtc_experiment_code_TRAIN_py_14_csv	LARGE_dtc_experiment_code_TRAIN_py_15_csv	0,78010
LARGE_dtc_experiment_code_CONTROL_py_10_csv	LARGE_dtc_experiment_code_CONTROL_py_12_csv	0,78125
LARGE_dtc_experiment_code_CONTROL_py_13_csv	LARGE_dtc_experiment_code_CONTROL_py_10_csv	0,78125
LARGE_dtc_experiment_code_CONTROL_py_17_csv	LARGE_dtc_experiment_code_TRAIN_py_11_csv	0,78142
LARGE_dtc_experiment_code_CONTROL_py_12_csv	LARGE_dtc_experiment_code_CONTROL_py_13_csv	0,78146
LARGE_dtc_experiment_code_CONTROL_py_13_csv	LARGE_dtc_experiment_code_CONTROL_py_15_csv	0,78146
LARGE_dtc_experiment_code_TRAIN_py_10_csv	LARGE_dtc_experiment_code_TRAIN_py_16_csv	0,78261
LARGE_dtc_experiment_code_TRAIN_py_14_csv	LARGE_dtc_experiment_code_TRAIN_py_16_csv	0,78261
LARGE_dtc_experiment_code_TRAIN_py_10_csv	LARGE_dtc_experiment_code_CONTROL_py_14_csv	0,78325
LARGE_dtc_experiment_code_TRAIN_py_14_csv	LARGE_dtc_experiment_code_TRAIN_py_10_csv	0,78325
LARGE_dtc_experiment_code_TRAIN_py_0_csv	LARGE_dtc_experiment_code_TRAIN_py_10_csv	0,78341
LARGE_dtc_experiment_code_TRAIN_py_0_csv	LARGE_dtc_experiment_code_CONTROL_py_0_csv	0,78341
LARGE_dtc_experiment_code_TRAIN_py_0_csv	LARGE_dtc_experiment_code_CONTROL_py_11_csv	0,78341
LARGE_dtc_experiment_code_CONTROL_py_11_csv	LARGE_dtc_experiment_code_TRAIN_py_0_csv	0,78341
LARGE_dtc_experiment_code_CONTROL_py_11_csv	LARGE_dtc_experiment_code_CONTROL_py_0_csv	0,78378
LARGE_dtc_experiment_code_TRAIN_py_14_csv	LARGE_dtc_experiment_code_CONTROL_py_10_csv	0,78421
LARGE_dtc_experiment_code_TRAIN_py_14_csv	LARGE_dtc_experiment_code_CONTROL_py_16_csv	0,78421
LARGE_dtc_experiment_code_TRAIN_py_14_csv	LARGE_dtc_experiment_code_CONTROL_py_17_csv	0,78421
LARGE_dtc_experiment_code_TRAIN_py_17_csv	LARGE_dtc_experiment_code_TRAIN_py_12_csv	0,78421
LARGE_dtc_experiment_code_CONTROL_py_16_csv	LARGE_dtc_experiment_code_TRAIN_py_14_csv	0,78421
LARGE_dtc_experiment_code_CONTROL_py_14_csv	LARGE_dtc_experiment_code_CONTROL_py_12_csv	0,78431
LARGE_dtc_experiment_code_CONTROL_py_14_csv	LARGE_dtc_experiment_code_CONTROL_py_17_csv	0,78431
LARGE_dtc_experiment_code_TRAIN_py_15_csv	LARGE_dtc_experiment_code_TRAIN_py_11_csv	0,78534
LARGE_dtc_experiment_code_TRAIN_py_15_csv	LARGE_dtc_experiment_code_TRAIN_py_12_csv	0,78534
LARGE_dtc_experiment_code_TRAIN_py_15_csv	LARGE_dtc_experiment_code_CONTROL_py_0_csv	0,78534
LARGE_dtc_experiment_code_TRAIN_py_15_csv	LARGE_dtc_experiment_code_CONTROL_py_12_csv	0,78534
LARGE_dtc_experiment_code_CONTROL_py_18_csv	LARGE_dtc_experiment_code_CONTROL_py_11_csv	0,78616
LARGE_dtc_experiment_code_TRAIN_py_11_csv	LARGE_dtc_experiment_code_TRAIN_py_12_csv	0,78689
LARGE_dtc_experiment_code_TRAIN_py_11_csv	LARGE_dtc_experiment_code_TRAIN_py_16_csv	0,78744
LARGE_dtc_experiment_code_CONTROL_py_10_csv	LARGE_dtc_experiment_code_CONTROL_py_13_csv	0,78750
LARGE_dtc_experiment_code_CONTROL_py_10_csv	LARGE_dtc_experiment_code_CONTROL_py_16_csv	0,78750
LARGE_dtc_experiment_code_TRAIN_py_10_csv	LARGE_dtc_experiment_code_CONTROL_py_16_csv	0,78818
LARGE_dtc_experiment_code_TRAIN_py_12_csv	LARGE_dtc_experiment_code_CONTROL_py_12_csv	0,78889
LARGE_dtc_experiment_code_CONTROL_py_0_csv	LARGE_dtc_experiment_code_CONTROL_py_10_csv	0,78919
LARGE_dtc_experiment_code_CONTROL_py_0_csv	LARGE_dtc_experiment_code_CONTROL_py_18_csv	0,78919
LARGE_dtc_experiment_code_TRAIN_py_17_csv	LARGE_dtc_experiment_code_CONTROL_py_10_csv	0,78947
LARGE_dtc_experiment_code_CONTROL_py_14_csv	LARGE_dtc_experiment_code_TRAIN_py_14_csv	0,78947
LARGE_dtc_experiment_code_TRAIN_py_15_csv	LARGE_dtc_experiment_code_TRAIN_py_17_csv	0,79058
LARGE_dtc_experiment_code_TRAIN_py_15_csv	LARGE_dtc_experiment_code_CONTROL_py_16_csv	0,79058
LARGE_dtc_experiment_code_CONTROL_py_14_csv	LARGE_dtc_experiment_code_CONTROL_py_18_csv	0,79085
LARGE_dtc_experiment_code_CONTROL_py_0_csv	LARGE_dtc_experiment_code_TRAIN_py_16_csv	0,79227
LARGE_dtc_experiment_code_TRAIN_py_11_csv	LARGE_dtc_experiment_code_CONTROL_py_13_csv	0,79235
LARGE_dtc_experiment_code_CONTROL_py_11_csv	LARGE_dtc_experiment_code_TRAIN_py_11_csv	0,79235
LARGE_dtc_experiment_code_CONTROL_py_11_csv	LARGE_dtc_experiment_code_CONTROL_py_17_csv	0,79245
LARGE_dtc_experiment_code_TRAIN_py_0_csv	LARGE_dtc_experiment_code_TRAIN_py_18_csv	0,79310
LARGE_dtc_experiment_code_TRAIN_py_10_csv	LARGE_dtc_experiment_code_TRAIN_py_15_csv	0,79310
LARGE_dtc_experiment_code_TRAIN_py_10_csv	LARGE_dtc_experiment_code_CONTROL_py_12_csv	0,79310
LARGE_dtc_experiment_code_TRAIN_py_14_csv	LARGE_dtc_experiment_code_TRAIN_py_18_csv	0,79310
LARGE_dtc_experiment_code_TRAIN_py_12_csv	LARGE_dtc_experiment_code_CONTROL_py_10_csv	0,79444
LARGE_dtc_experiment_code_TRAIN_py_12_csv	LARGE_dtc_experiment_code_CONTROL_py_11_csv	0,79444
LARGE_dtc_experiment_code_CONTROL_py_11_csv	LARGE_dtc_experiment_code_TRAIN_py_12_csv	0,79444
LARGE_dtc_experiment_code_CONTROL_py_14_csv	LARGE_dtc_experiment_code_TRAIN_py_12_csv	0,79444
LARGE_dtc_experiment_code_CONTROL_py_18_csv	LARGE_dtc_experiment_code_TRAIN_py_12_csv	0,79444
LARGE_dtc_experiment_code_CONTROL_py_0_csv	LARGE_dtc_experiment_code_TRAIN_py_12_csv	0,79459
LARGE_dtc_experiment_code_CONTROL_py_13_csv	LARGE_dtc_experiment_code_CONTROL_py_18_csv	0,79470
LARGE_dtc_experiment_code_TRAIN_py_14_csv	LARGE_dtc_experiment_code_TRAIN_py_17_csv	0,79474
LARGE_dtc_experiment_code_TRAIN_py_17_csv	LARGE_dtc_experiment_code_CONTROL_py_14_csv	0,79474
LARGE_dtc_experiment_code_CONTROL_py_15_csv	LARGE_dtc_experiment_code_TRAIN_py_14_csv	0,79474
LARGE_dtc_experiment_code_TRAIN_py_11_csv	LARGE_dtc_experiment_code_TRAIN_py_15_csv	0,79581
LARGE_dtc_experiment_code_TRAIN_py_10_csv	LARGE_dtc_experiment_code_TRAIN_py_13_csv	0,79654
LARGE_dtc_experiment_code_TRAIN_py_16_csv	LARGE_dtc_experiment_code_TRAIN_py_14_csv	0,79710
LARGE_dtc_experiment_code_TRAIN_py_16_csv	LARGE_dtc_experiment_code_CONTROL_py_0_csv	0,79710
LARGE_dtc_experiment_code_TRAIN_py_10_csv	LARGE_dtc_experiment_code_TRAIN_py_0_csv	0,79724
LARGE_dtc_experiment_code_CONTROL_py_16_csv	LARGE_dtc_experiment_code_TRAIN_py_11_csv	0,79781
LARGE_dtc_experiment_code_TRAIN_py_10_csv	LARGE_dtc_experiment_code_CONTROL_py_13_csv	0,79803
LARGE_dtc_experiment_code_TRAIN_py_10_csv	LARGE_dtc_experiment_code_CONTROL_py_17_csv	0,79803
LARGE_dtc_experiment_code_TRAIN_py_11_csv	LARGE_dtc_experiment_code_TRAIN_py_10_csv	0,79803
LARGE_dtc_experiment_code_CONTROL_py_17_csv	LARGE_dtc_experiment_code_TRAIN_py_10_csv	0,79803
LARGE_dtc_experiment_code_CONTROL_py_11_csv	LARGE_dtc_experiment_code_CONTROL_py_15_csv	0,79874
LARGE_dtc_experiment_code_CONTROL_py_11_csv	LARGE_dtc_experiment_code_CONTROL_py_16_csv	0,79874
LARGE_dtc_experiment_code_TRAIN_py_11_csv	LARGE_dtc_experiment_code_CONTROL_py_0_csv	0,80000
LARGE_dtc_experiment_code_TRAIN_py_12_csv	LARGE_dtc_experiment_code_CONTROL_py_17_csv	0,80000
LARGE_dtc_experiment_code_TRAIN_py_14_csv	LARGE_dtc_experiment_code_CONTROL_py_14_csv	0,80000
LARGE_dtc_experiment_code_TRAIN_py_14_csv	LARGE_dtc_experiment_code_CONTROL_py_18_csv	0,80000
LARGE_dtc_experiment_code_TRAIN_py_17_csv	LARGE_dtc_experiment_code_CONTROL_py_0_csv	0,80000
LARGE_dtc_experiment_code_CONTROL_py_10_csv	LARGE_dtc_experiment_code_CONTROL_py_0_csv	0,80000
LARGE_dtc_experiment_code_CONTROL_py_12_csv	LARGE_dtc_experiment_code_TRAIN_py_14_csv	0,80000
LARGE_dtc_experiment_code_CONTROL_py_13_csv	LARGE_dtc_experiment_code_TRAIN_py_14_csv	0,80000
LARGE_dtc_experiment_code_CONTROL_py_14_csv	LARGE_dtc_experiment_code_TRAIN_py_17_csv	0,80000
LARGE_dtc_experiment_code_CONTROL_py_14_csv	LARGE_dtc_experiment_code_CONTROL_py_0_csv	0,80000
LARGE_dtc_experiment_code_CONTROL_py_15_csv	LARGE_dtc_experiment_code_TRAIN_py_17_csv	0,80000
LARGE_dtc_experiment_code_CONTROL_py_16_csv	LARGE_dtc_experiment_code_TRAIN_py_17_csv	0,80000
LARGE_dtc_experiment_code_CONTROL_py_17_csv	LARGE_dtc_experiment_code_TRAIN_py_14_csv	0,80000
LARGE_dtc_experiment_code_TRAIN_py_0_csv	LARGE_dtc_experiment_code_TRAIN_py_13_csv	0,80087
LARGE_dtc_experiment_code_TRAIN_py_13_csv	LARGE_dtc_experiment_code_TRAIN_py_14_csv	0,80087
LARGE_dtc_experiment_code_TRAIN_py_14_csv	LARGE_dtc_experiment_code_TRAIN_py_13_csv	0,80087
LARGE_dtc_experiment_code_TRAIN_py_15_csv	LARGE_dtc_experiment_code_TRAIN_py_14_csv	0,80105
LARGE_dtc_experiment_code_TRAIN_py_17_csv	LARGE_dtc_experiment_code_TRAIN_py_15_csv	0,80105
LARGE_dtc_experiment_code_CONTROL_py_15_csv	LARGE_dtc_experiment_code_TRAIN_py_15_csv	0,80105
LARGE_dtc_experiment_code_TRAIN_py_18_csv	LARGE_dtc_experiment_code_TRAIN_py_10_csv	0,80172
LARGE_dtc_experiment_code_TRAIN_py_0_csv	LARGE_dtc_experiment_code_TRAIN_py_14_csv	0,80184
LARGE_dtc_experiment_code_TRAIN_py_12_csv	LARGE_dtc_experiment_code_TRAIN_py_16_csv	0,80193
LARGE_dtc_experiment_code_TRAIN_py_16_csv	LARGE_dtc_experiment_code_TRAIN_py_10_csv	0,80193
LARGE_dtc_experiment_code_TRAIN_py_16_csv	LARGE_dtc_experiment_code_TRAIN_py_11_csv	0,80193
LARGE_dtc_experiment_code_TRAIN_py_16_csv	LARGE_dtc_experiment_code_CONTROL_py_12_csv	0,80193
LARGE_dtc_experiment_code_TRAIN_py_16_csv	LARGE_dtc_experiment_code_CONTROL_py_16_csv	0,80193
LARGE_dtc_experiment_code_TRAIN_py_17_csv	LARGE_dtc_experiment_code_TRAIN_py_16_csv	0,80193
LARGE_dtc_experiment_code_CONTROL_py_11_csv	LARGE_dtc_experiment_code_TRAIN_py_16_csv	0,80193
LARGE_dtc_experiment_code_CONTROL_py_12_csv	LARGE_dtc_experiment_code_TRAIN_py_16_csv	0,80193
LARGE_dtc_experiment_code_CONTROL_py_17_csv	LARGE_dtc_experiment_code_TRAIN_py_16_csv	0,80193
LARGE_dtc_experiment_code_TRAIN_py_10_csv	LARGE_dtc_experiment_code_TRAIN_py_11_csv	0,80296
LARGE_dtc_experiment_code_TRAIN_py_10_csv	LARGE_dtc_experiment_code_TRAIN_py_12_csv	0,80296
LARGE_dtc_experiment_code_TRAIN_py_17_csv	LARGE_dtc_experiment_code_TRAIN_py_10_csv	0,80296
LARGE_dtc_experiment_code_CONTROL_py_14_csv	LARGE_dtc_experiment_code_TRAIN_py_10_csv	0,80296
LARGE_dtc_experiment_code_TRAIN_py_11_csv	LARGE_dtc_experiment_code_CONTROL_py_18_csv	0,80328
LARGE_dtc_experiment_code_TRAIN_py_12_csv	LARGE_dtc_experiment_code_TRAIN_py_11_csv	0,80328
LARGE_dtc_experiment_code_CONTROL_py_14_csv	LARGE_dtc_experiment_code_TRAIN_py_11_csv	0,80328
LARGE_dtc_experiment_code_TRAIN_py_13_csv	LARGE_dtc_experiment_code_TRAIN_py_0_csv	0,80519
LARGE_dtc_experiment_code_TRAIN_py_14_csv	LARGE_dtc_experiment_code_CONTROL_py_13_csv	0,80526
LARGE_dtc_experiment_code_TRAIN_py_17_csv	LARGE_dtc_experiment_code_CONTROL_py_11_csv	0,80526
LARGE_dtc_experiment_code_CONTROL_py_10_csv	LARGE_dtc_experiment_code_TRAIN_py_17_csv	0,80526
LARGE_dtc_experiment_code_CONTROL_py_11_csv	LARGE_dtc_experiment_code_TRAIN_py_17_csv	0,80526
LARGE_dtc_experiment_code_CONTROL_py_12_csv	LARGE_dtc_experiment_code_CONTROL_py_15_csv	0,80537
LARGE_dtc_experiment_code_CONTROL_py_0_csv	LARGE_dtc_experiment_code_CONTROL_py_15_csv	0,80541
LARGE_dtc_experiment_code_TRAIN_py_12_csv	LARGE_dtc_experiment_code_CONTROL_py_13_csv	0,80556
LARGE_dtc_experiment_code_TRAIN_py_12_csv	LARGE_dtc_experiment_code_CONTROL_py_16_csv	0,80556
LARGE_dtc_experiment_code_CONTROL_py_17_csv	LARGE_dtc_experiment_code_TRAIN_py_12_csv	0,80556
LARGE_dtc_experiment_code_TRAIN_py_18_csv	LARGE_dtc_experiment_code_TRAIN_py_0_csv	0,80603
LARGE_dtc_experiment_code_TRAIN_py_18_csv	LARGE_dtc_experiment_code_TRAIN_py_16_csv	0,80603
LARGE_dtc_experiment_code_TRAIN_py_18_csv	LARGE_dtc_experiment_code_CONTROL_py_16_csv	0,80603
LARGE_dtc_experiment_code_CONTROL_py_10_csv	LARGE_dtc_experiment_code_CONTROL_py_18_csv	0,80625
LARGE_dtc_experiment_code_CONTROL_py_10_csv	LARGE_dtc_experiment_code_TRAIN_py_15_csv	0,80628
LARGE_dtc_experiment_code_CONTROL_py_16_csv	LARGE_dtc_experiment_code_TRAIN_py_15_csv	0,80628
LARGE_dtc_experiment_code_TRAIN_py_0_csv	LARGE_dtc_experiment_code_CONTROL_py_10_csv	0,80645
LARGE_dtc_experiment_code_TRAIN_py_14_csv	LARGE_dtc_experiment_code_TRAIN_py_0_csv	0,80645
LARGE_dtc_experiment_code_CONTROL_py_16_csv	LARGE_dtc_experiment_code_TRAIN_py_16_csv	0,80676
LARGE_dtc_experiment_code_TRAIN_py_10_csv	LARGE_dtc_experiment_code_TRAIN_py_17_csv	0,80788
LARGE_dtc_experiment_code_TRAIN_py_10_csv	LARGE_dtc_experiment_code_CONTROL_py_15_csv	0,80788
LARGE_dtc_experiment_code_CONTROL_py_13_csv	LARGE_dtc_experiment_code_TRAIN_py_11_csv	0,80874
LARGE_dtc_experiment_code_CONTROL_py_18_csv	LARGE_dtc_experiment_code_TRAIN_py_11_csv	0,80874
LARGE_dtc_experiment_code_TRAIN_py_18_csv	LARGE_dtc_experiment_code_CONTROL_py_12_csv	0,81034
LARGE_dtc_experiment_code_CONTROL_py_14_csv	LARGE_dtc_experiment_code_CONTROL_py_15_csv	0,81046
LARGE_dtc_experiment_code_TRAIN_py_12_csv	LARGE_dtc_experiment_code_TRAIN_py_17_csv	0,81053
LARGE_dtc_experiment_code_TRAIN_py_17_csv	LARGE_dtc_experiment_code_CONTROL_py_16_csv	0,81053
LARGE_dtc_experiment_code_CONTROL_py_17_csv	LARGE_dtc_experiment_code_TRAIN_py_17_csv	0,81053
LARGE_dtc_experiment_code_CONTROL_py_18_csv	LARGE_dtc_experiment_code_TRAIN_py_14_csv	0,81053
LARGE_dtc_experiment_code_CONTROL_py_18_csv	LARGE_dtc_experiment_code_TRAIN_py_17_csv	0,81053
LARGE_dtc_experiment_code_CONTROL_py_0_csv	LARGE_dtc_experiment_code_CONTROL_py_11_csv	0,81081
LARGE_dtc_experiment_code_CONTROL_py_0_csv	LARGE_dtc_experiment_code_CONTROL_py_13_csv	0,81081
LARGE_dtc_experiment_code_CONTROL_py_0_csv	LARGE_dtc_experiment_code_CONTROL_py_14_csv	0,81081
LARGE_dtc_experiment_code_TRAIN_py_0_csv	LARGE_dtc_experiment_code_TRAIN_py_11_csv	0,81106
LARGE_dtc_experiment_code_TRAIN_py_0_csv	LARGE_dtc_experiment_code_TRAIN_py_15_csv	0,81106
LARGE_dtc_experiment_code_TRAIN_py_11_csv	LARGE_dtc_experiment_code_TRAIN_py_0_csv	0,81106
LARGE_dtc_experiment_code_TRAIN_py_17_csv	LARGE_dtc_experiment_code_TRAIN_py_0_csv	0,81106
LARGE_dtc_experiment_code_CONTROL_py_10_csv	LARGE_dtc_experiment_code_TRAIN_py_0_csv	0,81106
LARGE_dtc_experiment_code_CONTROL_py_15_csv	LARGE_dtc_experiment_code_TRAIN_py_0_csv	0,81106
LARGE_dtc_experiment_code_CONTROL_py_18_csv	LARGE_dtc_experiment_code_TRAIN_py_0_csv	0,81106
LARGE_dtc_experiment_code_CONTROL_py_11_csv	LARGE_dtc_experiment_code_CONTROL_py_18_csv	0,81132
LARGE_dtc_experiment_code_TRAIN_py_12_csv	LARGE_dtc_experiment_code_TRAIN_py_15_csv	0,81152
LARGE_dtc_experiment_code_TRAIN_py_15_csv	LARGE_dtc_experiment_code_CONTROL_py_17_csv	0,81152
LARGE_dtc_experiment_code_CONTROL_py_12_csv	LARGE_dtc_experiment_code_TRAIN_py_15_csv	0,81152
LARGE_dtc_experiment_code_CONTROL_py_18_csv	LARGE_dtc_experiment_code_TRAIN_py_15_csv	0,81152
LARGE_dtc_experiment_code_TRAIN_py_16_csv	LARGE_dtc_experiment_code_CONTROL_py_11_csv	0,81159
LARGE_dtc_experiment_code_TRAIN_py_10_csv	LARGE_dtc_experiment_code_CONTROL_py_10_csv	0,81281
LARGE_dtc_experiment_code_TRAIN_py_10_csv	LARGE_dtc_experiment_code_CONTROL_py_11_csv	0,81281
LARGE_dtc_experiment_code_CONTROL_py_11_csv	LARGE_dtc_experiment_code_TRAIN_py_10_csv	0,81281
LARGE_dtc_experiment_code_CONTROL_py_13_csv	LARGE_dtc_experiment_code_TRAIN_py_10_csv	0,81281
LARGE_dtc_experiment_code_TRAIN_py_13_csv	LARGE_dtc_experiment_code_CONTROL_py_0_csv	0,81385
LARGE_dtc_experiment_code_TRAIN_py_13_csv	LARGE_dtc_experiment_code_CONTROL_py_16_csv	0,81385
LARGE_dtc_experiment_code_TRAIN_py_15_csv	LARGE_dtc_experiment_code_TRAIN_py_13_csv	0,81385
LARGE_dtc_experiment_code_TRAIN_py_11_csv	LARGE_dtc_experiment_code_CONTROL_py_12_csv	0,81421
LARGE_dtc_experiment_code_CONTROL_py_15_csv	LARGE_dtc_experiment_code_TRAIN_py_11_csv	0,81421
LARGE_dtc_experiment_code_TRAIN_py_12_csv	LARGE_dtc_experiment_code_TRAIN_py_18_csv	0,81466
LARGE_dtc_experiment_code_TRAIN_py_17_csv	LARGE_dtc_experiment_code_TRAIN_py_18_csv	0,81466
LARGE_dtc_experiment_code_TRAIN_py_0_csv	LARGE_dtc_experiment_code_CONTROL_py_15_csv	0,81567
LARGE_dtc_experiment_code_TRAIN_py_12_csv	LARGE_dtc_experiment_code_TRAIN_py_0_csv	0,81567
LARGE_dtc_experiment_code_CONTROL_py_0_csv	LARGE_dtc_experiment_code_TRAIN_py_0_csv	0,81567
LARGE_dtc_experiment_code_CONTROL_py_12_csv	LARGE_dtc_experiment_code_TRAIN_py_0_csv	0,81567
LARGE_dtc_experiment_code_TRAIN_py_17_csv	LARGE_dtc_experiment_code_TRAIN_py_11_csv	0,81579
LARGE_dtc_experiment_code_TRAIN_py_17_csv	LARGE_dtc_experiment_code_CONTROL_py_17_csv	0,81579
LARGE_dtc_experiment_code_TRAIN_py_17_csv	LARGE_dtc_experiment_code_CONTROL_py_18_csv	0,81579
LARGE_dtc_experiment_code_CONTROL_py_10_csv	LARGE_dtc_experiment_code_TRAIN_py_14_csv	0,81579
LARGE_dtc_experiment_code_CONTROL_py_11_csv	LARGE_dtc_experiment_code_TRAIN_py_14_csv	0,81579
LARGE_dtc_experiment_code_CONTROL_py_0_csv	LARGE_dtc_experiment_code_TRAIN_py_11_csv	0,81622
LARGE_dtc_experiment_code_CONTROL_py_0_csv	LARGE_dtc_experiment_code_CONTROL_py_12_csv	0,81622
LARGE_dtc_experiment_code_CONTROL_py_0_csv	LARGE_dtc_experiment_code_CONTROL_py_17_csv	0,81622
LARGE_dtc_experiment_code_CONTROL_py_13_csv	LARGE_dtc_experiment_code_CONTROL_py_0_csv	0,81622
LARGE_dtc_experiment_code_TRAIN_py_16_csv	LARGE_dtc_experiment_code_TRAIN_py_12_csv	0,81643
LARGE_dtc_experiment_code_TRAIN_py_16_csv	LARGE_dtc_experiment_code_CONTROL_py_10_csv	0,81643
LARGE_dtc_experiment_code_TRAIN_py_12_csv	LARGE_dtc_experiment_code_CONTROL_py_15_csv	0,81667
LARGE_dtc_experiment_code_CONTROL_py_16_csv	LARGE_dtc_experiment_code_TRAIN_py_12_csv	0,81667
LARGE_dtc_experiment_code_TRAIN_py_15_csv	LARGE_dtc_experiment_code_CONTROL_py_11_csv	0,81675
LARGE_dtc_experiment_code_TRAIN_py_15_csv	LARGE_dtc_experiment_code_CONTROL_py_13_csv	0,81675
LARGE_dtc_experiment_code_TRAIN_py_15_csv	LARGE_dtc_experiment_code_CONTROL_py_14_csv	0,81675
LARGE_dtc_experiment_code_CONTROL_py_0_csv	LARGE_dtc_experiment_code_TRAIN_py_15_csv	0,81675
LARGE_dtc_experiment_code_CONTROL_py_14_csv	LARGE_dtc_experiment_code_TRAIN_py_15_csv	0,81675
LARGE_dtc_experiment_code_TRAIN_py_10_csv	LARGE_dtc_experiment_code_CONTROL_py_18_csv	0,81773
LARGE_dtc_experiment_code_CONTROL_py_16_csv	LARGE_dtc_experiment_code_TRAIN_py_10_csv	0,81773
LARGE_dtc_experiment_code_TRAIN_py_15_csv	LARGE_dtc_experiment_code_TRAIN_py_18_csv	0,81897
LARGE_dtc_experiment_code_TRAIN_py_16_csv	LARGE_dtc_experiment_code_TRAIN_py_18_csv	0,81897
LARGE_dtc_experiment_code_TRAIN_py_18_csv	LARGE_dtc_experiment_code_TRAIN_py_13_csv	0,81897
LARGE_dtc_experiment_code_TRAIN_py_18_csv	LARGE_dtc_experiment_code_CONTROL_py_11_csv	0,81897
LARGE_dtc_experiment_code_TRAIN_py_11_csv	LARGE_dtc_experiment_code_CONTROL_py_15_csv	0,81967
LARGE_dtc_experiment_code_CONTROL_py_12_csv	LARGE_dtc_experiment_code_TRAIN_py_11_csv	0,81967
LARGE_dtc_experiment_code_TRAIN_py_0_csv	LARGE_dtc_experiment_code_TRAIN_py_12_csv	0,82028
LARGE_dtc_experiment_code_TRAIN_py_0_csv	LARGE_dtc_experiment_code_CONTROL_py_12_csv	0,82028
LARGE_dtc_experiment_code_TRAIN_py_14_csv	LARGE_dtc_experiment_code_CONTROL_py_11_csv	0,82105
LARGE_dtc_experiment_code_TRAIN_py_14_csv	LARGE_dtc_experiment_code_CONTROL_py_15_csv	0,82105
LARGE_dtc_experiment_code_TRAIN_py_17_csv	LARGE_dtc_experiment_code_CONTROL_py_13_csv	0,82105
LARGE_dtc_experiment_code_TRAIN_py_17_csv	LARGE_dtc_experiment_code_CONTROL_py_15_csv	0,82105
LARGE_dtc_experiment_code_CONTROL_py_12_csv	LARGE_dtc_experiment_code_TRAIN_py_17_csv	0,82105
LARGE_dtc_experiment_code_TRAIN_py_16_csv	LARGE_dtc_experiment_code_CONTROL_py_14_csv	0,82126
LARGE_dtc_experiment_code_CONTROL_py_10_csv	LARGE_dtc_experiment_code_TRAIN_py_16_csv	0,82126
LARGE_dtc_experiment_code_CONTROL_py_14_csv	LARGE_dtc_experiment_code_TRAIN_py_16_csv	0,82126
LARGE_dtc_experiment_code_TRAIN_py_15_csv	LARGE_dtc_experiment_code_CONTROL_py_15_csv	0,82199
LARGE_dtc_experiment_code_CONTROL_py_11_csv	LARGE_dtc_experiment_code_TRAIN_py_15_csv	0,82199
LARGE_dtc_experiment_code_TRAIN_py_12_csv	LARGE_dtc_experiment_code_CONTROL_py_18_csv	0,82222
LARGE_dtc_experiment_code_CONTROL_py_12_csv	LARGE_dtc_experiment_code_TRAIN_py_12_csv	0,82222
LARGE_dtc_experiment_code_CONTROL_py_15_csv	LARGE_dtc_experiment_code_TRAIN_py_12_csv	0,82222
LARGE_dtc_experiment_code_TRAIN_py_16_csv	LARGE_dtc_experiment_code_TRAIN_py_13_csv	0,82251
LARGE_dtc_experiment_code_CONTROL_py_0_csv	LARGE_dtc_experiment_code_TRAIN_py_13_csv	0,82251
LARGE_dtc_experiment_code_TRAIN_py_12_csv	LARGE_dtc_experiment_code_TRAIN_py_10_csv	0,82266
LARGE_dtc_experiment_code_CONTROL_py_0_csv	LARGE_dtc_experiment_code_TRAIN_py_10_csv	0,82266
LARGE_dtc_experiment_code_CONTROL_py_15_csv	LARGE_dtc_experiment_code_TRAIN_py_10_csv	0,82266
LARGE_dtc_experiment_code_TRAIN_py_18_csv	LARGE_dtc_experiment_code_TRAIN_py_12_csv	0,82328
LARGE_dtc_experiment_code_TRAIN_py_18_csv	LARGE_dtc_experiment_code_TRAIN_py_15_csv	0,82328
LARGE_dtc_experiment_code_TRAIN_py_18_csv	LARGE_dtc_experiment_code_TRAIN_py_17_csv	0,82328
LARGE_dtc_experiment_code_CONTROL_py_11_csv	LARGE_dtc_experiment_code_TRAIN_py_18_csv	0,82328
LARGE_dtc_experiment_code_CONTROL_py_15_csv	LARGE_dtc_experiment_code_TRAIN_py_18_csv	0,82328
LARGE_dtc_experiment_code_TRAIN_py_0_csv	LARGE_dtc_experiment_code_CONTROL_py_14_csv	0,82488
LARGE_dtc_experiment_code_TRAIN_py_15_csv	LARGE_dtc_experiment_code_TRAIN_py_0_csv	0,82488
LARGE_dtc_experiment_code_CONTROL_py_16_csv	LARGE_dtc_experiment_code_TRAIN_py_0_csv	0,82488
LARGE_dtc_experiment_code_CONTROL_py_17_csv	LARGE_dtc_experiment_code_TRAIN_py_0_csv	0,82488
LARGE_dtc_experiment_code_CONTROL_py_10_csv	LARGE_dtc_experiment_code_CONTROL_py_15_csv	0,82500
LARGE_dtc_experiment_code_TRAIN_py_16_csv	LARGE_dtc_experiment_code_TRAIN_py_17_csv	0,82609
LARGE_dtc_experiment_code_CONTROL_py_0_csv	LARGE_dtc_experiment_code_TRAIN_py_14_csv	0,82632
LARGE_dtc_experiment_code_TRAIN_py_12_csv	LARGE_dtc_experiment_code_TRAIN_py_13_csv	0,82684
LARGE_dtc_experiment_code_TRAIN_py_13_csv	LARGE_dtc_experiment_code_TRAIN_py_15_csv	0,82684
LARGE_dtc_experiment_code_TRAIN_py_13_csv	LARGE_dtc_experiment_code_TRAIN_py_16_csv	0,82684
LARGE_dtc_experiment_code_TRAIN_py_17_csv	LARGE_dtc_experiment_code_TRAIN_py_13_csv	0,82684
LARGE_dtc_experiment_code_TRAIN_py_15_csv	LARGE_dtc_experiment_code_CONTROL_py_18_csv	0,82723
LARGE_dtc_experiment_code_CONTROL_py_13_csv	LARGE_dtc_experiment_code_TRAIN_py_15_csv	0,82723
LARGE_dtc_experiment_code_TRAIN_py_18_csv	LARGE_dtc_experiment_code_TRAIN_py_11_csv	0,82759
LARGE_dtc_experiment_code_TRAIN_py_18_csv	LARGE_dtc_experiment_code_CONTROL_py_0_csv	0,82759
LARGE_dtc_experiment_code_TRAIN_py_18_csv	LARGE_dtc_experiment_code_CONTROL_py_14_csv	0,82759
LARGE_dtc_experiment_code_TRAIN_py_18_csv	LARGE_dtc_experiment_code_CONTROL_py_17_csv	0,82759
LARGE_dtc_experiment_code_CONTROL_py_12_csv	LARGE_dtc_experiment_code_TRAIN_py_18_csv	0,82759
LARGE_dtc_experiment_code_CONTROL_py_18_csv	LARGE_dtc_experiment_code_TRAIN_py_10_csv	0,82759
LARGE_dtc_experiment_code_CONTROL_py_10_csv	LARGE_dtc_experiment_code_TRAIN_py_12_csv	0,82778
LARGE_dtc_experiment_code_CONTROL_py_13_csv	LARGE_dtc_experiment_code_TRAIN_py_12_csv	0,82778
LARGE_dtc_experiment_code_TRAIN_py_0_csv	LARGE_dtc_experiment_code_CONTROL_py_13_csv	0,82949
LARGE_dtc_experiment_code_TRAIN_py_0_csv	LARGE_dtc_experiment_code_CONTROL_py_18_csv	0,82949
LARGE_dtc_experiment_code_CONTROL_py_14_csv	LARGE_dtc_experiment_code_TRAIN_py_0_csv	0,82949
LARGE_dtc_experiment_code_CONTROL_py_10_csv	LARGE_dtc_experiment_code_TRAIN_py_11_csv	0,83060
LARGE_dtc_experiment_code_TRAIN_py_16_csv	LARGE_dtc_experiment_code_CONTROL_py_13_csv	0,83092
LARGE_dtc_experiment_code_TRAIN_py_16_csv	LARGE_dtc_experiment_code_CONTROL_py_17_csv	0,83092
LARGE_dtc_experiment_code_CONTROL_py_13_csv	LARGE_dtc_experiment_code_TRAIN_py_16_csv	0,83092
LARGE_dtc_experiment_code_CONTROL_py_18_csv	LARGE_dtc_experiment_code_TRAIN_py_16_csv	0,83092
LARGE_dtc_experiment_code_TRAIN_py_11_csv	LARGE_dtc_experiment_code_TRAIN_py_13_csv	0,83117
LARGE_dtc_experiment_code_CONTROL_py_11_csv	LARGE_dtc_experiment_code_TRAIN_py_13_csv	0,83117
LARGE_dtc_experiment_code_CONTROL_py_12_csv	LARGE_dtc_experiment_code_TRAIN_py_13_csv	0,83117
LARGE_dtc_experiment_code_CONTROL_py_18_csv	LARGE_dtc_experiment_code_TRAIN_py_13_csv	0,83117
LARGE_dtc_experiment_code_CONTROL_py_10_csv	LARGE_dtc_experiment_code_CONTROL_py_17_csv	0,83125
LARGE_dtc_experiment_code_CONTROL_py_0_csv	LARGE_dtc_experiment_code_TRAIN_py_17_csv	0,83158
LARGE_dtc_experiment_code_TRAIN_py_11_csv	LARGE_dtc_experiment_code_TRAIN_py_18_csv	0,83190
LARGE_dtc_experiment_code_CONTROL_py_10_csv	LARGE_dtc_experiment_code_TRAIN_py_10_csv	0,83251
LARGE_dtc_experiment_code_CONTROL_py_12_csv	LARGE_dtc_experiment_code_TRAIN_py_10_csv	0,83251
LARGE_dtc_experiment_code_TRAIN_py_0_csv	LARGE_dtc_experiment_code_TRAIN_py_17_csv	0,83410
LARGE_dtc_experiment_code_TRAIN_py_0_csv	LARGE_dtc_experiment_code_CONTROL_py_17_csv	0,83410
LARGE_dtc_experiment_code_TRAIN_py_13_csv	LARGE_dtc_experiment_code_TRAIN_py_10_csv	0,83550
LARGE_dtc_experiment_code_TRAIN_py_13_csv	LARGE_dtc_experiment_code_CONTROL_py_10_csv	0,83550
LARGE_dtc_experiment_code_TRAIN_py_16_csv	LARGE_dtc_experiment_code_CONTROL_py_18_csv	0,83575
LARGE_dtc_experiment_code_CONTROL_py_15_csv	LARGE_dtc_experiment_code_TRAIN_py_16_csv	0,83575
LARGE_dtc_experiment_code_TRAIN_py_13_csv	LARGE_dtc_experiment_code_TRAIN_py_18_csv	0,83621
LARGE_dtc_experiment_code_TRAIN_py_18_csv	LARGE_dtc_experiment_code_CONTROL_py_10_csv	0,83621
LARGE_dtc_experiment_code_TRAIN_py_18_csv	LARGE_dtc_experiment_code_CONTROL_py_15_csv	0,83621
LARGE_dtc_experiment_code_TRAIN_py_18_csv	LARGE_dtc_experiment_code_CONTROL_py_18_csv	0,83621
LARGE_dtc_experiment_code_CONTROL_py_14_csv	LARGE_dtc_experiment_code_TRAIN_py_18_csv	0,83621
LARGE_dtc_experiment_code_CONTROL_py_16_csv	LARGE_dtc_experiment_code_TRAIN_py_18_csv	0,83621
LARGE_dtc_experiment_code_TRAIN_py_13_csv	LARGE_dtc_experiment_code_TRAIN_py_11_csv	0,83983
LARGE_dtc_experiment_code_TRAIN_py_13_csv	LARGE_dtc_experiment_code_TRAIN_py_17_csv	0,83983
LARGE_dtc_experiment_code_TRAIN_py_13_csv	LARGE_dtc_experiment_code_CONTROL_py_12_csv	0,83983
LARGE_dtc_experiment_code_TRAIN_py_13_csv	LARGE_dtc_experiment_code_CONTROL_py_14_csv	0,83983
LARGE_dtc_experiment_code_TRAIN_py_10_csv	LARGE_dtc_experiment_code_TRAIN_py_18_csv	0,84052
LARGE_dtc_experiment_code_TRAIN_py_18_csv	LARGE_dtc_experiment_code_CONTROL_py_13_csv	0,84052
LARGE_dtc_experiment_code_CONTROL_py_17_csv	LARGE_dtc_experiment_code_TRAIN_py_15_csv	0,84293
LARGE_dtc_experiment_code_TRAIN_py_13_csv	LARGE_dtc_experiment_code_CONTROL_py_11_csv	0,84416
LARGE_dtc_experiment_code_TRAIN_py_13_csv	LARGE_dtc_experiment_code_CONTROL_py_13_csv	0,84416
LARGE_dtc_experiment_code_CONTROL_py_10_csv	LARGE_dtc_experiment_code_TRAIN_py_13_csv	0,84416
LARGE_dtc_experiment_code_CONTROL_py_13_csv	LARGE_dtc_experiment_code_TRAIN_py_13_csv	0,84416
LARGE_dtc_experiment_code_CONTROL_py_14_csv	LARGE_dtc_experiment_code_TRAIN_py_13_csv	0,84416
LARGE_dtc_experiment_code_CONTROL_py_16_csv	LARGE_dtc_experiment_code_TRAIN_py_13_csv	0,84416
LARGE_dtc_experiment_code_CONTROL_py_10_csv	LARGE_dtc_experiment_code_TRAIN_py_18_csv	0,84483
LARGE_dtc_experiment_code_CONTROL_py_13_csv	LARGE_dtc_experiment_code_TRAIN_py_17_csv	0,84737
LARGE_dtc_experiment_code_TRAIN_py_13_csv	LARGE_dtc_experiment_code_TRAIN_py_12_csv	0,84848
LARGE_dtc_experiment_code_TRAIN_py_13_csv	LARGE_dtc_experiment_code_CONTROL_py_17_csv	0,84848
LARGE_dtc_experiment_code_TRAIN_py_13_csv	LARGE_dtc_experiment_code_CONTROL_py_18_csv	0,84848
LARGE_dtc_experiment_code_CONTROL_py_17_csv	LARGE_dtc_experiment_code_TRAIN_py_13_csv	0,84848
LARGE_dtc_experiment_code_CONTROL_py_17_csv	LARGE_dtc_experiment_code_TRAIN_py_18_csv	0,84914
LARGE_dtc_experiment_code_CONTROL_py_18_csv	LARGE_dtc_experiment_code_TRAIN_py_18_csv	0,84914
LARGE_dtc_experiment_code_TRAIN_py_16_csv	LARGE_dtc_experiment_code_CONTROL_py_15_csv	0,85507
LARGE_dtc_experiment_code_CONTROL_py_0_csv	LARGE_dtc_experiment_code_TRAIN_py_18_csv	0,85776
LARGE_dtc_experiment_code_CONTROL_py_13_csv	LARGE_dtc_experiment_code_TRAIN_py_18_csv	0,85776
LARGE_dtc_experiment_code_CONTROL_py_15_csv	LARGE_dtc_experiment_code_TRAIN_py_13_csv	0,86147
LARGE_dtc_experiment_code_CONTROL_py_13_csv	LARGE_dtc_experiment_code_TRAIN_py_0_csv	0,86636
LARGE_dtc_experiment_code_TRAIN_py_13_csv	LARGE_dtc_experiment_code_CONTROL_py_15_csv	0,88312
