LARGE_dtc_experiment_code_CONTROL_py_12_csv	LARGE_dtc_experiment_code_CONTROL_py_12_csv	0,19531
LARGE_dtc_experiment_code_MEMORY_py_12_csv	LARGE_dtc_experiment_code_MEMORY_py_12_csv	0,20000
LARGE_dtc_experiment_code_CONTROL_py_18_csv	LARGE_dtc_experiment_code_CONTROL_py_18_csv	0,20168
LARGE_dtc_experiment_code_CONTROL_py_17_csv	LARGE_dtc_experiment_code_CONTROL_py_17_csv	0,20472
LARGE_dtc_experiment_code_MEMORY_py_13_csv	LARGE_dtc_experiment_code_MEMORY_py_13_csv	0,20800
LARGE_dtc_experiment_code_CONTROL_py_15_csv	LARGE_dtc_experiment_code_CONTROL_py_15_csv	0,20800
LARGE_dtc_experiment_code_MEMORY_py_10_csv	LARGE_dtc_experiment_code_MEMORY_py_10_csv	0,20930
LARGE_dtc_experiment_code_CONTROL_py_13_csv	LARGE_dtc_experiment_code_CONTROL_py_13_csv	0,21094
LARGE_dtc_experiment_code_MEMORY_py_16_csv	LARGE_dtc_experiment_code_MEMORY_py_16_csv	0,21260
LARGE_dtc_experiment_code_MEMORY_py_0_csv	LARGE_dtc_experiment_code_MEMORY_py_0_csv	0,21374
LARGE_dtc_experiment_code_MEMORY_py_11_csv	LARGE_dtc_experiment_code_MEMORY_py_11_csv	0,21374
LARGE_dtc_experiment_code_MEMORY_py_15_csv	LARGE_dtc_experiment_code_MEMORY_py_15_csv	0,21600
LARGE_dtc_experiment_code_MEMORY_py_17_csv	LARGE_dtc_experiment_code_MEMORY_py_17_csv	0,21642
LARGE_dtc_experiment_code_MEMORY_py_14_csv	LARGE_dtc_experiment_code_MEMORY_py_14_csv	0,21875
LARGE_dtc_experiment_code_MEMORY_py_18_csv	LARGE_dtc_experiment_code_MEMORY_py_18_csv	0,22047
LARGE_dtc_experiment_code_CONTROL_py_16_csv	LARGE_dtc_experiment_code_CONTROL_py_16_csv	0,22308
LARGE_dtc_experiment_code_CONTROL_py_14_csv	LARGE_dtc_experiment_code_CONTROL_py_14_csv	0,22400
LARGE_dtc_experiment_code_CONTROL_py_10_csv	LARGE_dtc_experiment_code_CONTROL_py_10_csv	0,22481
LARGE_dtc_experiment_code_CONTROL_py_11_csv	LARGE_dtc_experiment_code_CONTROL_py_11_csv	0,24219
LARGE_dtc_experiment_code_CONTROL_py_0_csv	LARGE_dtc_experiment_code_CONTROL_py_0_csv	0,24324
LARGE_dtc_experiment_code_CONTROL_py_17_csv	LARGE_dtc_experiment_code_CONTROL_py_12_csv	0,61719
LARGE_dtc_experiment_code_MEMORY_py_12_csv	LARGE_dtc_experiment_code_CONTROL_py_13_csv	0,62500
LARGE_dtc_experiment_code_CONTROL_py_12_csv	LARGE_dtc_experiment_code_CONTROL_py_17_csv	0,62500
LARGE_dtc_experiment_code_CONTROL_py_13_csv	LARGE_dtc_experiment_code_MEMORY_py_12_csv	0,62500
LARGE_dtc_experiment_code_MEMORY_py_17_csv	LARGE_dtc_experiment_code_CONTROL_py_16_csv	0,62687
LARGE_dtc_experiment_code_CONTROL_py_16_csv	LARGE_dtc_experiment_code_MEMORY_py_17_csv	0,62687
LARGE_dtc_experiment_code_MEMORY_py_18_csv	LARGE_dtc_experiment_code_CONTROL_py_15_csv	0,62992
LARGE_dtc_experiment_code_MEMORY_py_16_csv	LARGE_dtc_experiment_code_CONTROL_py_12_csv	0,63281
LARGE_dtc_experiment_code_MEMORY_py_18_csv	LARGE_dtc_experiment_code_CONTROL_py_13_csv	0,63281
LARGE_dtc_experiment_code_CONTROL_py_12_csv	LARGE_dtc_experiment_code_MEMORY_py_16_csv	0,63281
LARGE_dtc_experiment_code_MEMORY_py_10_csv	LARGE_dtc_experiment_code_MEMORY_py_16_csv	0,63566
LARGE_dtc_experiment_code_MEMORY_py_16_csv	LARGE_dtc_experiment_code_MEMORY_py_10_csv	0,63566
LARGE_dtc_experiment_code_MEMORY_py_16_csv	LARGE_dtc_experiment_code_CONTROL_py_17_csv	0,63780
LARGE_dtc_experiment_code_MEMORY_py_18_csv	LARGE_dtc_experiment_code_CONTROL_py_17_csv	0,63780
LARGE_dtc_experiment_code_MEMORY_py_13_csv	LARGE_dtc_experiment_code_CONTROL_py_12_csv	0,64062
LARGE_dtc_experiment_code_MEMORY_py_14_csv	LARGE_dtc_experiment_code_CONTROL_py_12_csv	0,64062
LARGE_dtc_experiment_code_CONTROL_py_13_csv	LARGE_dtc_experiment_code_MEMORY_py_18_csv	0,64062
LARGE_dtc_experiment_code_CONTROL_py_13_csv	LARGE_dtc_experiment_code_CONTROL_py_17_csv	0,64062
LARGE_dtc_experiment_code_MEMORY_py_0_csv	LARGE_dtc_experiment_code_CONTROL_py_17_csv	0,64122
LARGE_dtc_experiment_code_MEMORY_py_17_csv	LARGE_dtc_experiment_code_MEMORY_py_14_csv	0,64179
LARGE_dtc_experiment_code_MEMORY_py_18_csv	LARGE_dtc_experiment_code_MEMORY_py_12_csv	0,64567
LARGE_dtc_experiment_code_MEMORY_py_16_csv	LARGE_dtc_experiment_code_CONTROL_py_16_csv	0,64615
LARGE_dtc_experiment_code_CONTROL_py_16_csv	LARGE_dtc_experiment_code_CONTROL_py_12_csv	0,64615
LARGE_dtc_experiment_code_MEMORY_py_15_csv	LARGE_dtc_experiment_code_MEMORY_py_13_csv	0,64800
LARGE_dtc_experiment_code_MEMORY_py_12_csv	LARGE_dtc_experiment_code_CONTROL_py_12_csv	0,64844
LARGE_dtc_experiment_code_MEMORY_py_14_csv	LARGE_dtc_experiment_code_CONTROL_py_15_csv	0,64844
LARGE_dtc_experiment_code_MEMORY_py_14_csv	LARGE_dtc_experiment_code_CONTROL_py_17_csv	0,64844
LARGE_dtc_experiment_code_CONTROL_py_12_csv	LARGE_dtc_experiment_code_MEMORY_py_13_csv	0,64844
LARGE_dtc_experiment_code_CONTROL_py_15_csv	LARGE_dtc_experiment_code_MEMORY_py_14_csv	0,64844
LARGE_dtc_experiment_code_MEMORY_py_11_csv	LARGE_dtc_experiment_code_MEMORY_py_16_csv	0,64885
LARGE_dtc_experiment_code_MEMORY_py_16_csv	LARGE_dtc_experiment_code_MEMORY_py_11_csv	0,64885
LARGE_dtc_experiment_code_MEMORY_py_17_csv	LARGE_dtc_experiment_code_CONTROL_py_17_csv	0,64925
LARGE_dtc_experiment_code_MEMORY_py_10_csv	LARGE_dtc_experiment_code_MEMORY_py_15_csv	0,65116
LARGE_dtc_experiment_code_MEMORY_py_15_csv	LARGE_dtc_experiment_code_MEMORY_py_10_csv	0,65116
LARGE_dtc_experiment_code_MEMORY_py_18_csv	LARGE_dtc_experiment_code_MEMORY_py_13_csv	0,65354
LARGE_dtc_experiment_code_MEMORY_py_18_csv	LARGE_dtc_experiment_code_MEMORY_py_16_csv	0,65354
LARGE_dtc_experiment_code_CONTROL_py_15_csv	LARGE_dtc_experiment_code_CONTROL_py_17_csv	0,65354
LARGE_dtc_experiment_code_CONTROL_py_16_csv	LARGE_dtc_experiment_code_MEMORY_py_12_csv	0,65385
LARGE_dtc_experiment_code_CONTROL_py_16_csv	LARGE_dtc_experiment_code_MEMORY_py_16_csv	0,65385
LARGE_dtc_experiment_code_CONTROL_py_16_csv	LARGE_dtc_experiment_code_CONTROL_py_17_csv	0,65385
LARGE_dtc_experiment_code_CONTROL_py_14_csv	LARGE_dtc_experiment_code_MEMORY_py_13_csv	0,65600
LARGE_dtc_experiment_code_CONTROL_py_11_csv	LARGE_dtc_experiment_code_CONTROL_py_12_csv	0,65625
LARGE_dtc_experiment_code_CONTROL_py_11_csv	LARGE_dtc_experiment_code_CONTROL_py_17_csv	0,65625
LARGE_dtc_experiment_code_CONTROL_py_12_csv	LARGE_dtc_experiment_code_MEMORY_py_14_csv	0,65625
LARGE_dtc_experiment_code_CONTROL_py_12_csv	LARGE_dtc_experiment_code_CONTROL_py_11_csv	0,65625
LARGE_dtc_experiment_code_CONTROL_py_13_csv	LARGE_dtc_experiment_code_CONTROL_py_12_csv	0,65625
LARGE_dtc_experiment_code_CONTROL_py_17_csv	LARGE_dtc_experiment_code_MEMORY_py_14_csv	0,65625
LARGE_dtc_experiment_code_CONTROL_py_17_csv	LARGE_dtc_experiment_code_CONTROL_py_13_csv	0,65625
LARGE_dtc_experiment_code_CONTROL_py_18_csv	LARGE_dtc_experiment_code_CONTROL_py_12_csv	0,65625
LARGE_dtc_experiment_code_MEMORY_py_11_csv	LARGE_dtc_experiment_code_MEMORY_py_10_csv	0,65649
LARGE_dtc_experiment_code_MEMORY_py_12_csv	LARGE_dtc_experiment_code_MEMORY_py_11_csv	0,65649
LARGE_dtc_experiment_code_CONTROL_py_17_csv	LARGE_dtc_experiment_code_MEMORY_py_0_csv	0,65649
LARGE_dtc_experiment_code_MEMORY_py_17_csv	LARGE_dtc_experiment_code_MEMORY_py_16_csv	0,65672
LARGE_dtc_experiment_code_MEMORY_py_17_csv	LARGE_dtc_experiment_code_MEMORY_py_18_csv	0,65672
LARGE_dtc_experiment_code_MEMORY_py_17_csv	LARGE_dtc_experiment_code_CONTROL_py_12_csv	0,65672
LARGE_dtc_experiment_code_MEMORY_py_18_csv	LARGE_dtc_experiment_code_CONTROL_py_10_csv	0,65891
LARGE_dtc_experiment_code_CONTROL_py_13_csv	LARGE_dtc_experiment_code_MEMORY_py_10_csv	0,65891
LARGE_dtc_experiment_code_MEMORY_py_12_csv	LARGE_dtc_experiment_code_MEMORY_py_18_csv	0,66142
LARGE_dtc_experiment_code_MEMORY_py_13_csv	LARGE_dtc_experiment_code_MEMORY_py_16_csv	0,66142
LARGE_dtc_experiment_code_MEMORY_py_13_csv	LARGE_dtc_experiment_code_CONTROL_py_17_csv	0,66142
LARGE_dtc_experiment_code_MEMORY_py_15_csv	LARGE_dtc_experiment_code_CONTROL_py_17_csv	0,66142
LARGE_dtc_experiment_code_MEMORY_py_16_csv	LARGE_dtc_experiment_code_MEMORY_py_13_csv	0,66142
LARGE_dtc_experiment_code_MEMORY_py_16_csv	LARGE_dtc_experiment_code_MEMORY_py_18_csv	0,66142
LARGE_dtc_experiment_code_MEMORY_py_16_csv	LARGE_dtc_experiment_code_CONTROL_py_15_csv	0,66142
LARGE_dtc_experiment_code_CONTROL_py_15_csv	LARGE_dtc_experiment_code_MEMORY_py_16_csv	0,66142
LARGE_dtc_experiment_code_CONTROL_py_15_csv	LARGE_dtc_experiment_code_MEMORY_py_18_csv	0,66142
LARGE_dtc_experiment_code_CONTROL_py_17_csv	LARGE_dtc_experiment_code_MEMORY_py_13_csv	0,66142
LARGE_dtc_experiment_code_CONTROL_py_17_csv	LARGE_dtc_experiment_code_MEMORY_py_16_csv	0,66142
LARGE_dtc_experiment_code_CONTROL_py_17_csv	LARGE_dtc_experiment_code_CONTROL_py_18_csv	0,66142
LARGE_dtc_experiment_code_CONTROL_py_18_csv	LARGE_dtc_experiment_code_CONTROL_py_17_csv	0,66142
LARGE_dtc_experiment_code_MEMORY_py_10_csv	LARGE_dtc_experiment_code_CONTROL_py_16_csv	0,66154
LARGE_dtc_experiment_code_MEMORY_py_12_csv	LARGE_dtc_experiment_code_CONTROL_py_16_csv	0,66154
LARGE_dtc_experiment_code_MEMORY_py_18_csv	LARGE_dtc_experiment_code_CONTROL_py_16_csv	0,66154
LARGE_dtc_experiment_code_CONTROL_py_12_csv	LARGE_dtc_experiment_code_CONTROL_py_16_csv	0,66154
LARGE_dtc_experiment_code_CONTROL_py_16_csv	LARGE_dtc_experiment_code_MEMORY_py_10_csv	0,66154
LARGE_dtc_experiment_code_CONTROL_py_16_csv	LARGE_dtc_experiment_code_MEMORY_py_18_csv	0,66154
LARGE_dtc_experiment_code_MEMORY_py_13_csv	LARGE_dtc_experiment_code_CONTROL_py_14_csv	0,66400
LARGE_dtc_experiment_code_MEMORY_py_15_csv	LARGE_dtc_experiment_code_CONTROL_py_18_csv	0,66400
LARGE_dtc_experiment_code_CONTROL_py_15_csv	LARGE_dtc_experiment_code_CONTROL_py_18_csv	0,66400
LARGE_dtc_experiment_code_MEMORY_py_14_csv	LARGE_dtc_experiment_code_CONTROL_py_11_csv	0,66406
LARGE_dtc_experiment_code_MEMORY_py_15_csv	LARGE_dtc_experiment_code_CONTROL_py_12_csv	0,66406
LARGE_dtc_experiment_code_MEMORY_py_16_csv	LARGE_dtc_experiment_code_CONTROL_py_13_csv	0,66406
LARGE_dtc_experiment_code_MEMORY_py_18_csv	LARGE_dtc_experiment_code_CONTROL_py_12_csv	0,66406
LARGE_dtc_experiment_code_CONTROL_py_11_csv	LARGE_dtc_experiment_code_MEMORY_py_13_csv	0,66406
LARGE_dtc_experiment_code_CONTROL_py_11_csv	LARGE_dtc_experiment_code_MEMORY_py_14_csv	0,66406
LARGE_dtc_experiment_code_CONTROL_py_12_csv	LARGE_dtc_experiment_code_MEMORY_py_12_csv	0,66406
LARGE_dtc_experiment_code_CONTROL_py_12_csv	LARGE_dtc_experiment_code_CONTROL_py_13_csv	0,66406
LARGE_dtc_experiment_code_CONTROL_py_12_csv	LARGE_dtc_experiment_code_CONTROL_py_18_csv	0,66406
LARGE_dtc_experiment_code_CONTROL_py_13_csv	LARGE_dtc_experiment_code_MEMORY_py_16_csv	0,66406
LARGE_dtc_experiment_code_CONTROL_py_13_csv	LARGE_dtc_experiment_code_CONTROL_py_15_csv	0,66406
LARGE_dtc_experiment_code_CONTROL_py_14_csv	LARGE_dtc_experiment_code_CONTROL_py_12_csv	0,66406
LARGE_dtc_experiment_code_CONTROL_py_15_csv	LARGE_dtc_experiment_code_CONTROL_py_12_csv	0,66406
LARGE_dtc_experiment_code_CONTROL_py_15_csv	LARGE_dtc_experiment_code_CONTROL_py_13_csv	0,66406
LARGE_dtc_experiment_code_MEMORY_py_0_csv	LARGE_dtc_experiment_code_MEMORY_py_13_csv	0,66412
LARGE_dtc_experiment_code_MEMORY_py_0_csv	LARGE_dtc_experiment_code_CONTROL_py_12_csv	0,66412
LARGE_dtc_experiment_code_MEMORY_py_0_csv	LARGE_dtc_experiment_code_CONTROL_py_18_csv	0,66412
LARGE_dtc_experiment_code_MEMORY_py_11_csv	LARGE_dtc_experiment_code_MEMORY_py_12_csv	0,66412
LARGE_dtc_experiment_code_MEMORY_py_11_csv	LARGE_dtc_experiment_code_CONTROL_py_12_csv	0,66412
LARGE_dtc_experiment_code_MEMORY_py_11_csv	LARGE_dtc_experiment_code_CONTROL_py_15_csv	0,66412
LARGE_dtc_experiment_code_MEMORY_py_11_csv	LARGE_dtc_experiment_code_CONTROL_py_17_csv	0,66412
LARGE_dtc_experiment_code_CONTROL_py_15_csv	LARGE_dtc_experiment_code_MEMORY_py_11_csv	0,66412
LARGE_dtc_experiment_code_CONTROL_py_16_csv	LARGE_dtc_experiment_code_MEMORY_py_11_csv	0,66412
LARGE_dtc_experiment_code_MEMORY_py_17_csv	LARGE_dtc_experiment_code_MEMORY_py_10_csv	0,66418
LARGE_dtc_experiment_code_MEMORY_py_18_csv	LARGE_dtc_experiment_code_MEMORY_py_17_csv	0,66418
LARGE_dtc_experiment_code_CONTROL_py_17_csv	LARGE_dtc_experiment_code_MEMORY_py_17_csv	0,66418
LARGE_dtc_experiment_code_MEMORY_py_10_csv	LARGE_dtc_experiment_code_CONTROL_py_12_csv	0,66667
LARGE_dtc_experiment_code_MEMORY_py_13_csv	LARGE_dtc_experiment_code_CONTROL_py_10_csv	0,66667
LARGE_dtc_experiment_code_CONTROL_py_10_csv	LARGE_dtc_experiment_code_MEMORY_py_12_csv	0,66667
LARGE_dtc_experiment_code_CONTROL_py_10_csv	LARGE_dtc_experiment_code_MEMORY_py_13_csv	0,66667
LARGE_dtc_experiment_code_CONTROL_py_10_csv	LARGE_dtc_experiment_code_MEMORY_py_18_csv	0,66667
LARGE_dtc_experiment_code_CONTROL_py_10_csv	LARGE_dtc_experiment_code_CONTROL_py_11_csv	0,66667
LARGE_dtc_experiment_code_CONTROL_py_11_csv	LARGE_dtc_experiment_code_CONTROL_py_10_csv	0,66667
LARGE_dtc_experiment_code_MEMORY_py_14_csv	LARGE_dtc_experiment_code_CONTROL_py_16_csv	0,66923
LARGE_dtc_experiment_code_MEMORY_py_15_csv	LARGE_dtc_experiment_code_CONTROL_py_16_csv	0,66923
LARGE_dtc_experiment_code_CONTROL_py_16_csv	LARGE_dtc_experiment_code_MEMORY_py_13_csv	0,66923
LARGE_dtc_experiment_code_CONTROL_py_16_csv	LARGE_dtc_experiment_code_MEMORY_py_14_csv	0,66923
LARGE_dtc_experiment_code_CONTROL_py_16_csv	LARGE_dtc_experiment_code_MEMORY_py_15_csv	0,66923
LARGE_dtc_experiment_code_CONTROL_py_16_csv	LARGE_dtc_experiment_code_CONTROL_py_13_csv	0,66923
LARGE_dtc_experiment_code_CONTROL_py_16_csv	LARGE_dtc_experiment_code_CONTROL_py_18_csv	0,66923
LARGE_dtc_experiment_code_CONTROL_py_17_csv	LARGE_dtc_experiment_code_CONTROL_py_16_csv	0,66923
LARGE_dtc_experiment_code_MEMORY_py_12_csv	LARGE_dtc_experiment_code_CONTROL_py_17_csv	0,66929
LARGE_dtc_experiment_code_CONTROL_py_14_csv	LARGE_dtc_experiment_code_CONTROL_py_17_csv	0,66929
LARGE_dtc_experiment_code_CONTROL_py_17_csv	LARGE_dtc_experiment_code_CONTROL_py_15_csv	0,66929
LARGE_dtc_experiment_code_MEMORY_py_14_csv	LARGE_dtc_experiment_code_MEMORY_py_17_csv	0,67164
LARGE_dtc_experiment_code_MEMORY_py_17_csv	LARGE_dtc_experiment_code_CONTROL_py_15_csv	0,67164
LARGE_dtc_experiment_code_MEMORY_py_17_csv	LARGE_dtc_experiment_code_CONTROL_py_18_csv	0,67164
LARGE_dtc_experiment_code_MEMORY_py_0_csv	LARGE_dtc_experiment_code_MEMORY_py_14_csv	0,67176
LARGE_dtc_experiment_code_MEMORY_py_0_csv	LARGE_dtc_experiment_code_CONTROL_py_13_csv	0,67176
LARGE_dtc_experiment_code_MEMORY_py_11_csv	LARGE_dtc_experiment_code_CONTROL_py_16_csv	0,67176
LARGE_dtc_experiment_code_MEMORY_py_13_csv	LARGE_dtc_experiment_code_MEMORY_py_0_csv	0,67176
LARGE_dtc_experiment_code_MEMORY_py_14_csv	LARGE_dtc_experiment_code_MEMORY_py_0_csv	0,67176
LARGE_dtc_experiment_code_CONTROL_py_12_csv	LARGE_dtc_experiment_code_MEMORY_py_0_csv	0,67176
LARGE_dtc_experiment_code_CONTROL_py_13_csv	LARGE_dtc_experiment_code_MEMORY_py_0_csv	0,67176
LARGE_dtc_experiment_code_CONTROL_py_16_csv	LARGE_dtc_experiment_code_MEMORY_py_0_csv	0,67176
LARGE_dtc_experiment_code_MEMORY_py_14_csv	LARGE_dtc_experiment_code_MEMORY_py_13_csv	0,67188
LARGE_dtc_experiment_code_MEMORY_py_14_csv	LARGE_dtc_experiment_code_MEMORY_py_16_csv	0,67188
LARGE_dtc_experiment_code_MEMORY_py_14_csv	LARGE_dtc_experiment_code_CONTROL_py_13_csv	0,67188
LARGE_dtc_experiment_code_MEMORY_py_14_csv	LARGE_dtc_experiment_code_CONTROL_py_18_csv	0,67188
LARGE_dtc_experiment_code_MEMORY_py_15_csv	LARGE_dtc_experiment_code_MEMORY_py_14_csv	0,67188
LARGE_dtc_experiment_code_MEMORY_py_18_csv	LARGE_dtc_experiment_code_MEMORY_py_14_csv	0,67188
LARGE_dtc_experiment_code_MEMORY_py_18_csv	LARGE_dtc_experiment_code_CONTROL_py_11_csv	0,67188
LARGE_dtc_experiment_code_CONTROL_py_13_csv	LARGE_dtc_experiment_code_CONTROL_py_11_csv	0,67188
LARGE_dtc_experiment_code_CONTROL_py_17_csv	LARGE_dtc_experiment_code_CONTROL_py_11_csv	0,67188
LARGE_dtc_experiment_code_MEMORY_py_12_csv	LARGE_dtc_experiment_code_CONTROL_py_15_csv	0,67200
LARGE_dtc_experiment_code_MEMORY_py_13_csv	LARGE_dtc_experiment_code_MEMORY_py_15_csv	0,67200
LARGE_dtc_experiment_code_MEMORY_py_15_csv	LARGE_dtc_experiment_code_MEMORY_py_12_csv	0,67200
LARGE_dtc_experiment_code_CONTROL_py_14_csv	LARGE_dtc_experiment_code_MEMORY_py_12_csv	0,67200
LARGE_dtc_experiment_code_MEMORY_py_10_csv	LARGE_dtc_experiment_code_MEMORY_py_14_csv	0,67442
LARGE_dtc_experiment_code_MEMORY_py_10_csv	LARGE_dtc_experiment_code_CONTROL_py_13_csv	0,67442
LARGE_dtc_experiment_code_MEMORY_py_10_csv	LARGE_dtc_experiment_code_CONTROL_py_18_csv	0,67442
LARGE_dtc_experiment_code_MEMORY_py_12_csv	LARGE_dtc_experiment_code_CONTROL_py_10_csv	0,67442
LARGE_dtc_experiment_code_MEMORY_py_14_csv	LARGE_dtc_experiment_code_MEMORY_py_10_csv	0,67442
LARGE_dtc_experiment_code_MEMORY_py_18_csv	LARGE_dtc_experiment_code_MEMORY_py_10_csv	0,67442
LARGE_dtc_experiment_code_CONTROL_py_12_csv	LARGE_dtc_experiment_code_MEMORY_py_10_csv	0,67442
LARGE_dtc_experiment_code_CONTROL_py_14_csv	LARGE_dtc_experiment_code_MEMORY_py_10_csv	0,67442
LARGE_dtc_experiment_code_CONTROL_py_18_csv	LARGE_dtc_experiment_code_MEMORY_py_10_csv	0,67442
LARGE_dtc_experiment_code_CONTROL_py_13_csv	LARGE_dtc_experiment_code_CONTROL_py_16_csv	0,67692
LARGE_dtc_experiment_code_CONTROL_py_16_csv	LARGE_dtc_experiment_code_CONTROL_py_14_csv	0,67692
LARGE_dtc_experiment_code_CONTROL_py_16_csv	LARGE_dtc_experiment_code_CONTROL_py_15_csv	0,67692
LARGE_dtc_experiment_code_MEMORY_py_13_csv	LARGE_dtc_experiment_code_MEMORY_py_18_csv	0,67717
LARGE_dtc_experiment_code_MEMORY_py_16_csv	LARGE_dtc_experiment_code_CONTROL_py_14_csv	0,67717
LARGE_dtc_experiment_code_MEMORY_py_16_csv	LARGE_dtc_experiment_code_CONTROL_py_18_csv	0,67717
LARGE_dtc_experiment_code_CONTROL_py_17_csv	LARGE_dtc_experiment_code_MEMORY_py_18_csv	0,67717
LARGE_dtc_experiment_code_CONTROL_py_18_csv	LARGE_dtc_experiment_code_MEMORY_py_16_csv	0,67717
LARGE_dtc_experiment_code_MEMORY_py_16_csv	LARGE_dtc_experiment_code_MEMORY_py_17_csv	0,67910
LARGE_dtc_experiment_code_MEMORY_py_17_csv	LARGE_dtc_experiment_code_MEMORY_py_13_csv	0,67910
LARGE_dtc_experiment_code_MEMORY_py_17_csv	LARGE_dtc_experiment_code_CONTROL_py_13_csv	0,67910
LARGE_dtc_experiment_code_CONTROL_py_15_csv	LARGE_dtc_experiment_code_MEMORY_py_17_csv	0,67910
LARGE_dtc_experiment_code_MEMORY_py_0_csv	LARGE_dtc_experiment_code_MEMORY_py_10_csv	0,67939
LARGE_dtc_experiment_code_MEMORY_py_0_csv	LARGE_dtc_experiment_code_MEMORY_py_15_csv	0,67939
LARGE_dtc_experiment_code_MEMORY_py_0_csv	LARGE_dtc_experiment_code_CONTROL_py_16_csv	0,67939
LARGE_dtc_experiment_code_MEMORY_py_10_csv	LARGE_dtc_experiment_code_MEMORY_py_11_csv	0,67939
LARGE_dtc_experiment_code_MEMORY_py_11_csv	LARGE_dtc_experiment_code_MEMORY_py_0_csv	0,67939
LARGE_dtc_experiment_code_MEMORY_py_11_csv	LARGE_dtc_experiment_code_MEMORY_py_14_csv	0,67939
LARGE_dtc_experiment_code_MEMORY_py_11_csv	LARGE_dtc_experiment_code_CONTROL_py_10_csv	0,67939
LARGE_dtc_experiment_code_MEMORY_py_11_csv	LARGE_dtc_experiment_code_CONTROL_py_13_csv	0,67939
LARGE_dtc_experiment_code_MEMORY_py_12_csv	LARGE_dtc_experiment_code_MEMORY_py_0_csv	0,67939
LARGE_dtc_experiment_code_MEMORY_py_14_csv	LARGE_dtc_experiment_code_MEMORY_py_11_csv	0,67939
LARGE_dtc_experiment_code_MEMORY_py_15_csv	LARGE_dtc_experiment_code_MEMORY_py_0_csv	0,67939
LARGE_dtc_experiment_code_MEMORY_py_18_csv	LARGE_dtc_experiment_code_MEMORY_py_0_csv	0,67939
LARGE_dtc_experiment_code_CONTROL_py_10_csv	LARGE_dtc_experiment_code_MEMORY_py_11_csv	0,67939
LARGE_dtc_experiment_code_CONTROL_py_11_csv	LARGE_dtc_experiment_code_MEMORY_py_0_csv	0,67939
LARGE_dtc_experiment_code_CONTROL_py_15_csv	LARGE_dtc_experiment_code_MEMORY_py_0_csv	0,67939
LARGE_dtc_experiment_code_CONTROL_py_18_csv	LARGE_dtc_experiment_code_MEMORY_py_0_csv	0,67939
LARGE_dtc_experiment_code_MEMORY_py_13_csv	LARGE_dtc_experiment_code_CONTROL_py_11_csv	0,67969
LARGE_dtc_experiment_code_MEMORY_py_14_csv	LARGE_dtc_experiment_code_MEMORY_py_15_csv	0,67969
LARGE_dtc_experiment_code_MEMORY_py_15_csv	LARGE_dtc_experiment_code_CONTROL_py_13_csv	0,67969
LARGE_dtc_experiment_code_MEMORY_py_16_csv	LARGE_dtc_experiment_code_MEMORY_py_14_csv	0,67969
LARGE_dtc_experiment_code_CONTROL_py_11_csv	LARGE_dtc_experiment_code_MEMORY_py_16_csv	0,67969
LARGE_dtc_experiment_code_CONTROL_py_11_csv	LARGE_dtc_experiment_code_MEMORY_py_18_csv	0,67969
LARGE_dtc_experiment_code_CONTROL_py_11_csv	LARGE_dtc_experiment_code_CONTROL_py_13_csv	0,67969
LARGE_dtc_experiment_code_CONTROL_py_12_csv	LARGE_dtc_experiment_code_MEMORY_py_15_csv	0,67969
LARGE_dtc_experiment_code_CONTROL_py_12_csv	LARGE_dtc_experiment_code_CONTROL_py_14_csv	0,67969
LARGE_dtc_experiment_code_CONTROL_py_12_csv	LARGE_dtc_experiment_code_CONTROL_py_15_csv	0,67969
LARGE_dtc_experiment_code_CONTROL_py_13_csv	LARGE_dtc_experiment_code_MEMORY_py_14_csv	0,67969
LARGE_dtc_experiment_code_CONTROL_py_13_csv	LARGE_dtc_experiment_code_MEMORY_py_15_csv	0,67969
LARGE_dtc_experiment_code_CONTROL_py_14_csv	LARGE_dtc_experiment_code_CONTROL_py_11_csv	0,67969
LARGE_dtc_experiment_code_MEMORY_py_12_csv	LARGE_dtc_experiment_code_MEMORY_py_13_csv	0,68000
LARGE_dtc_experiment_code_MEMORY_py_12_csv	LARGE_dtc_experiment_code_MEMORY_py_15_csv	0,68000
LARGE_dtc_experiment_code_MEMORY_py_12_csv	LARGE_dtc_experiment_code_CONTROL_py_14_csv	0,68000
LARGE_dtc_experiment_code_MEMORY_py_15_csv	LARGE_dtc_experiment_code_CONTROL_py_15_csv	0,68000
LARGE_dtc_experiment_code_CONTROL_py_15_csv	LARGE_dtc_experiment_code_MEMORY_py_12_csv	0,68000
LARGE_dtc_experiment_code_CONTROL_py_15_csv	LARGE_dtc_experiment_code_MEMORY_py_13_csv	0,68000
LARGE_dtc_experiment_code_MEMORY_py_10_csv	LARGE_dtc_experiment_code_CONTROL_py_14_csv	0,68217
LARGE_dtc_experiment_code_MEMORY_py_10_csv	LARGE_dtc_experiment_code_CONTROL_py_17_csv	0,68217
LARGE_dtc_experiment_code_MEMORY_py_12_csv	LARGE_dtc_experiment_code_MEMORY_py_10_csv	0,68217
LARGE_dtc_experiment_code_MEMORY_py_15_csv	LARGE_dtc_experiment_code_CONTROL_py_10_csv	0,68217
LARGE_dtc_experiment_code_MEMORY_py_16_csv	LARGE_dtc_experiment_code_CONTROL_py_10_csv	0,68217
LARGE_dtc_experiment_code_CONTROL_py_10_csv	LARGE_dtc_experiment_code_MEMORY_py_16_csv	0,68217
LARGE_dtc_experiment_code_CONTROL_py_10_csv	LARGE_dtc_experiment_code_CONTROL_py_12_csv	0,68217
LARGE_dtc_experiment_code_CONTROL_py_10_csv	LARGE_dtc_experiment_code_CONTROL_py_17_csv	0,68217
LARGE_dtc_experiment_code_CONTROL_py_17_csv	LARGE_dtc_experiment_code_MEMORY_py_10_csv	0,68217
LARGE_dtc_experiment_code_CONTROL_py_0_csv	LARGE_dtc_experiment_code_CONTROL_py_17_csv	0,68243
LARGE_dtc_experiment_code_MEMORY_py_12_csv	LARGE_dtc_experiment_code_MEMORY_py_16_csv	0,68504
LARGE_dtc_experiment_code_MEMORY_py_15_csv	LARGE_dtc_experiment_code_MEMORY_py_16_csv	0,68504
LARGE_dtc_experiment_code_MEMORY_py_16_csv	LARGE_dtc_experiment_code_MEMORY_py_12_csv	0,68504
LARGE_dtc_experiment_code_MEMORY_py_18_csv	LARGE_dtc_experiment_code_MEMORY_py_15_csv	0,68504
LARGE_dtc_experiment_code_CONTROL_py_14_csv	LARGE_dtc_experiment_code_MEMORY_py_16_csv	0,68504
LARGE_dtc_experiment_code_CONTROL_py_17_csv	LARGE_dtc_experiment_code_MEMORY_py_12_csv	0,68504
LARGE_dtc_experiment_code_CONTROL_py_17_csv	LARGE_dtc_experiment_code_MEMORY_py_15_csv	0,68504
LARGE_dtc_experiment_code_MEMORY_py_10_csv	LARGE_dtc_experiment_code_MEMORY_py_17_csv	0,68657
LARGE_dtc_experiment_code_MEMORY_py_11_csv	LARGE_dtc_experiment_code_MEMORY_py_17_csv	0,68657
LARGE_dtc_experiment_code_MEMORY_py_17_csv	LARGE_dtc_experiment_code_MEMORY_py_11_csv	0,68657
LARGE_dtc_experiment_code_MEMORY_py_17_csv	LARGE_dtc_experiment_code_MEMORY_py_12_csv	0,68657
LARGE_dtc_experiment_code_CONTROL_py_12_csv	LARGE_dtc_experiment_code_MEMORY_py_17_csv	0,68657
LARGE_dtc_experiment_code_CONTROL_py_13_csv	LARGE_dtc_experiment_code_MEMORY_py_17_csv	0,68657
LARGE_dtc_experiment_code_MEMORY_py_0_csv	LARGE_dtc_experiment_code_MEMORY_py_11_csv	0,68702
LARGE_dtc_experiment_code_MEMORY_py_0_csv	LARGE_dtc_experiment_code_MEMORY_py_12_csv	0,68702
LARGE_dtc_experiment_code_MEMORY_py_0_csv	LARGE_dtc_experiment_code_MEMORY_py_16_csv	0,68702
LARGE_dtc_experiment_code_MEMORY_py_0_csv	LARGE_dtc_experiment_code_MEMORY_py_18_csv	0,68702
LARGE_dtc_experiment_code_MEMORY_py_0_csv	LARGE_dtc_experiment_code_CONTROL_py_11_csv	0,68702
LARGE_dtc_experiment_code_MEMORY_py_0_csv	LARGE_dtc_experiment_code_CONTROL_py_15_csv	0,68702
LARGE_dtc_experiment_code_MEMORY_py_10_csv	LARGE_dtc_experiment_code_MEMORY_py_0_csv	0,68702
LARGE_dtc_experiment_code_MEMORY_py_11_csv	LARGE_dtc_experiment_code_MEMORY_py_18_csv	0,68702
LARGE_dtc_experiment_code_MEMORY_py_16_csv	LARGE_dtc_experiment_code_MEMORY_py_0_csv	0,68702
LARGE_dtc_experiment_code_MEMORY_py_18_csv	LARGE_dtc_experiment_code_MEMORY_py_11_csv	0,68702
LARGE_dtc_experiment_code_CONTROL_py_12_csv	LARGE_dtc_experiment_code_MEMORY_py_11_csv	0,68702
LARGE_dtc_experiment_code_CONTROL_py_13_csv	LARGE_dtc_experiment_code_MEMORY_py_11_csv	0,68702
LARGE_dtc_experiment_code_CONTROL_py_17_csv	LARGE_dtc_experiment_code_MEMORY_py_11_csv	0,68702
LARGE_dtc_experiment_code_MEMORY_py_12_csv	LARGE_dtc_experiment_code_MEMORY_py_14_csv	0,68750
LARGE_dtc_experiment_code_MEMORY_py_12_csv	LARGE_dtc_experiment_code_CONTROL_py_11_csv	0,68750
LARGE_dtc_experiment_code_MEMORY_py_13_csv	LARGE_dtc_experiment_code_MEMORY_py_14_csv	0,68750
LARGE_dtc_experiment_code_MEMORY_py_15_csv	LARGE_dtc_experiment_code_CONTROL_py_11_csv	0,68750
LARGE_dtc_experiment_code_MEMORY_py_16_csv	LARGE_dtc_experiment_code_CONTROL_py_11_csv	0,68750
LARGE_dtc_experiment_code_CONTROL_py_11_csv	LARGE_dtc_experiment_code_MEMORY_py_12_csv	0,68750
LARGE_dtc_experiment_code_CONTROL_py_11_csv	LARGE_dtc_experiment_code_MEMORY_py_15_csv	0,68750
LARGE_dtc_experiment_code_CONTROL_py_11_csv	LARGE_dtc_experiment_code_CONTROL_py_14_csv	0,68750
LARGE_dtc_experiment_code_CONTROL_py_18_csv	LARGE_dtc_experiment_code_MEMORY_py_14_csv	0,68750
LARGE_dtc_experiment_code_MEMORY_py_13_csv	LARGE_dtc_experiment_code_MEMORY_py_12_csv	0,68800
LARGE_dtc_experiment_code_MEMORY_py_13_csv	LARGE_dtc_experiment_code_CONTROL_py_15_csv	0,68800
LARGE_dtc_experiment_code_MEMORY_py_13_csv	LARGE_dtc_experiment_code_CONTROL_py_18_csv	0,68800
LARGE_dtc_experiment_code_MEMORY_py_15_csv	LARGE_dtc_experiment_code_CONTROL_py_14_csv	0,68800
LARGE_dtc_experiment_code_CONTROL_py_14_csv	LARGE_dtc_experiment_code_CONTROL_py_18_csv	0,68800
LARGE_dtc_experiment_code_CONTROL_py_15_csv	LARGE_dtc_experiment_code_MEMORY_py_15_csv	0,68800
LARGE_dtc_experiment_code_CONTROL_py_15_csv	LARGE_dtc_experiment_code_CONTROL_py_14_csv	0,68800
LARGE_dtc_experiment_code_CONTROL_py_18_csv	LARGE_dtc_experiment_code_MEMORY_py_15_csv	0,68800
LARGE_dtc_experiment_code_CONTROL_py_18_csv	LARGE_dtc_experiment_code_CONTROL_py_15_csv	0,68800
LARGE_dtc_experiment_code_MEMORY_py_14_csv	LARGE_dtc_experiment_code_CONTROL_py_0_csv	0,68919
LARGE_dtc_experiment_code_CONTROL_py_0_csv	LARGE_dtc_experiment_code_MEMORY_py_14_csv	0,68919
LARGE_dtc_experiment_code_CONTROL_py_12_csv	LARGE_dtc_experiment_code_CONTROL_py_0_csv	0,68919
LARGE_dtc_experiment_code_MEMORY_py_10_csv	LARGE_dtc_experiment_code_MEMORY_py_12_csv	0,68992
LARGE_dtc_experiment_code_MEMORY_py_13_csv	LARGE_dtc_experiment_code_MEMORY_py_10_csv	0,68992
LARGE_dtc_experiment_code_CONTROL_py_10_csv	LARGE_dtc_experiment_code_MEMORY_py_15_csv	0,68992
LARGE_dtc_experiment_code_CONTROL_py_12_csv	LARGE_dtc_experiment_code_CONTROL_py_10_csv	0,68992
LARGE_dtc_experiment_code_CONTROL_py_14_csv	LARGE_dtc_experiment_code_CONTROL_py_10_csv	0,68992
LARGE_dtc_experiment_code_CONTROL_py_15_csv	LARGE_dtc_experiment_code_MEMORY_py_10_csv	0,68992
LARGE_dtc_experiment_code_MEMORY_py_13_csv	LARGE_dtc_experiment_code_CONTROL_py_16_csv	0,69231
LARGE_dtc_experiment_code_CONTROL_py_14_csv	LARGE_dtc_experiment_code_CONTROL_py_16_csv	0,69231
LARGE_dtc_experiment_code_CONTROL_py_15_csv	LARGE_dtc_experiment_code_CONTROL_py_16_csv	0,69231
LARGE_dtc_experiment_code_CONTROL_py_16_csv	LARGE_dtc_experiment_code_CONTROL_py_11_csv	0,69231
LARGE_dtc_experiment_code_CONTROL_py_18_csv	LARGE_dtc_experiment_code_CONTROL_py_16_csv	0,69231
LARGE_dtc_experiment_code_MEMORY_py_15_csv	LARGE_dtc_experiment_code_MEMORY_py_18_csv	0,69291
LARGE_dtc_experiment_code_MEMORY_py_16_csv	LARGE_dtc_experiment_code_MEMORY_py_15_csv	0,69291
LARGE_dtc_experiment_code_MEMORY_py_18_csv	LARGE_dtc_experiment_code_CONTROL_py_14_csv	0,69291
LARGE_dtc_experiment_code_MEMORY_py_18_csv	LARGE_dtc_experiment_code_CONTROL_py_18_csv	0,69291
LARGE_dtc_experiment_code_CONTROL_py_17_csv	LARGE_dtc_experiment_code_CONTROL_py_14_csv	0,69291
LARGE_dtc_experiment_code_MEMORY_py_12_csv	LARGE_dtc_experiment_code_MEMORY_py_17_csv	0,69403
LARGE_dtc_experiment_code_MEMORY_py_17_csv	LARGE_dtc_experiment_code_MEMORY_py_0_csv	0,69403
LARGE_dtc_experiment_code_CONTROL_py_18_csv	LARGE_dtc_experiment_code_MEMORY_py_17_csv	0,69403
LARGE_dtc_experiment_code_MEMORY_py_11_csv	LARGE_dtc_experiment_code_MEMORY_py_13_csv	0,69466
LARGE_dtc_experiment_code_MEMORY_py_11_csv	LARGE_dtc_experiment_code_CONTROL_py_14_csv	0,69466
LARGE_dtc_experiment_code_MEMORY_py_15_csv	LARGE_dtc_experiment_code_MEMORY_py_11_csv	0,69466
LARGE_dtc_experiment_code_CONTROL_py_14_csv	LARGE_dtc_experiment_code_MEMORY_py_0_csv	0,69466
LARGE_dtc_experiment_code_MEMORY_py_14_csv	LARGE_dtc_experiment_code_MEMORY_py_18_csv	0,69531
LARGE_dtc_experiment_code_CONTROL_py_12_csv	LARGE_dtc_experiment_code_MEMORY_py_18_csv	0,69531
LARGE_dtc_experiment_code_CONTROL_py_13_csv	LARGE_dtc_experiment_code_MEMORY_py_13_csv	0,69531
LARGE_dtc_experiment_code_CONTROL_py_13_csv	LARGE_dtc_experiment_code_CONTROL_py_14_csv	0,69531
LARGE_dtc_experiment_code_CONTROL_py_13_csv	LARGE_dtc_experiment_code_CONTROL_py_18_csv	0,69531
LARGE_dtc_experiment_code_CONTROL_py_14_csv	LARGE_dtc_experiment_code_CONTROL_py_13_csv	0,69531
LARGE_dtc_experiment_code_MEMORY_py_0_csv	LARGE_dtc_experiment_code_CONTROL_py_0_csv	0,69595
LARGE_dtc_experiment_code_MEMORY_py_17_csv	LARGE_dtc_experiment_code_CONTROL_py_0_csv	0,69595
LARGE_dtc_experiment_code_MEMORY_py_18_csv	LARGE_dtc_experiment_code_CONTROL_py_0_csv	0,69595
LARGE_dtc_experiment_code_CONTROL_py_0_csv	LARGE_dtc_experiment_code_CONTROL_py_12_csv	0,69595
LARGE_dtc_experiment_code_CONTROL_py_0_csv	LARGE_dtc_experiment_code_CONTROL_py_16_csv	0,69595
LARGE_dtc_experiment_code_CONTROL_py_17_csv	LARGE_dtc_experiment_code_CONTROL_py_0_csv	0,69595
LARGE_dtc_experiment_code_CONTROL_py_14_csv	LARGE_dtc_experiment_code_MEMORY_py_15_csv	0,69600
LARGE_dtc_experiment_code_CONTROL_py_18_csv	LARGE_dtc_experiment_code_MEMORY_py_13_csv	0,69600
LARGE_dtc_experiment_code_MEMORY_py_10_csv	LARGE_dtc_experiment_code_MEMORY_py_13_csv	0,69767
LARGE_dtc_experiment_code_MEMORY_py_10_csv	LARGE_dtc_experiment_code_MEMORY_py_18_csv	0,69767
LARGE_dtc_experiment_code_MEMORY_py_14_csv	LARGE_dtc_experiment_code_CONTROL_py_10_csv	0,69767
LARGE_dtc_experiment_code_CONTROL_py_10_csv	LARGE_dtc_experiment_code_MEMORY_py_10_csv	0,69767
LARGE_dtc_experiment_code_CONTROL_py_10_csv	LARGE_dtc_experiment_code_MEMORY_py_14_csv	0,69767
LARGE_dtc_experiment_code_CONTROL_py_10_csv	LARGE_dtc_experiment_code_CONTROL_py_13_csv	0,69767
LARGE_dtc_experiment_code_CONTROL_py_10_csv	LARGE_dtc_experiment_code_CONTROL_py_14_csv	0,69767
LARGE_dtc_experiment_code_CONTROL_py_10_csv	LARGE_dtc_experiment_code_CONTROL_py_15_csv	0,69767
LARGE_dtc_experiment_code_CONTROL_py_13_csv	LARGE_dtc_experiment_code_CONTROL_py_10_csv	0,69767
LARGE_dtc_experiment_code_CONTROL_py_10_csv	LARGE_dtc_experiment_code_CONTROL_py_16_csv	0,70000
LARGE_dtc_experiment_code_CONTROL_py_11_csv	LARGE_dtc_experiment_code_CONTROL_py_16_csv	0,70000
LARGE_dtc_experiment_code_CONTROL_py_16_csv	LARGE_dtc_experiment_code_CONTROL_py_10_csv	0,70000
LARGE_dtc_experiment_code_MEMORY_py_0_csv	LARGE_dtc_experiment_code_MEMORY_py_17_csv	0,70149
LARGE_dtc_experiment_code_MEMORY_py_13_csv	LARGE_dtc_experiment_code_MEMORY_py_17_csv	0,70149
LARGE_dtc_experiment_code_MEMORY_py_15_csv	LARGE_dtc_experiment_code_MEMORY_py_17_csv	0,70149
LARGE_dtc_experiment_code_MEMORY_py_17_csv	LARGE_dtc_experiment_code_MEMORY_py_15_csv	0,70149
LARGE_dtc_experiment_code_MEMORY_py_17_csv	LARGE_dtc_experiment_code_CONTROL_py_10_csv	0,70149
LARGE_dtc_experiment_code_MEMORY_py_0_csv	LARGE_dtc_experiment_code_CONTROL_py_10_csv	0,70229
LARGE_dtc_experiment_code_MEMORY_py_0_csv	LARGE_dtc_experiment_code_CONTROL_py_14_csv	0,70229
LARGE_dtc_experiment_code_MEMORY_py_11_csv	LARGE_dtc_experiment_code_MEMORY_py_15_csv	0,70229
LARGE_dtc_experiment_code_MEMORY_py_11_csv	LARGE_dtc_experiment_code_CONTROL_py_18_csv	0,70229
LARGE_dtc_experiment_code_CONTROL_py_10_csv	LARGE_dtc_experiment_code_MEMORY_py_0_csv	0,70229
LARGE_dtc_experiment_code_CONTROL_py_11_csv	LARGE_dtc_experiment_code_MEMORY_py_11_csv	0,70229
LARGE_dtc_experiment_code_CONTROL_py_14_csv	LARGE_dtc_experiment_code_MEMORY_py_11_csv	0,70229
LARGE_dtc_experiment_code_CONTROL_py_0_csv	LARGE_dtc_experiment_code_MEMORY_py_0_csv	0,70270
LARGE_dtc_experiment_code_CONTROL_py_0_csv	LARGE_dtc_experiment_code_MEMORY_py_17_csv	0,70270
LARGE_dtc_experiment_code_CONTROL_py_0_csv	LARGE_dtc_experiment_code_MEMORY_py_18_csv	0,70270
LARGE_dtc_experiment_code_CONTROL_py_16_csv	LARGE_dtc_experiment_code_CONTROL_py_0_csv	0,70270
LARGE_dtc_experiment_code_MEMORY_py_14_csv	LARGE_dtc_experiment_code_MEMORY_py_12_csv	0,70312
LARGE_dtc_experiment_code_CONTROL_py_14_csv	LARGE_dtc_experiment_code_MEMORY_py_14_csv	0,70312
LARGE_dtc_experiment_code_CONTROL_py_18_csv	LARGE_dtc_experiment_code_CONTROL_py_13_csv	0,70312
LARGE_dtc_experiment_code_MEMORY_py_12_csv	LARGE_dtc_experiment_code_CONTROL_py_18_csv	0,70400
LARGE_dtc_experiment_code_CONTROL_py_14_csv	LARGE_dtc_experiment_code_CONTROL_py_15_csv	0,70400
LARGE_dtc_experiment_code_CONTROL_py_18_csv	LARGE_dtc_experiment_code_CONTROL_py_14_csv	0,70400
LARGE_dtc_experiment_code_MEMORY_py_10_csv	LARGE_dtc_experiment_code_CONTROL_py_10_csv	0,70543
LARGE_dtc_experiment_code_MEMORY_py_10_csv	LARGE_dtc_experiment_code_CONTROL_py_11_csv	0,70543
LARGE_dtc_experiment_code_MEMORY_py_10_csv	LARGE_dtc_experiment_code_CONTROL_py_15_csv	0,70543
LARGE_dtc_experiment_code_CONTROL_py_10_csv	LARGE_dtc_experiment_code_CONTROL_py_18_csv	0,70543
LARGE_dtc_experiment_code_CONTROL_py_11_csv	LARGE_dtc_experiment_code_MEMORY_py_10_csv	0,70543
LARGE_dtc_experiment_code_CONTROL_py_15_csv	LARGE_dtc_experiment_code_CONTROL_py_10_csv	0,70543
LARGE_dtc_experiment_code_CONTROL_py_17_csv	LARGE_dtc_experiment_code_CONTROL_py_10_csv	0,70543
LARGE_dtc_experiment_code_CONTROL_py_14_csv	LARGE_dtc_experiment_code_MEMORY_py_18_csv	0,70866
LARGE_dtc_experiment_code_MEMORY_py_17_csv	LARGE_dtc_experiment_code_CONTROL_py_11_csv	0,70896
LARGE_dtc_experiment_code_MEMORY_py_17_csv	LARGE_dtc_experiment_code_CONTROL_py_14_csv	0,70896
LARGE_dtc_experiment_code_CONTROL_py_10_csv	LARGE_dtc_experiment_code_MEMORY_py_17_csv	0,70896
LARGE_dtc_experiment_code_CONTROL_py_11_csv	LARGE_dtc_experiment_code_MEMORY_py_17_csv	0,70896
LARGE_dtc_experiment_code_MEMORY_py_11_csv	LARGE_dtc_experiment_code_CONTROL_py_0_csv	0,70946
LARGE_dtc_experiment_code_MEMORY_py_12_csv	LARGE_dtc_experiment_code_CONTROL_py_0_csv	0,70946
LARGE_dtc_experiment_code_MEMORY_py_16_csv	LARGE_dtc_experiment_code_CONTROL_py_0_csv	0,70946
LARGE_dtc_experiment_code_CONTROL_py_0_csv	LARGE_dtc_experiment_code_MEMORY_py_12_csv	0,70946
LARGE_dtc_experiment_code_CONTROL_py_0_csv	LARGE_dtc_experiment_code_MEMORY_py_13_csv	0,70946
LARGE_dtc_experiment_code_CONTROL_py_0_csv	LARGE_dtc_experiment_code_CONTROL_py_15_csv	0,70946
LARGE_dtc_experiment_code_CONTROL_py_0_csv	LARGE_dtc_experiment_code_CONTROL_py_18_csv	0,70946
LARGE_dtc_experiment_code_MEMORY_py_11_csv	LARGE_dtc_experiment_code_CONTROL_py_11_csv	0,70992
LARGE_dtc_experiment_code_MEMORY_py_13_csv	LARGE_dtc_experiment_code_MEMORY_py_11_csv	0,70992
LARGE_dtc_experiment_code_MEMORY_py_13_csv	LARGE_dtc_experiment_code_CONTROL_py_13_csv	0,71094
LARGE_dtc_experiment_code_MEMORY_py_14_csv	LARGE_dtc_experiment_code_CONTROL_py_14_csv	0,71094
LARGE_dtc_experiment_code_CONTROL_py_11_csv	LARGE_dtc_experiment_code_CONTROL_py_15_csv	0,71094
LARGE_dtc_experiment_code_CONTROL_py_11_csv	LARGE_dtc_experiment_code_CONTROL_py_18_csv	0,71094
LARGE_dtc_experiment_code_CONTROL_py_15_csv	LARGE_dtc_experiment_code_CONTROL_py_11_csv	0,71094
LARGE_dtc_experiment_code_CONTROL_py_18_csv	LARGE_dtc_experiment_code_CONTROL_py_10_csv	0,71318
LARGE_dtc_experiment_code_CONTROL_py_0_csv	LARGE_dtc_experiment_code_MEMORY_py_11_csv	0,71622
LARGE_dtc_experiment_code_CONTROL_py_0_csv	LARGE_dtc_experiment_code_CONTROL_py_13_csv	0,71622
LARGE_dtc_experiment_code_CONTROL_py_10_csv	LARGE_dtc_experiment_code_CONTROL_py_0_csv	0,71622
LARGE_dtc_experiment_code_CONTROL_py_11_csv	LARGE_dtc_experiment_code_CONTROL_py_0_csv	0,71622
LARGE_dtc_experiment_code_CONTROL_py_13_csv	LARGE_dtc_experiment_code_CONTROL_py_0_csv	0,71622
LARGE_dtc_experiment_code_CONTROL_py_15_csv	LARGE_dtc_experiment_code_CONTROL_py_0_csv	0,71622
LARGE_dtc_experiment_code_CONTROL_py_18_csv	LARGE_dtc_experiment_code_CONTROL_py_0_csv	0,71622
LARGE_dtc_experiment_code_CONTROL_py_14_csv	LARGE_dtc_experiment_code_MEMORY_py_17_csv	0,71642
LARGE_dtc_experiment_code_CONTROL_py_18_csv	LARGE_dtc_experiment_code_MEMORY_py_12_csv	0,72000
LARGE_dtc_experiment_code_MEMORY_py_15_csv	LARGE_dtc_experiment_code_CONTROL_py_0_csv	0,72297
LARGE_dtc_experiment_code_CONTROL_py_0_csv	LARGE_dtc_experiment_code_MEMORY_py_10_csv	0,72297
LARGE_dtc_experiment_code_CONTROL_py_0_csv	LARGE_dtc_experiment_code_MEMORY_py_16_csv	0,72297
LARGE_dtc_experiment_code_CONTROL_py_0_csv	LARGE_dtc_experiment_code_CONTROL_py_10_csv	0,72297
LARGE_dtc_experiment_code_CONTROL_py_18_csv	LARGE_dtc_experiment_code_MEMORY_py_18_csv	0,72441
LARGE_dtc_experiment_code_CONTROL_py_18_csv	LARGE_dtc_experiment_code_MEMORY_py_11_csv	0,72519
LARGE_dtc_experiment_code_CONTROL_py_18_csv	LARGE_dtc_experiment_code_CONTROL_py_11_csv	0,72656
LARGE_dtc_experiment_code_CONTROL_py_0_csv	LARGE_dtc_experiment_code_CONTROL_py_11_csv	0,72973
LARGE_dtc_experiment_code_CONTROL_py_0_csv	LARGE_dtc_experiment_code_CONTROL_py_14_csv	0,72973
LARGE_dtc_experiment_code_MEMORY_py_10_csv	LARGE_dtc_experiment_code_CONTROL_py_0_csv	0,73649
LARGE_dtc_experiment_code_MEMORY_py_13_csv	LARGE_dtc_experiment_code_CONTROL_py_0_csv	0,73649
LARGE_dtc_experiment_code_CONTROL_py_0_csv	LARGE_dtc_experiment_code_MEMORY_py_15_csv	0,73649
LARGE_dtc_experiment_code_CONTROL_py_14_csv	LARGE_dtc_experiment_code_CONTROL_py_0_csv	0,74324
