LARGE_dtc_experiment_code_TRAIN_py_10_csv	LARGE_dtc_experiment_code_TRAIN_py_10_csv	0,05240
LARGE_dtc_experiment_code_TRAIN_py_14_csv	LARGE_dtc_experiment_code_TRAIN_py_14_csv	0,06047
LARGE_dtc_experiment_code_TRAIN_py_17_csv	LARGE_dtc_experiment_code_TRAIN_py_17_csv	0,06047
LARGE_dtc_experiment_code_TRAIN_py_0_csv	LARGE_dtc_experiment_code_TRAIN_py_0_csv	0,06098
LARGE_dtc_experiment_code_TRAIN_py_11_csv	LARGE_dtc_experiment_code_TRAIN_py_11_csv	0,06103
LARGE_dtc_experiment_code_CONTROL_py_0_csv	LARGE_dtc_experiment_code_CONTROL_py_0_csv	0,06132
LARGE_dtc_experiment_code_TRAIN_py_13_csv	LARGE_dtc_experiment_code_TRAIN_py_13_csv	0,06226
LARGE_dtc_experiment_code_TRAIN_py_12_csv	LARGE_dtc_experiment_code_TRAIN_py_12_csv	0,06250
LARGE_dtc_experiment_code_TRAIN_py_18_csv	LARGE_dtc_experiment_code_TRAIN_py_18_csv	0,06589
LARGE_dtc_experiment_code_TRAIN_py_16_csv	LARGE_dtc_experiment_code_TRAIN_py_16_csv	0,06897
LARGE_dtc_experiment_code_TRAIN_py_15_csv	LARGE_dtc_experiment_code_TRAIN_py_15_csv	0,06944
LARGE_dtc_experiment_code_CONTROL_py_18_csv	LARGE_dtc_experiment_code_CONTROL_py_18_csv	0,07229
LARGE_dtc_experiment_code_CONTROL_py_16_csv	LARGE_dtc_experiment_code_CONTROL_py_16_csv	0,07303
LARGE_dtc_experiment_code_CONTROL_py_12_csv	LARGE_dtc_experiment_code_CONTROL_py_12_csv	0,07386
LARGE_dtc_experiment_code_CONTROL_py_10_csv	LARGE_dtc_experiment_code_CONTROL_py_10_csv	0,07937
LARGE_dtc_experiment_code_CONTROL_py_17_csv	LARGE_dtc_experiment_code_CONTROL_py_17_csv	0,07955
LARGE_dtc_experiment_code_CONTROL_py_13_csv	LARGE_dtc_experiment_code_CONTROL_py_13_csv	0,08287
LARGE_dtc_experiment_code_CONTROL_py_11_csv	LARGE_dtc_experiment_code_CONTROL_py_11_csv	0,08556
LARGE_dtc_experiment_code_CONTROL_py_14_csv	LARGE_dtc_experiment_code_CONTROL_py_14_csv	0,08571
LARGE_dtc_experiment_code_CONTROL_py_15_csv	LARGE_dtc_experiment_code_CONTROL_py_15_csv	0,08824
LARGE_dtc_experiment_code_CONTROL_py_11_csv	LARGE_dtc_experiment_code_CONTROL_py_10_csv	0,61376
LARGE_dtc_experiment_code_CONTROL_py_11_csv	LARGE_dtc_experiment_code_CONTROL_py_17_csv	0,64171
LARGE_dtc_experiment_code_CONTROL_py_11_csv	LARGE_dtc_experiment_code_CONTROL_py_13_csv	0,65241
LARGE_dtc_experiment_code_CONTROL_py_13_csv	LARGE_dtc_experiment_code_CONTROL_py_10_csv	0,66667
LARGE_dtc_experiment_code_CONTROL_py_17_csv	LARGE_dtc_experiment_code_CONTROL_py_10_csv	0,66667
LARGE_dtc_experiment_code_CONTROL_py_18_csv	LARGE_dtc_experiment_code_CONTROL_py_10_csv	0,66667
LARGE_dtc_experiment_code_CONTROL_py_13_csv	LARGE_dtc_experiment_code_CONTROL_py_16_csv	0,66851
LARGE_dtc_experiment_code_CONTROL_py_13_csv	LARGE_dtc_experiment_code_CONTROL_py_17_csv	0,66851
LARGE_dtc_experiment_code_CONTROL_py_12_csv	LARGE_dtc_experiment_code_CONTROL_py_18_csv	0,67045
LARGE_dtc_experiment_code_CONTROL_py_15_csv	LARGE_dtc_experiment_code_CONTROL_py_17_csv	0,67045
LARGE_dtc_experiment_code_CONTROL_py_12_csv	LARGE_dtc_experiment_code_CONTROL_py_14_csv	0,67614
LARGE_dtc_experiment_code_CONTROL_py_17_csv	LARGE_dtc_experiment_code_CONTROL_py_13_csv	0,67956
LARGE_dtc_experiment_code_CONTROL_py_18_csv	LARGE_dtc_experiment_code_CONTROL_py_14_csv	0,68571
LARGE_dtc_experiment_code_CONTROL_py_16_csv	LARGE_dtc_experiment_code_CONTROL_py_17_csv	0,69663
LARGE_dtc_experiment_code_CONTROL_py_14_csv	LARGE_dtc_experiment_code_CONTROL_py_10_csv	0,69841
LARGE_dtc_experiment_code_CONTROL_py_15_csv	LARGE_dtc_experiment_code_CONTROL_py_18_csv	0,70000
LARGE_dtc_experiment_code_CONTROL_py_11_csv	LARGE_dtc_experiment_code_CONTROL_py_12_csv	0,70053
LARGE_dtc_experiment_code_CONTROL_py_18_csv	LARGE_dtc_experiment_code_CONTROL_py_16_csv	0,70225
LARGE_dtc_experiment_code_CONTROL_py_18_csv	LARGE_dtc_experiment_code_CONTROL_py_12_csv	0,70455
LARGE_dtc_experiment_code_CONTROL_py_16_csv	LARGE_dtc_experiment_code_CONTROL_py_12_csv	0,70787
LARGE_dtc_experiment_code_CONTROL_py_16_csv	LARGE_dtc_experiment_code_CONTROL_py_18_csv	0,71348
LARGE_dtc_experiment_code_CONTROL_py_17_csv	LARGE_dtc_experiment_code_CONTROL_py_16_csv	0,71348
LARGE_dtc_experiment_code_CONTROL_py_15_csv	LARGE_dtc_experiment_code_CONTROL_py_11_csv	0,71658
LARGE_dtc_experiment_code_CONTROL_py_15_csv	LARGE_dtc_experiment_code_CONTROL_py_13_csv	0,71823
LARGE_dtc_experiment_code_CONTROL_py_15_csv	LARGE_dtc_experiment_code_CONTROL_py_16_csv	0,71910
LARGE_dtc_experiment_code_CONTROL_py_14_csv	LARGE_dtc_experiment_code_CONTROL_py_12_csv	0,72159
LARGE_dtc_experiment_code_CONTROL_py_15_csv	LARGE_dtc_experiment_code_CONTROL_py_12_csv	0,72159
LARGE_dtc_experiment_code_CONTROL_py_18_csv	LARGE_dtc_experiment_code_CONTROL_py_17_csv	0,72159
LARGE_dtc_experiment_code_CONTROL_py_17_csv	LARGE_dtc_experiment_code_CONTROL_py_11_csv	0,72193
LARGE_dtc_experiment_code_CONTROL_py_13_csv	LARGE_dtc_experiment_code_CONTROL_py_12_csv	0,72376
LARGE_dtc_experiment_code_CONTROL_py_14_csv	LARGE_dtc_experiment_code_CONTROL_py_13_csv	0,72376
LARGE_dtc_experiment_code_CONTROL_py_16_csv	LARGE_dtc_experiment_code_CONTROL_py_13_csv	0,72376
LARGE_dtc_experiment_code_CONTROL_py_18_csv	LARGE_dtc_experiment_code_CONTROL_py_13_csv	0,72376
LARGE_dtc_experiment_code_CONTROL_py_12_csv	LARGE_dtc_experiment_code_CONTROL_py_16_csv	0,72472
LARGE_dtc_experiment_code_CONTROL_py_16_csv	LARGE_dtc_experiment_code_CONTROL_py_14_csv	0,72472
LARGE_dtc_experiment_code_CONTROL_py_16_csv	LARGE_dtc_experiment_code_CONTROL_py_15_csv	0,72472
LARGE_dtc_experiment_code_CONTROL_py_10_csv	LARGE_dtc_experiment_code_CONTROL_py_12_csv	0,72487
LARGE_dtc_experiment_code_CONTROL_py_10_csv	LARGE_dtc_experiment_code_CONTROL_py_16_csv	0,72487
LARGE_dtc_experiment_code_CONTROL_py_12_csv	LARGE_dtc_experiment_code_CONTROL_py_10_csv	0,72487
LARGE_dtc_experiment_code_CONTROL_py_16_csv	LARGE_dtc_experiment_code_CONTROL_py_10_csv	0,72487
LARGE_dtc_experiment_code_TRAIN_py_11_csv	LARGE_dtc_experiment_code_TRAIN_py_14_csv	0,72558
LARGE_dtc_experiment_code_CONTROL_py_15_csv	LARGE_dtc_experiment_code_CONTROL_py_14_csv	0,72571
LARGE_dtc_experiment_code_TRAIN_py_12_csv	LARGE_dtc_experiment_code_CONTROL_py_12_csv	0,72596
LARGE_dtc_experiment_code_CONTROL_py_12_csv	LARGE_dtc_experiment_code_CONTROL_py_11_csv	0,72727
LARGE_dtc_experiment_code_CONTROL_py_12_csv	LARGE_dtc_experiment_code_CONTROL_py_17_csv	0,72727
LARGE_dtc_experiment_code_CONTROL_py_14_csv	LARGE_dtc_experiment_code_CONTROL_py_11_csv	0,72727
LARGE_dtc_experiment_code_CONTROL_py_14_csv	LARGE_dtc_experiment_code_CONTROL_py_17_csv	0,72727
LARGE_dtc_experiment_code_CONTROL_py_17_csv	LARGE_dtc_experiment_code_CONTROL_py_15_csv	0,72727
LARGE_dtc_experiment_code_CONTROL_py_18_csv	LARGE_dtc_experiment_code_CONTROL_py_11_csv	0,72727
LARGE_dtc_experiment_code_CONTROL_py_18_csv	LARGE_dtc_experiment_code_CONTROL_py_15_csv	0,72941
LARGE_dtc_experiment_code_CONTROL_py_17_csv	LARGE_dtc_experiment_code_CONTROL_py_18_csv	0,73295
LARGE_dtc_experiment_code_CONTROL_py_10_csv	LARGE_dtc_experiment_code_CONTROL_py_11_csv	0,73545
LARGE_dtc_experiment_code_CONTROL_py_16_csv	LARGE_dtc_experiment_code_CONTROL_py_0_csv	0,73585
LARGE_dtc_experiment_code_TRAIN_py_11_csv	LARGE_dtc_experiment_code_CONTROL_py_17_csv	0,73709
LARGE_dtc_experiment_code_CONTROL_py_17_csv	LARGE_dtc_experiment_code_TRAIN_py_11_csv	0,73709
LARGE_dtc_experiment_code_CONTROL_py_13_csv	LARGE_dtc_experiment_code_CONTROL_py_18_csv	0,74033
LARGE_dtc_experiment_code_CONTROL_py_15_csv	LARGE_dtc_experiment_code_CONTROL_py_0_csv	0,74057
LARGE_dtc_experiment_code_CONTROL_py_18_csv	LARGE_dtc_experiment_code_CONTROL_py_0_csv	0,74057
LARGE_dtc_experiment_code_CONTROL_py_10_csv	LARGE_dtc_experiment_code_CONTROL_py_13_csv	0,74074
LARGE_dtc_experiment_code_CONTROL_py_15_csv	LARGE_dtc_experiment_code_CONTROL_py_10_csv	0,74074
LARGE_dtc_experiment_code_TRAIN_py_14_csv	LARGE_dtc_experiment_code_CONTROL_py_12_csv	0,74419
LARGE_dtc_experiment_code_CONTROL_py_17_csv	LARGE_dtc_experiment_code_CONTROL_py_14_csv	0,74432
LARGE_dtc_experiment_code_TRAIN_py_16_csv	LARGE_dtc_experiment_code_CONTROL_py_12_csv	0,74569
LARGE_dtc_experiment_code_CONTROL_py_12_csv	LARGE_dtc_experiment_code_CONTROL_py_13_csv	0,74586
LARGE_dtc_experiment_code_CONTROL_py_13_csv	LARGE_dtc_experiment_code_CONTROL_py_15_csv	0,74586
LARGE_dtc_experiment_code_TRAIN_py_11_csv	LARGE_dtc_experiment_code_TRAIN_py_12_csv	0,74648
LARGE_dtc_experiment_code_TRAIN_py_11_csv	LARGE_dtc_experiment_code_CONTROL_py_11_csv	0,74648
LARGE_dtc_experiment_code_TRAIN_py_0_csv	LARGE_dtc_experiment_code_CONTROL_py_0_csv	0,74797
LARGE_dtc_experiment_code_CONTROL_py_14_csv	LARGE_dtc_experiment_code_CONTROL_py_18_csv	0,74857
LARGE_dtc_experiment_code_CONTROL_py_11_csv	LARGE_dtc_experiment_code_CONTROL_py_14_csv	0,74866
LARGE_dtc_experiment_code_CONTROL_py_13_csv	LARGE_dtc_experiment_code_CONTROL_py_11_csv	0,74866
LARGE_dtc_experiment_code_TRAIN_py_12_csv	LARGE_dtc_experiment_code_TRAIN_py_14_csv	0,74884
LARGE_dtc_experiment_code_TRAIN_py_14_csv	LARGE_dtc_experiment_code_TRAIN_py_12_csv	0,74884
LARGE_dtc_experiment_code_TRAIN_py_17_csv	LARGE_dtc_experiment_code_CONTROL_py_12_csv	0,74884
LARGE_dtc_experiment_code_CONTROL_py_0_csv	LARGE_dtc_experiment_code_CONTROL_py_10_csv	0,75000
LARGE_dtc_experiment_code_CONTROL_py_0_csv	LARGE_dtc_experiment_code_CONTROL_py_17_csv	0,75000
LARGE_dtc_experiment_code_CONTROL_py_11_csv	LARGE_dtc_experiment_code_CONTROL_py_0_csv	0,75000
LARGE_dtc_experiment_code_CONTROL_py_13_csv	LARGE_dtc_experiment_code_CONTROL_py_0_csv	0,75000
LARGE_dtc_experiment_code_CONTROL_py_17_csv	LARGE_dtc_experiment_code_CONTROL_py_0_csv	0,75000
LARGE_dtc_experiment_code_TRAIN_py_11_csv	LARGE_dtc_experiment_code_TRAIN_py_10_csv	0,75109
LARGE_dtc_experiment_code_TRAIN_py_11_csv	LARGE_dtc_experiment_code_CONTROL_py_0_csv	0,75117
LARGE_dtc_experiment_code_TRAIN_py_12_csv	LARGE_dtc_experiment_code_TRAIN_py_11_csv	0,75117
LARGE_dtc_experiment_code_CONTROL_py_16_csv	LARGE_dtc_experiment_code_TRAIN_py_11_csv	0,75117
LARGE_dtc_experiment_code_CONTROL_py_10_csv	LARGE_dtc_experiment_code_CONTROL_py_14_csv	0,75132
LARGE_dtc_experiment_code_CONTROL_py_10_csv	LARGE_dtc_experiment_code_CONTROL_py_17_csv	0,75132
LARGE_dtc_experiment_code_TRAIN_py_18_csv	LARGE_dtc_experiment_code_TRAIN_py_14_csv	0,75194
LARGE_dtc_experiment_code_TRAIN_py_0_csv	LARGE_dtc_experiment_code_CONTROL_py_11_csv	0,75203
LARGE_dtc_experiment_code_TRAIN_py_14_csv	LARGE_dtc_experiment_code_CONTROL_py_16_csv	0,75349
LARGE_dtc_experiment_code_TRAIN_py_17_csv	LARGE_dtc_experiment_code_TRAIN_py_14_csv	0,75349
LARGE_dtc_experiment_code_TRAIN_py_17_csv	LARGE_dtc_experiment_code_CONTROL_py_0_csv	0,75349
LARGE_dtc_experiment_code_TRAIN_py_17_csv	LARGE_dtc_experiment_code_CONTROL_py_10_csv	0,75349
LARGE_dtc_experiment_code_CONTROL_py_11_csv	LARGE_dtc_experiment_code_CONTROL_py_18_csv	0,75401
LARGE_dtc_experiment_code_CONTROL_py_16_csv	LARGE_dtc_experiment_code_CONTROL_py_11_csv	0,75401
LARGE_dtc_experiment_code_TRAIN_py_10_csv	LARGE_dtc_experiment_code_TRAIN_py_16_csv	0,75431
LARGE_dtc_experiment_code_TRAIN_py_15_csv	LARGE_dtc_experiment_code_CONTROL_py_10_csv	0,75463
LARGE_dtc_experiment_code_TRAIN_py_15_csv	LARGE_dtc_experiment_code_CONTROL_py_12_csv	0,75463
LARGE_dtc_experiment_code_CONTROL_py_0_csv	LARGE_dtc_experiment_code_CONTROL_py_18_csv	0,75472
LARGE_dtc_experiment_code_TRAIN_py_10_csv	LARGE_dtc_experiment_code_TRAIN_py_14_csv	0,75546
LARGE_dtc_experiment_code_TRAIN_py_10_csv	LARGE_dtc_experiment_code_CONTROL_py_0_csv	0,75546
LARGE_dtc_experiment_code_TRAIN_py_10_csv	LARGE_dtc_experiment_code_CONTROL_py_13_csv	0,75546
LARGE_dtc_experiment_code_CONTROL_py_17_csv	LARGE_dtc_experiment_code_CONTROL_py_12_csv	0,75568
LARGE_dtc_experiment_code_TRAIN_py_0_csv	LARGE_dtc_experiment_code_TRAIN_py_18_csv	0,75581
LARGE_dtc_experiment_code_TRAIN_py_18_csv	LARGE_dtc_experiment_code_TRAIN_py_10_csv	0,75581
LARGE_dtc_experiment_code_TRAIN_py_11_csv	LARGE_dtc_experiment_code_CONTROL_py_12_csv	0,75587
LARGE_dtc_experiment_code_TRAIN_py_11_csv	LARGE_dtc_experiment_code_CONTROL_py_14_csv	0,75587
LARGE_dtc_experiment_code_TRAIN_py_11_csv	LARGE_dtc_experiment_code_CONTROL_py_16_csv	0,75587
LARGE_dtc_experiment_code_CONTROL_py_12_csv	LARGE_dtc_experiment_code_TRAIN_py_11_csv	0,75587
LARGE_dtc_experiment_code_TRAIN_py_0_csv	LARGE_dtc_experiment_code_TRAIN_py_10_csv	0,75610
LARGE_dtc_experiment_code_TRAIN_py_0_csv	LARGE_dtc_experiment_code_TRAIN_py_11_csv	0,75610
LARGE_dtc_experiment_code_TRAIN_py_14_csv	LARGE_dtc_experiment_code_TRAIN_py_11_csv	0,75814
LARGE_dtc_experiment_code_TRAIN_py_14_csv	LARGE_dtc_experiment_code_CONTROL_py_0_csv	0,75814
LARGE_dtc_experiment_code_TRAIN_py_14_csv	LARGE_dtc_experiment_code_CONTROL_py_17_csv	0,75814
LARGE_dtc_experiment_code_TRAIN_py_17_csv	LARGE_dtc_experiment_code_CONTROL_py_17_csv	0,75814
LARGE_dtc_experiment_code_CONTROL_py_13_csv	LARGE_dtc_experiment_code_TRAIN_py_14_csv	0,75814
LARGE_dtc_experiment_code_CONTROL_py_14_csv	LARGE_dtc_experiment_code_CONTROL_py_16_csv	0,75843
LARGE_dtc_experiment_code_TRAIN_py_11_csv	LARGE_dtc_experiment_code_TRAIN_py_16_csv	0,75862
LARGE_dtc_experiment_code_TRAIN_py_14_csv	LARGE_dtc_experiment_code_TRAIN_py_16_csv	0,75862
LARGE_dtc_experiment_code_TRAIN_py_15_csv	LARGE_dtc_experiment_code_CONTROL_py_0_csv	0,75926
LARGE_dtc_experiment_code_CONTROL_py_11_csv	LARGE_dtc_experiment_code_CONTROL_py_16_csv	0,75936
LARGE_dtc_experiment_code_CONTROL_py_0_csv	LARGE_dtc_experiment_code_CONTROL_py_12_csv	0,75943
LARGE_dtc_experiment_code_CONTROL_py_0_csv	LARGE_dtc_experiment_code_CONTROL_py_16_csv	0,75943
LARGE_dtc_experiment_code_CONTROL_py_12_csv	LARGE_dtc_experiment_code_CONTROL_py_0_csv	0,75943
LARGE_dtc_experiment_code_CONTROL_py_12_csv	LARGE_dtc_experiment_code_TRAIN_py_12_csv	0,75962
LARGE_dtc_experiment_code_CONTROL_py_14_csv	LARGE_dtc_experiment_code_CONTROL_py_15_csv	0,76000
LARGE_dtc_experiment_code_TRAIN_py_0_csv	LARGE_dtc_experiment_code_TRAIN_py_14_csv	0,76016
LARGE_dtc_experiment_code_TRAIN_py_16_csv	LARGE_dtc_experiment_code_TRAIN_py_0_csv	0,76016
LARGE_dtc_experiment_code_TRAIN_py_11_csv	LARGE_dtc_experiment_code_CONTROL_py_10_csv	0,76056
LARGE_dtc_experiment_code_CONTROL_py_11_csv	LARGE_dtc_experiment_code_TRAIN_py_11_csv	0,76056
LARGE_dtc_experiment_code_CONTROL_py_13_csv	LARGE_dtc_experiment_code_TRAIN_py_11_csv	0,76056
LARGE_dtc_experiment_code_CONTROL_py_15_csv	LARGE_dtc_experiment_code_TRAIN_py_11_csv	0,76056
LARGE_dtc_experiment_code_CONTROL_py_18_csv	LARGE_dtc_experiment_code_TRAIN_py_11_csv	0,76056
LARGE_dtc_experiment_code_CONTROL_py_10_csv	LARGE_dtc_experiment_code_CONTROL_py_18_csv	0,76190
LARGE_dtc_experiment_code_CONTROL_py_13_csv	LARGE_dtc_experiment_code_CONTROL_py_14_csv	0,76243
LARGE_dtc_experiment_code_CONTROL_py_0_csv	LARGE_dtc_experiment_code_TRAIN_py_14_csv	0,76279
LARGE_dtc_experiment_code_CONTROL_py_15_csv	LARGE_dtc_experiment_code_TRAIN_py_14_csv	0,76279
LARGE_dtc_experiment_code_TRAIN_py_16_csv	LARGE_dtc_experiment_code_TRAIN_py_14_csv	0,76293
LARGE_dtc_experiment_code_TRAIN_py_16_csv	LARGE_dtc_experiment_code_TRAIN_py_15_csv	0,76293
LARGE_dtc_experiment_code_TRAIN_py_18_csv	LARGE_dtc_experiment_code_TRAIN_py_16_csv	0,76357
LARGE_dtc_experiment_code_TRAIN_py_15_csv	LARGE_dtc_experiment_code_TRAIN_py_11_csv	0,76389
LARGE_dtc_experiment_code_TRAIN_py_15_csv	LARGE_dtc_experiment_code_CONTROL_py_17_csv	0,76389
LARGE_dtc_experiment_code_TRAIN_py_12_csv	LARGE_dtc_experiment_code_CONTROL_py_0_csv	0,76415
LARGE_dtc_experiment_code_CONTROL_py_0_csv	LARGE_dtc_experiment_code_TRAIN_py_12_csv	0,76415
LARGE_dtc_experiment_code_CONTROL_py_0_csv	LARGE_dtc_experiment_code_CONTROL_py_13_csv	0,76415
LARGE_dtc_experiment_code_TRAIN_py_10_csv	LARGE_dtc_experiment_code_CONTROL_py_12_csv	0,76419
LARGE_dtc_experiment_code_TRAIN_py_15_csv	LARGE_dtc_experiment_code_TRAIN_py_10_csv	0,76419
LARGE_dtc_experiment_code_CONTROL_py_13_csv	LARGE_dtc_experiment_code_TRAIN_py_10_csv	0,76419
LARGE_dtc_experiment_code_TRAIN_py_0_csv	LARGE_dtc_experiment_code_TRAIN_py_16_csv	0,76423
LARGE_dtc_experiment_code_TRAIN_py_0_csv	LARGE_dtc_experiment_code_CONTROL_py_10_csv	0,76423
LARGE_dtc_experiment_code_TRAIN_py_12_csv	LARGE_dtc_experiment_code_CONTROL_py_11_csv	0,76442
LARGE_dtc_experiment_code_TRAIN_py_11_csv	LARGE_dtc_experiment_code_CONTROL_py_13_csv	0,76526
LARGE_dtc_experiment_code_CONTROL_py_14_csv	LARGE_dtc_experiment_code_TRAIN_py_11_csv	0,76526
LARGE_dtc_experiment_code_CONTROL_py_12_csv	LARGE_dtc_experiment_code_CONTROL_py_15_csv	0,76705
LARGE_dtc_experiment_code_TRAIN_py_16_csv	LARGE_dtc_experiment_code_TRAIN_py_11_csv	0,76724
LARGE_dtc_experiment_code_TRAIN_py_16_csv	LARGE_dtc_experiment_code_CONTROL_py_10_csv	0,76724
LARGE_dtc_experiment_code_CONTROL_py_16_csv	LARGE_dtc_experiment_code_TRAIN_py_16_csv	0,76724
LARGE_dtc_experiment_code_TRAIN_py_14_csv	LARGE_dtc_experiment_code_CONTROL_py_10_csv	0,76744
LARGE_dtc_experiment_code_TRAIN_py_14_csv	LARGE_dtc_experiment_code_CONTROL_py_15_csv	0,76744
LARGE_dtc_experiment_code_TRAIN_py_17_csv	LARGE_dtc_experiment_code_TRAIN_py_12_csv	0,76744
LARGE_dtc_experiment_code_CONTROL_py_16_csv	LARGE_dtc_experiment_code_TRAIN_py_14_csv	0,76744
LARGE_dtc_experiment_code_CONTROL_py_18_csv	LARGE_dtc_experiment_code_TRAIN_py_14_csv	0,76744
LARGE_dtc_experiment_code_TRAIN_py_0_csv	LARGE_dtc_experiment_code_CONTROL_py_16_csv	0,76829
LARGE_dtc_experiment_code_TRAIN_py_15_csv	LARGE_dtc_experiment_code_TRAIN_py_12_csv	0,76852
LARGE_dtc_experiment_code_TRAIN_py_10_csv	LARGE_dtc_experiment_code_TRAIN_py_11_csv	0,76856
LARGE_dtc_experiment_code_TRAIN_py_10_csv	LARGE_dtc_experiment_code_CONTROL_py_16_csv	0,76856
LARGE_dtc_experiment_code_TRAIN_py_10_csv	LARGE_dtc_experiment_code_CONTROL_py_17_csv	0,76856
LARGE_dtc_experiment_code_CONTROL_py_10_csv	LARGE_dtc_experiment_code_CONTROL_py_0_csv	0,76887
LARGE_dtc_experiment_code_CONTROL_py_14_csv	LARGE_dtc_experiment_code_CONTROL_py_0_csv	0,76887
LARGE_dtc_experiment_code_TRAIN_py_12_csv	LARGE_dtc_experiment_code_CONTROL_py_13_csv	0,76923
LARGE_dtc_experiment_code_TRAIN_py_12_csv	LARGE_dtc_experiment_code_CONTROL_py_16_csv	0,76923
LARGE_dtc_experiment_code_CONTROL_py_16_csv	LARGE_dtc_experiment_code_TRAIN_py_12_csv	0,76923
LARGE_dtc_experiment_code_CONTROL_py_10_csv	LARGE_dtc_experiment_code_TRAIN_py_11_csv	0,76995
LARGE_dtc_experiment_code_CONTROL_py_11_csv	LARGE_dtc_experiment_code_CONTROL_py_15_csv	0,77005
LARGE_dtc_experiment_code_TRAIN_py_0_csv	LARGE_dtc_experiment_code_TRAIN_py_13_csv	0,77043
LARGE_dtc_experiment_code_TRAIN_py_10_csv	LARGE_dtc_experiment_code_TRAIN_py_13_csv	0,77043
LARGE_dtc_experiment_code_CONTROL_py_0_csv	LARGE_dtc_experiment_code_TRAIN_py_13_csv	0,77043
LARGE_dtc_experiment_code_TRAIN_py_18_csv	LARGE_dtc_experiment_code_TRAIN_py_0_csv	0,77132
LARGE_dtc_experiment_code_TRAIN_py_18_csv	LARGE_dtc_experiment_code_CONTROL_py_16_csv	0,77132
LARGE_dtc_experiment_code_TRAIN_py_12_csv	LARGE_dtc_experiment_code_TRAIN_py_16_csv	0,77155
LARGE_dtc_experiment_code_TRAIN_py_15_csv	LARGE_dtc_experiment_code_TRAIN_py_16_csv	0,77155
LARGE_dtc_experiment_code_TRAIN_py_16_csv	LARGE_dtc_experiment_code_TRAIN_py_10_csv	0,77155
LARGE_dtc_experiment_code_CONTROL_py_12_csv	LARGE_dtc_experiment_code_TRAIN_py_16_csv	0,77155
LARGE_dtc_experiment_code_TRAIN_py_11_csv	LARGE_dtc_experiment_code_TRAIN_py_17_csv	0,77209
LARGE_dtc_experiment_code_TRAIN_py_14_csv	LARGE_dtc_experiment_code_CONTROL_py_11_csv	0,77209
LARGE_dtc_experiment_code_TRAIN_py_14_csv	LARGE_dtc_experiment_code_CONTROL_py_13_csv	0,77209
LARGE_dtc_experiment_code_TRAIN_py_17_csv	LARGE_dtc_experiment_code_TRAIN_py_11_csv	0,77209
LARGE_dtc_experiment_code_CONTROL_py_10_csv	LARGE_dtc_experiment_code_TRAIN_py_17_csv	0,77209
LARGE_dtc_experiment_code_CONTROL_py_14_csv	LARGE_dtc_experiment_code_TRAIN_py_14_csv	0,77209
LARGE_dtc_experiment_code_CONTROL_py_17_csv	LARGE_dtc_experiment_code_TRAIN_py_14_csv	0,77209
LARGE_dtc_experiment_code_TRAIN_py_0_csv	LARGE_dtc_experiment_code_TRAIN_py_12_csv	0,77236
LARGE_dtc_experiment_code_TRAIN_py_0_csv	LARGE_dtc_experiment_code_CONTROL_py_12_csv	0,77236
LARGE_dtc_experiment_code_CONTROL_py_0_csv	LARGE_dtc_experiment_code_TRAIN_py_0_csv	0,77236
LARGE_dtc_experiment_code_CONTROL_py_11_csv	LARGE_dtc_experiment_code_TRAIN_py_0_csv	0,77236
LARGE_dtc_experiment_code_TRAIN_py_10_csv	LARGE_dtc_experiment_code_CONTROL_py_10_csv	0,77293
LARGE_dtc_experiment_code_TRAIN_py_11_csv	LARGE_dtc_experiment_code_TRAIN_py_15_csv	0,77315
LARGE_dtc_experiment_code_CONTROL_py_0_csv	LARGE_dtc_experiment_code_CONTROL_py_11_csv	0,77358
LARGE_dtc_experiment_code_CONTROL_py_0_csv	LARGE_dtc_experiment_code_CONTROL_py_14_csv	0,77358
LARGE_dtc_experiment_code_TRAIN_py_12_csv	LARGE_dtc_experiment_code_CONTROL_py_10_csv	0,77404
LARGE_dtc_experiment_code_TRAIN_py_12_csv	LARGE_dtc_experiment_code_CONTROL_py_17_csv	0,77404
LARGE_dtc_experiment_code_CONTROL_py_11_csv	LARGE_dtc_experiment_code_TRAIN_py_12_csv	0,77404
LARGE_dtc_experiment_code_CONTROL_py_14_csv	LARGE_dtc_experiment_code_TRAIN_py_12_csv	0,77404
LARGE_dtc_experiment_code_CONTROL_py_18_csv	LARGE_dtc_experiment_code_TRAIN_py_12_csv	0,77404
LARGE_dtc_experiment_code_TRAIN_py_13_csv	LARGE_dtc_experiment_code_TRAIN_py_0_csv	0,77432
LARGE_dtc_experiment_code_TRAIN_py_11_csv	LARGE_dtc_experiment_code_CONTROL_py_18_csv	0,77465
LARGE_dtc_experiment_code_CONTROL_py_0_csv	LARGE_dtc_experiment_code_TRAIN_py_11_csv	0,77465
LARGE_dtc_experiment_code_TRAIN_py_18_csv	LARGE_dtc_experiment_code_CONTROL_py_12_csv	0,77519
LARGE_dtc_experiment_code_TRAIN_py_16_csv	LARGE_dtc_experiment_code_TRAIN_py_12_csv	0,77586
LARGE_dtc_experiment_code_TRAIN_py_16_csv	LARGE_dtc_experiment_code_CONTROL_py_0_csv	0,77586
LARGE_dtc_experiment_code_TRAIN_py_16_csv	LARGE_dtc_experiment_code_CONTROL_py_13_csv	0,77586
LARGE_dtc_experiment_code_TRAIN_py_0_csv	LARGE_dtc_experiment_code_CONTROL_py_17_csv	0,77642
LARGE_dtc_experiment_code_TRAIN_py_14_csv	LARGE_dtc_experiment_code_TRAIN_py_17_csv	0,77674
LARGE_dtc_experiment_code_TRAIN_py_17_csv	LARGE_dtc_experiment_code_CONTROL_py_16_csv	0,77674
LARGE_dtc_experiment_code_CONTROL_py_10_csv	LARGE_dtc_experiment_code_TRAIN_py_14_csv	0,77674
LARGE_dtc_experiment_code_CONTROL_py_12_csv	LARGE_dtc_experiment_code_TRAIN_py_14_csv	0,77674
LARGE_dtc_experiment_code_CONTROL_py_16_csv	LARGE_dtc_experiment_code_TRAIN_py_17_csv	0,77674
LARGE_dtc_experiment_code_TRAIN_py_10_csv	LARGE_dtc_experiment_code_CONTROL_py_11_csv	0,77729
LARGE_dtc_experiment_code_CONTROL_py_16_csv	LARGE_dtc_experiment_code_TRAIN_py_10_csv	0,77729
LARGE_dtc_experiment_code_CONTROL_py_17_csv	LARGE_dtc_experiment_code_TRAIN_py_10_csv	0,77729
LARGE_dtc_experiment_code_TRAIN_py_12_csv	LARGE_dtc_experiment_code_TRAIN_py_15_csv	0,77778
LARGE_dtc_experiment_code_CONTROL_py_0_csv	LARGE_dtc_experiment_code_CONTROL_py_15_csv	0,77830
LARGE_dtc_experiment_code_TRAIN_py_12_csv	LARGE_dtc_experiment_code_CONTROL_py_18_csv	0,77885
LARGE_dtc_experiment_code_CONTROL_py_15_csv	LARGE_dtc_experiment_code_TRAIN_py_12_csv	0,77885
LARGE_dtc_experiment_code_TRAIN_py_11_csv	LARGE_dtc_experiment_code_TRAIN_py_18_csv	0,77907
LARGE_dtc_experiment_code_TRAIN_py_13_csv	LARGE_dtc_experiment_code_TRAIN_py_18_csv	0,77907
LARGE_dtc_experiment_code_TRAIN_py_16_csv	LARGE_dtc_experiment_code_TRAIN_py_18_csv	0,77907
LARGE_dtc_experiment_code_TRAIN_py_18_csv	LARGE_dtc_experiment_code_TRAIN_py_11_csv	0,77907
LARGE_dtc_experiment_code_TRAIN_py_11_csv	LARGE_dtc_experiment_code_CONTROL_py_15_csv	0,77934
LARGE_dtc_experiment_code_TRAIN_py_16_csv	LARGE_dtc_experiment_code_CONTROL_py_11_csv	0,78017
LARGE_dtc_experiment_code_TRAIN_py_16_csv	LARGE_dtc_experiment_code_CONTROL_py_16_csv	0,78017
LARGE_dtc_experiment_code_TRAIN_py_17_csv	LARGE_dtc_experiment_code_TRAIN_py_16_csv	0,78017
LARGE_dtc_experiment_code_CONTROL_py_0_csv	LARGE_dtc_experiment_code_TRAIN_py_16_csv	0,78017
LARGE_dtc_experiment_code_CONTROL_py_11_csv	LARGE_dtc_experiment_code_TRAIN_py_16_csv	0,78017
LARGE_dtc_experiment_code_TRAIN_py_11_csv	LARGE_dtc_experiment_code_TRAIN_py_0_csv	0,78049
LARGE_dtc_experiment_code_TRAIN_py_14_csv	LARGE_dtc_experiment_code_CONTROL_py_18_csv	0,78140
LARGE_dtc_experiment_code_TRAIN_py_17_csv	LARGE_dtc_experiment_code_CONTROL_py_13_csv	0,78140
LARGE_dtc_experiment_code_CONTROL_py_17_csv	LARGE_dtc_experiment_code_TRAIN_py_17_csv	0,78140
LARGE_dtc_experiment_code_TRAIN_py_10_csv	LARGE_dtc_experiment_code_TRAIN_py_12_csv	0,78166
LARGE_dtc_experiment_code_CONTROL_py_14_csv	LARGE_dtc_experiment_code_TRAIN_py_10_csv	0,78166
LARGE_dtc_experiment_code_CONTROL_py_18_csv	LARGE_dtc_experiment_code_TRAIN_py_10_csv	0,78166
LARGE_dtc_experiment_code_TRAIN_py_13_csv	LARGE_dtc_experiment_code_TRAIN_py_14_csv	0,78210
LARGE_dtc_experiment_code_TRAIN_py_13_csv	LARGE_dtc_experiment_code_CONTROL_py_0_csv	0,78210
LARGE_dtc_experiment_code_TRAIN_py_15_csv	LARGE_dtc_experiment_code_TRAIN_py_13_csv	0,78210
LARGE_dtc_experiment_code_TRAIN_py_15_csv	LARGE_dtc_experiment_code_TRAIN_py_14_csv	0,78241
LARGE_dtc_experiment_code_TRAIN_py_15_csv	LARGE_dtc_experiment_code_CONTROL_py_11_csv	0,78241
LARGE_dtc_experiment_code_TRAIN_py_15_csv	LARGE_dtc_experiment_code_CONTROL_py_13_csv	0,78241
LARGE_dtc_experiment_code_CONTROL_py_18_csv	LARGE_dtc_experiment_code_TRAIN_py_15_csv	0,78241
LARGE_dtc_experiment_code_TRAIN_py_18_csv	LARGE_dtc_experiment_code_CONTROL_py_17_csv	0,78295
LARGE_dtc_experiment_code_TRAIN_py_12_csv	LARGE_dtc_experiment_code_CONTROL_py_14_csv	0,78365
LARGE_dtc_experiment_code_TRAIN_py_12_csv	LARGE_dtc_experiment_code_CONTROL_py_15_csv	0,78365
LARGE_dtc_experiment_code_TRAIN_py_16_csv	LARGE_dtc_experiment_code_CONTROL_py_14_csv	0,78448
LARGE_dtc_experiment_code_CONTROL_py_13_csv	LARGE_dtc_experiment_code_TRAIN_py_16_csv	0,78448
LARGE_dtc_experiment_code_CONTROL_py_14_csv	LARGE_dtc_experiment_code_TRAIN_py_16_csv	0,78448
LARGE_dtc_experiment_code_CONTROL_py_15_csv	LARGE_dtc_experiment_code_TRAIN_py_16_csv	0,78448
LARGE_dtc_experiment_code_CONTROL_py_17_csv	LARGE_dtc_experiment_code_TRAIN_py_16_csv	0,78448
LARGE_dtc_experiment_code_TRAIN_py_10_csv	LARGE_dtc_experiment_code_TRAIN_py_0_csv	0,78455
LARGE_dtc_experiment_code_CONTROL_py_15_csv	LARGE_dtc_experiment_code_TRAIN_py_0_csv	0,78455
LARGE_dtc_experiment_code_CONTROL_py_18_csv	LARGE_dtc_experiment_code_TRAIN_py_0_csv	0,78455
LARGE_dtc_experiment_code_TRAIN_py_11_csv	LARGE_dtc_experiment_code_TRAIN_py_13_csv	0,78599
LARGE_dtc_experiment_code_TRAIN_py_13_csv	LARGE_dtc_experiment_code_TRAIN_py_16_csv	0,78599
LARGE_dtc_experiment_code_TRAIN_py_14_csv	LARGE_dtc_experiment_code_TRAIN_py_13_csv	0,78599
LARGE_dtc_experiment_code_TRAIN_py_16_csv	LARGE_dtc_experiment_code_TRAIN_py_13_csv	0,78599
LARGE_dtc_experiment_code_CONTROL_py_0_csv	LARGE_dtc_experiment_code_TRAIN_py_10_csv	0,78603
LARGE_dtc_experiment_code_CONTROL_py_11_csv	LARGE_dtc_experiment_code_TRAIN_py_10_csv	0,78603
LARGE_dtc_experiment_code_TRAIN_py_17_csv	LARGE_dtc_experiment_code_CONTROL_py_11_csv	0,78605
LARGE_dtc_experiment_code_CONTROL_py_11_csv	LARGE_dtc_experiment_code_TRAIN_py_17_csv	0,78605
LARGE_dtc_experiment_code_TRAIN_py_18_csv	LARGE_dtc_experiment_code_TRAIN_py_13_csv	0,78682
LARGE_dtc_experiment_code_TRAIN_py_18_csv	LARGE_dtc_experiment_code_CONTROL_py_10_csv	0,78682
LARGE_dtc_experiment_code_CONTROL_py_11_csv	LARGE_dtc_experiment_code_TRAIN_py_18_csv	0,78682
LARGE_dtc_experiment_code_TRAIN_py_14_csv	LARGE_dtc_experiment_code_TRAIN_py_15_csv	0,78704
LARGE_dtc_experiment_code_TRAIN_py_15_csv	LARGE_dtc_experiment_code_CONTROL_py_16_csv	0,78704
LARGE_dtc_experiment_code_CONTROL_py_10_csv	LARGE_dtc_experiment_code_TRAIN_py_15_csv	0,78704
LARGE_dtc_experiment_code_CONTROL_py_11_csv	LARGE_dtc_experiment_code_TRAIN_py_15_csv	0,78704
LARGE_dtc_experiment_code_CONTROL_py_15_csv	LARGE_dtc_experiment_code_TRAIN_py_15_csv	0,78704
LARGE_dtc_experiment_code_CONTROL_py_17_csv	LARGE_dtc_experiment_code_TRAIN_py_12_csv	0,78846
LARGE_dtc_experiment_code_TRAIN_py_0_csv	LARGE_dtc_experiment_code_CONTROL_py_13_csv	0,78862
LARGE_dtc_experiment_code_TRAIN_py_0_csv	LARGE_dtc_experiment_code_CONTROL_py_14_csv	0,78862
LARGE_dtc_experiment_code_TRAIN_py_0_csv	LARGE_dtc_experiment_code_CONTROL_py_15_csv	0,78862
LARGE_dtc_experiment_code_TRAIN_py_10_csv	LARGE_dtc_experiment_code_CONTROL_py_14_csv	0,79039
LARGE_dtc_experiment_code_TRAIN_py_10_csv	LARGE_dtc_experiment_code_CONTROL_py_18_csv	0,79039
LARGE_dtc_experiment_code_TRAIN_py_12_csv	LARGE_dtc_experiment_code_TRAIN_py_10_csv	0,79039
LARGE_dtc_experiment_code_TRAIN_py_17_csv	LARGE_dtc_experiment_code_TRAIN_py_10_csv	0,79039
LARGE_dtc_experiment_code_CONTROL_py_12_csv	LARGE_dtc_experiment_code_TRAIN_py_10_csv	0,79039
LARGE_dtc_experiment_code_TRAIN_py_10_csv	LARGE_dtc_experiment_code_TRAIN_py_18_csv	0,79070
LARGE_dtc_experiment_code_TRAIN_py_14_csv	LARGE_dtc_experiment_code_TRAIN_py_18_csv	0,79070
LARGE_dtc_experiment_code_TRAIN_py_17_csv	LARGE_dtc_experiment_code_CONTROL_py_18_csv	0,79070
LARGE_dtc_experiment_code_TRAIN_py_18_csv	LARGE_dtc_experiment_code_TRAIN_py_12_csv	0,79070
LARGE_dtc_experiment_code_TRAIN_py_18_csv	LARGE_dtc_experiment_code_CONTROL_py_11_csv	0,79070
LARGE_dtc_experiment_code_CONTROL_py_11_csv	LARGE_dtc_experiment_code_TRAIN_py_14_csv	0,79070
LARGE_dtc_experiment_code_CONTROL_py_12_csv	LARGE_dtc_experiment_code_TRAIN_py_17_csv	0,79070
LARGE_dtc_experiment_code_CONTROL_py_18_csv	LARGE_dtc_experiment_code_TRAIN_py_17_csv	0,79070
LARGE_dtc_experiment_code_CONTROL_py_12_csv	LARGE_dtc_experiment_code_TRAIN_py_15_csv	0,79167
LARGE_dtc_experiment_code_CONTROL_py_12_csv	LARGE_dtc_experiment_code_TRAIN_py_0_csv	0,79268
LARGE_dtc_experiment_code_CONTROL_py_10_csv	LARGE_dtc_experiment_code_TRAIN_py_16_csv	0,79310
LARGE_dtc_experiment_code_CONTROL_py_13_csv	LARGE_dtc_experiment_code_TRAIN_py_12_csv	0,79327
LARGE_dtc_experiment_code_TRAIN_py_13_csv	LARGE_dtc_experiment_code_TRAIN_py_12_csv	0,79377
LARGE_dtc_experiment_code_TRAIN_py_13_csv	LARGE_dtc_experiment_code_CONTROL_py_16_csv	0,79377
LARGE_dtc_experiment_code_CONTROL_py_12_csv	LARGE_dtc_experiment_code_TRAIN_py_13_csv	0,79377
LARGE_dtc_experiment_code_TRAIN_py_17_csv	LARGE_dtc_experiment_code_TRAIN_py_18_csv	0,79457
LARGE_dtc_experiment_code_TRAIN_py_18_csv	LARGE_dtc_experiment_code_CONTROL_py_0_csv	0,79457
LARGE_dtc_experiment_code_TRAIN_py_18_csv	LARGE_dtc_experiment_code_CONTROL_py_15_csv	0,79457
LARGE_dtc_experiment_code_CONTROL_py_10_csv	LARGE_dtc_experiment_code_TRAIN_py_18_csv	0,79457
LARGE_dtc_experiment_code_TRAIN_py_10_csv	LARGE_dtc_experiment_code_TRAIN_py_15_csv	0,79476
LARGE_dtc_experiment_code_TRAIN_py_10_csv	LARGE_dtc_experiment_code_TRAIN_py_17_csv	0,79476
LARGE_dtc_experiment_code_TRAIN_py_14_csv	LARGE_dtc_experiment_code_TRAIN_py_10_csv	0,79476
LARGE_dtc_experiment_code_CONTROL_py_10_csv	LARGE_dtc_experiment_code_TRAIN_py_10_csv	0,79476
LARGE_dtc_experiment_code_TRAIN_py_14_csv	LARGE_dtc_experiment_code_CONTROL_py_14_csv	0,79535
LARGE_dtc_experiment_code_TRAIN_py_17_csv	LARGE_dtc_experiment_code_CONTROL_py_15_csv	0,79535
LARGE_dtc_experiment_code_CONTROL_py_15_csv	LARGE_dtc_experiment_code_TRAIN_py_17_csv	0,79535
LARGE_dtc_experiment_code_TRAIN_py_15_csv	LARGE_dtc_experiment_code_TRAIN_py_17_csv	0,79630
LARGE_dtc_experiment_code_CONTROL_py_13_csv	LARGE_dtc_experiment_code_TRAIN_py_15_csv	0,79630
LARGE_dtc_experiment_code_TRAIN_py_0_csv	LARGE_dtc_experiment_code_TRAIN_py_15_csv	0,79675
LARGE_dtc_experiment_code_TRAIN_py_0_csv	LARGE_dtc_experiment_code_TRAIN_py_17_csv	0,79675
LARGE_dtc_experiment_code_TRAIN_py_12_csv	LARGE_dtc_experiment_code_TRAIN_py_0_csv	0,79675
LARGE_dtc_experiment_code_TRAIN_py_15_csv	LARGE_dtc_experiment_code_TRAIN_py_0_csv	0,79675
LARGE_dtc_experiment_code_TRAIN_py_16_csv	LARGE_dtc_experiment_code_CONTROL_py_17_csv	0,79741
LARGE_dtc_experiment_code_TRAIN_py_16_csv	LARGE_dtc_experiment_code_CONTROL_py_18_csv	0,79741
LARGE_dtc_experiment_code_CONTROL_py_18_csv	LARGE_dtc_experiment_code_TRAIN_py_16_csv	0,79741
LARGE_dtc_experiment_code_TRAIN_py_13_csv	LARGE_dtc_experiment_code_TRAIN_py_11_csv	0,79767
LARGE_dtc_experiment_code_TRAIN_py_13_csv	LARGE_dtc_experiment_code_CONTROL_py_11_csv	0,79767
LARGE_dtc_experiment_code_TRAIN_py_12_csv	LARGE_dtc_experiment_code_TRAIN_py_18_csv	0,79845
LARGE_dtc_experiment_code_TRAIN_py_15_csv	LARGE_dtc_experiment_code_TRAIN_py_18_csv	0,79845
LARGE_dtc_experiment_code_TRAIN_py_18_csv	LARGE_dtc_experiment_code_TRAIN_py_15_csv	0,79845
LARGE_dtc_experiment_code_TRAIN_py_18_csv	LARGE_dtc_experiment_code_CONTROL_py_13_csv	0,79845
LARGE_dtc_experiment_code_TRAIN_py_10_csv	LARGE_dtc_experiment_code_CONTROL_py_15_csv	0,79913
LARGE_dtc_experiment_code_TRAIN_py_17_csv	LARGE_dtc_experiment_code_CONTROL_py_14_csv	0,80000
LARGE_dtc_experiment_code_CONTROL_py_0_csv	LARGE_dtc_experiment_code_TRAIN_py_17_csv	0,80000
LARGE_dtc_experiment_code_CONTROL_py_13_csv	LARGE_dtc_experiment_code_TRAIN_py_17_csv	0,80000
LARGE_dtc_experiment_code_CONTROL_py_14_csv	LARGE_dtc_experiment_code_TRAIN_py_0_csv	0,80081
LARGE_dtc_experiment_code_CONTROL_py_0_csv	LARGE_dtc_experiment_code_TRAIN_py_15_csv	0,80093
LARGE_dtc_experiment_code_CONTROL_py_14_csv	LARGE_dtc_experiment_code_TRAIN_py_15_csv	0,80093
LARGE_dtc_experiment_code_CONTROL_py_17_csv	LARGE_dtc_experiment_code_TRAIN_py_15_csv	0,80093
LARGE_dtc_experiment_code_TRAIN_py_12_csv	LARGE_dtc_experiment_code_TRAIN_py_13_csv	0,80156
LARGE_dtc_experiment_code_TRAIN_py_13_csv	LARGE_dtc_experiment_code_CONTROL_py_10_csv	0,80156
LARGE_dtc_experiment_code_TRAIN_py_13_csv	LARGE_dtc_experiment_code_CONTROL_py_12_csv	0,80156
LARGE_dtc_experiment_code_TRAIN_py_13_csv	LARGE_dtc_experiment_code_CONTROL_py_17_csv	0,80156
LARGE_dtc_experiment_code_TRAIN_py_16_csv	LARGE_dtc_experiment_code_TRAIN_py_17_csv	0,80172
LARGE_dtc_experiment_code_TRAIN_py_18_csv	LARGE_dtc_experiment_code_TRAIN_py_17_csv	0,80233
LARGE_dtc_experiment_code_TRAIN_py_18_csv	LARGE_dtc_experiment_code_CONTROL_py_14_csv	0,80233
LARGE_dtc_experiment_code_CONTROL_py_12_csv	LARGE_dtc_experiment_code_TRAIN_py_18_csv	0,80233
LARGE_dtc_experiment_code_CONTROL_py_10_csv	LARGE_dtc_experiment_code_TRAIN_py_12_csv	0,80288
LARGE_dtc_experiment_code_CONTROL_py_10_csv	LARGE_dtc_experiment_code_CONTROL_py_15_csv	0,80423
LARGE_dtc_experiment_code_TRAIN_py_12_csv	LARGE_dtc_experiment_code_TRAIN_py_17_csv	0,80465
LARGE_dtc_experiment_code_CONTROL_py_14_csv	LARGE_dtc_experiment_code_TRAIN_py_17_csv	0,80465
LARGE_dtc_experiment_code_TRAIN_py_0_csv	LARGE_dtc_experiment_code_CONTROL_py_18_csv	0,80488
LARGE_dtc_experiment_code_TRAIN_py_14_csv	LARGE_dtc_experiment_code_TRAIN_py_0_csv	0,80488
LARGE_dtc_experiment_code_CONTROL_py_13_csv	LARGE_dtc_experiment_code_TRAIN_py_0_csv	0,80488
LARGE_dtc_experiment_code_TRAIN_py_13_csv	LARGE_dtc_experiment_code_TRAIN_py_15_csv	0,80545
LARGE_dtc_experiment_code_CONTROL_py_13_csv	LARGE_dtc_experiment_code_TRAIN_py_13_csv	0,80545
LARGE_dtc_experiment_code_CONTROL_py_18_csv	LARGE_dtc_experiment_code_TRAIN_py_13_csv	0,80545
LARGE_dtc_experiment_code_TRAIN_py_15_csv	LARGE_dtc_experiment_code_CONTROL_py_14_csv	0,80556
LARGE_dtc_experiment_code_TRAIN_py_15_csv	LARGE_dtc_experiment_code_CONTROL_py_15_csv	0,80556
LARGE_dtc_experiment_code_TRAIN_py_15_csv	LARGE_dtc_experiment_code_CONTROL_py_18_csv	0,80556
LARGE_dtc_experiment_code_TRAIN_py_17_csv	LARGE_dtc_experiment_code_TRAIN_py_15_csv	0,80556
LARGE_dtc_experiment_code_CONTROL_py_16_csv	LARGE_dtc_experiment_code_TRAIN_py_15_csv	0,80556
LARGE_dtc_experiment_code_TRAIN_py_16_csv	LARGE_dtc_experiment_code_CONTROL_py_15_csv	0,80603
LARGE_dtc_experiment_code_CONTROL_py_13_csv	LARGE_dtc_experiment_code_TRAIN_py_18_csv	0,80620
LARGE_dtc_experiment_code_CONTROL_py_16_csv	LARGE_dtc_experiment_code_TRAIN_py_18_csv	0,80620
LARGE_dtc_experiment_code_CONTROL_py_16_csv	LARGE_dtc_experiment_code_TRAIN_py_0_csv	0,80894
LARGE_dtc_experiment_code_CONTROL_py_17_csv	LARGE_dtc_experiment_code_TRAIN_py_0_csv	0,80894
LARGE_dtc_experiment_code_CONTROL_py_11_csv	LARGE_dtc_experiment_code_TRAIN_py_13_csv	0,80934
LARGE_dtc_experiment_code_TRAIN_py_18_csv	LARGE_dtc_experiment_code_CONTROL_py_18_csv	0,81008
LARGE_dtc_experiment_code_CONTROL_py_14_csv	LARGE_dtc_experiment_code_TRAIN_py_18_csv	0,81008
LARGE_dtc_experiment_code_CONTROL_py_15_csv	LARGE_dtc_experiment_code_TRAIN_py_10_csv	0,81223
LARGE_dtc_experiment_code_TRAIN_py_17_csv	LARGE_dtc_experiment_code_TRAIN_py_0_csv	0,81301
LARGE_dtc_experiment_code_CONTROL_py_10_csv	LARGE_dtc_experiment_code_TRAIN_py_0_csv	0,81301
LARGE_dtc_experiment_code_TRAIN_py_13_csv	LARGE_dtc_experiment_code_TRAIN_py_10_csv	0,81323
LARGE_dtc_experiment_code_TRAIN_py_13_csv	LARGE_dtc_experiment_code_CONTROL_py_13_csv	0,81323
LARGE_dtc_experiment_code_TRAIN_py_13_csv	LARGE_dtc_experiment_code_CONTROL_py_14_csv	0,81323
LARGE_dtc_experiment_code_TRAIN_py_17_csv	LARGE_dtc_experiment_code_TRAIN_py_13_csv	0,81323
LARGE_dtc_experiment_code_CONTROL_py_14_csv	LARGE_dtc_experiment_code_TRAIN_py_13_csv	0,81323
LARGE_dtc_experiment_code_CONTROL_py_16_csv	LARGE_dtc_experiment_code_TRAIN_py_13_csv	0,81323
LARGE_dtc_experiment_code_CONTROL_py_15_csv	LARGE_dtc_experiment_code_TRAIN_py_18_csv	0,81395
LARGE_dtc_experiment_code_CONTROL_py_17_csv	LARGE_dtc_experiment_code_TRAIN_py_18_csv	0,81395
LARGE_dtc_experiment_code_TRAIN_py_13_csv	LARGE_dtc_experiment_code_TRAIN_py_17_csv	0,81712
LARGE_dtc_experiment_code_CONTROL_py_10_csv	LARGE_dtc_experiment_code_TRAIN_py_13_csv	0,81712
LARGE_dtc_experiment_code_CONTROL_py_0_csv	LARGE_dtc_experiment_code_TRAIN_py_18_csv	0,81783
LARGE_dtc_experiment_code_CONTROL_py_18_csv	LARGE_dtc_experiment_code_TRAIN_py_18_csv	0,82171
LARGE_dtc_experiment_code_CONTROL_py_17_csv	LARGE_dtc_experiment_code_TRAIN_py_13_csv	0,82490
LARGE_dtc_experiment_code_TRAIN_py_13_csv	LARGE_dtc_experiment_code_CONTROL_py_18_csv	0,82879
LARGE_dtc_experiment_code_CONTROL_py_15_csv	LARGE_dtc_experiment_code_TRAIN_py_13_csv	0,82879
LARGE_dtc_experiment_code_TRAIN_py_13_csv	LARGE_dtc_experiment_code_CONTROL_py_15_csv	0,83268
