LARGE_dtc_experiment_code_PROCESS_py_13_csv	LARGE_dtc_experiment_code_PROCESS_py_13_csv	0,05164
LARGE_dtc_experiment_code_CONTROL_py_16_csv	LARGE_dtc_experiment_code_CONTROL_py_16_csv	0,05195
LARGE_dtc_experiment_code_PROCESS_py_14_csv	LARGE_dtc_experiment_code_PROCESS_py_14_csv	0,05473
LARGE_dtc_experiment_code_PROCESS_py_12_csv	LARGE_dtc_experiment_code_PROCESS_py_12_csv	0,05479
LARGE_dtc_experiment_code_PROCESS_py_16_csv	LARGE_dtc_experiment_code_PROCESS_py_16_csv	0,05612
LARGE_dtc_experiment_code_PROCESS_py_0_csv	LARGE_dtc_experiment_code_PROCESS_py_0_csv	0,05854
LARGE_dtc_experiment_code_PROCESS_py_15_csv	LARGE_dtc_experiment_code_PROCESS_py_15_csv	0,05854
LARGE_dtc_experiment_code_PROCESS_py_10_csv	LARGE_dtc_experiment_code_PROCESS_py_10_csv	0,06019
LARGE_dtc_experiment_code_CONTROL_py_12_csv	LARGE_dtc_experiment_code_CONTROL_py_12_csv	0,06040
LARGE_dtc_experiment_code_CONTROL_py_17_csv	LARGE_dtc_experiment_code_CONTROL_py_17_csv	0,06081
LARGE_dtc_experiment_code_PROCESS_py_17_csv	LARGE_dtc_experiment_code_PROCESS_py_17_csv	0,06132
LARGE_dtc_experiment_code_CONTROL_py_15_csv	LARGE_dtc_experiment_code_CONTROL_py_15_csv	0,06207
LARGE_dtc_experiment_code_CONTROL_py_10_csv	LARGE_dtc_experiment_code_CONTROL_py_10_csv	0,06250
LARGE_dtc_experiment_code_CONTROL_py_14_csv	LARGE_dtc_experiment_code_CONTROL_py_14_csv	0,06536
LARGE_dtc_experiment_code_CONTROL_py_13_csv	LARGE_dtc_experiment_code_CONTROL_py_13_csv	0,06623
LARGE_dtc_experiment_code_PROCESS_py_18_csv	LARGE_dtc_experiment_code_PROCESS_py_18_csv	0,06633
LARGE_dtc_experiment_code_CONTROL_py_11_csv	LARGE_dtc_experiment_code_CONTROL_py_11_csv	0,06918
LARGE_dtc_experiment_code_CONTROL_py_0_csv	LARGE_dtc_experiment_code_CONTROL_py_0_csv	0,07027
LARGE_dtc_experiment_code_PROCESS_py_11_csv	LARGE_dtc_experiment_code_PROCESS_py_11_csv	0,07107
LARGE_dtc_experiment_code_CONTROL_py_18_csv	LARGE_dtc_experiment_code_CONTROL_py_18_csv	0,07143
LARGE_dtc_experiment_code_CONTROL_py_12_csv	LARGE_dtc_experiment_code_CONTROL_py_14_csv	0,67974
LARGE_dtc_experiment_code_CONTROL_py_11_csv	LARGE_dtc_experiment_code_CONTROL_py_10_csv	0,71250
LARGE_dtc_experiment_code_CONTROL_py_18_csv	LARGE_dtc_experiment_code_CONTROL_py_16_csv	0,72078
LARGE_dtc_experiment_code_CONTROL_py_16_csv	LARGE_dtc_experiment_code_CONTROL_py_10_csv	0,73750
LARGE_dtc_experiment_code_PROCESS_py_16_csv	LARGE_dtc_experiment_code_PROCESS_py_18_csv	0,73980
LARGE_dtc_experiment_code_CONTROL_py_12_csv	LARGE_dtc_experiment_code_CONTROL_py_16_csv	0,74026
LARGE_dtc_experiment_code_CONTROL_py_16_csv	LARGE_dtc_experiment_code_CONTROL_py_18_csv	0,74026
LARGE_dtc_experiment_code_CONTROL_py_17_csv	LARGE_dtc_experiment_code_CONTROL_py_16_csv	0,74026
LARGE_dtc_experiment_code_CONTROL_py_15_csv	LARGE_dtc_experiment_code_CONTROL_py_17_csv	0,74324
LARGE_dtc_experiment_code_PROCESS_py_15_csv	LARGE_dtc_experiment_code_PROCESS_py_12_csv	0,74429
LARGE_dtc_experiment_code_CONTROL_py_14_csv	LARGE_dtc_experiment_code_CONTROL_py_13_csv	0,74510
LARGE_dtc_experiment_code_CONTROL_py_15_csv	LARGE_dtc_experiment_code_CONTROL_py_16_csv	0,74675
LARGE_dtc_experiment_code_CONTROL_py_16_csv	LARGE_dtc_experiment_code_CONTROL_py_13_csv	0,74675
LARGE_dtc_experiment_code_CONTROL_py_16_csv	LARGE_dtc_experiment_code_CONTROL_py_14_csv	0,74675
LARGE_dtc_experiment_code_CONTROL_py_16_csv	LARGE_dtc_experiment_code_CONTROL_py_17_csv	0,74675
LARGE_dtc_experiment_code_CONTROL_py_11_csv	LARGE_dtc_experiment_code_CONTROL_py_12_csv	0,74843
LARGE_dtc_experiment_code_PROCESS_py_0_csv	LARGE_dtc_experiment_code_PROCESS_py_11_csv	0,75122
LARGE_dtc_experiment_code_PROCESS_py_0_csv	LARGE_dtc_experiment_code_PROCESS_py_18_csv	0,75122
LARGE_dtc_experiment_code_PROCESS_py_15_csv	LARGE_dtc_experiment_code_PROCESS_py_0_csv	0,75122
LARGE_dtc_experiment_code_PROCESS_py_16_csv	LARGE_dtc_experiment_code_PROCESS_py_11_csv	0,75127
LARGE_dtc_experiment_code_CONTROL_py_15_csv	LARGE_dtc_experiment_code_CONTROL_py_14_csv	0,75163
LARGE_dtc_experiment_code_CONTROL_py_15_csv	LARGE_dtc_experiment_code_CONTROL_py_18_csv	0,75172
LARGE_dtc_experiment_code_PROCESS_py_14_csv	LARGE_dtc_experiment_code_PROCESS_py_10_csv	0,75463
LARGE_dtc_experiment_code_PROCESS_py_16_csv	LARGE_dtc_experiment_code_PROCESS_py_10_csv	0,75463
LARGE_dtc_experiment_code_CONTROL_py_12_csv	LARGE_dtc_experiment_code_CONTROL_py_11_csv	0,75472
LARGE_dtc_experiment_code_CONTROL_py_15_csv	LARGE_dtc_experiment_code_CONTROL_py_11_csv	0,75472
LARGE_dtc_experiment_code_CONTROL_py_17_csv	LARGE_dtc_experiment_code_CONTROL_py_13_csv	0,75497
LARGE_dtc_experiment_code_CONTROL_py_18_csv	LARGE_dtc_experiment_code_CONTROL_py_13_csv	0,75497
LARGE_dtc_experiment_code_PROCESS_py_18_csv	LARGE_dtc_experiment_code_PROCESS_py_16_csv	0,75510
LARGE_dtc_experiment_code_PROCESS_py_15_csv	LARGE_dtc_experiment_code_PROCESS_py_14_csv	0,75610
LARGE_dtc_experiment_code_PROCESS_py_11_csv	LARGE_dtc_experiment_code_PROCESS_py_14_csv	0,75622
LARGE_dtc_experiment_code_PROCESS_py_18_csv	LARGE_dtc_experiment_code_PROCESS_py_14_csv	0,75622
LARGE_dtc_experiment_code_CONTROL_py_12_csv	LARGE_dtc_experiment_code_CONTROL_py_10_csv	0,75625
LARGE_dtc_experiment_code_CONTROL_py_18_csv	LARGE_dtc_experiment_code_CONTROL_py_10_csv	0,75625
LARGE_dtc_experiment_code_PROCESS_py_11_csv	LARGE_dtc_experiment_code_PROCESS_py_16_csv	0,75635
LARGE_dtc_experiment_code_CONTROL_py_18_csv	LARGE_dtc_experiment_code_CONTROL_py_14_csv	0,75817
LARGE_dtc_experiment_code_CONTROL_py_15_csv	LARGE_dtc_experiment_code_CONTROL_py_12_csv	0,75839
LARGE_dtc_experiment_code_CONTROL_py_17_csv	LARGE_dtc_experiment_code_CONTROL_py_12_csv	0,75839
LARGE_dtc_experiment_code_PROCESS_py_0_csv	LARGE_dtc_experiment_code_PROCESS_py_10_csv	0,75926
LARGE_dtc_experiment_code_CONTROL_py_13_csv	LARGE_dtc_experiment_code_CONTROL_py_16_csv	0,75974
LARGE_dtc_experiment_code_CONTROL_py_16_csv	LARGE_dtc_experiment_code_CONTROL_py_12_csv	0,75974
LARGE_dtc_experiment_code_PROCESS_py_0_csv	LARGE_dtc_experiment_code_PROCESS_py_16_csv	0,76098
LARGE_dtc_experiment_code_PROCESS_py_15_csv	LARGE_dtc_experiment_code_PROCESS_py_11_csv	0,76098
LARGE_dtc_experiment_code_PROCESS_py_15_csv	LARGE_dtc_experiment_code_PROCESS_py_16_csv	0,76098
LARGE_dtc_experiment_code_CONTROL_py_13_csv	LARGE_dtc_experiment_code_CONTROL_py_12_csv	0,76159
LARGE_dtc_experiment_code_CONTROL_py_13_csv	LARGE_dtc_experiment_code_CONTROL_py_17_csv	0,76159
LARGE_dtc_experiment_code_CONTROL_py_16_csv	LARGE_dtc_experiment_code_CONTROL_py_0_csv	0,76216
LARGE_dtc_experiment_code_CONTROL_py_10_csv	LARGE_dtc_experiment_code_CONTROL_py_11_csv	0,76250
LARGE_dtc_experiment_code_CONTROL_py_14_csv	LARGE_dtc_experiment_code_CONTROL_py_10_csv	0,76250
LARGE_dtc_experiment_code_CONTROL_py_17_csv	LARGE_dtc_experiment_code_CONTROL_py_15_csv	0,76351
LARGE_dtc_experiment_code_CONTROL_py_17_csv	LARGE_dtc_experiment_code_CONTROL_py_18_csv	0,76351
LARGE_dtc_experiment_code_CONTROL_py_18_csv	LARGE_dtc_experiment_code_CONTROL_py_17_csv	0,76351
LARGE_dtc_experiment_code_CONTROL_py_13_csv	LARGE_dtc_experiment_code_CONTROL_py_14_csv	0,76471
LARGE_dtc_experiment_code_CONTROL_py_12_csv	LARGE_dtc_experiment_code_CONTROL_py_18_csv	0,76510
LARGE_dtc_experiment_code_PROCESS_py_17_csv	LARGE_dtc_experiment_code_PROCESS_py_13_csv	0,76526
LARGE_dtc_experiment_code_PROCESS_py_0_csv	LARGE_dtc_experiment_code_PROCESS_py_14_csv	0,76585
LARGE_dtc_experiment_code_PROCESS_py_14_csv	LARGE_dtc_experiment_code_PROCESS_py_11_csv	0,76617
LARGE_dtc_experiment_code_CONTROL_py_16_csv	LARGE_dtc_experiment_code_CONTROL_py_15_csv	0,76623
LARGE_dtc_experiment_code_PROCESS_py_12_csv	LARGE_dtc_experiment_code_PROCESS_py_11_csv	0,76712
LARGE_dtc_experiment_code_PROCESS_py_16_csv	LARGE_dtc_experiment_code_PROCESS_py_12_csv	0,76712
LARGE_dtc_experiment_code_CONTROL_py_14_csv	LARGE_dtc_experiment_code_CONTROL_py_11_csv	0,76730
LARGE_dtc_experiment_code_CONTROL_py_16_csv	LARGE_dtc_experiment_code_CONTROL_py_11_csv	0,76730
LARGE_dtc_experiment_code_CONTROL_py_15_csv	LARGE_dtc_experiment_code_CONTROL_py_13_csv	0,76821
LARGE_dtc_experiment_code_PROCESS_py_10_csv	LARGE_dtc_experiment_code_PROCESS_py_16_csv	0,76852
LARGE_dtc_experiment_code_PROCESS_py_15_csv	LARGE_dtc_experiment_code_PROCESS_py_10_csv	0,76852
LARGE_dtc_experiment_code_CONTROL_py_10_csv	LARGE_dtc_experiment_code_CONTROL_py_14_csv	0,76875
LARGE_dtc_experiment_code_CONTROL_py_15_csv	LARGE_dtc_experiment_code_CONTROL_py_10_csv	0,76875
LARGE_dtc_experiment_code_CONTROL_py_17_csv	LARGE_dtc_experiment_code_CONTROL_py_10_csv	0,76875
LARGE_dtc_experiment_code_PROCESS_py_17_csv	LARGE_dtc_experiment_code_PROCESS_py_14_csv	0,76887
LARGE_dtc_experiment_code_PROCESS_py_16_csv	LARGE_dtc_experiment_code_PROCESS_py_14_csv	0,77114
LARGE_dtc_experiment_code_CONTROL_py_16_csv	LARGE_dtc_experiment_code_PROCESS_py_14_csv	0,77114
LARGE_dtc_experiment_code_CONTROL_py_17_csv	LARGE_dtc_experiment_code_CONTROL_py_14_csv	0,77124
LARGE_dtc_experiment_code_PROCESS_py_11_csv	LARGE_dtc_experiment_code_PROCESS_py_12_csv	0,77169
LARGE_dtc_experiment_code_CONTROL_py_18_csv	LARGE_dtc_experiment_code_CONTROL_py_15_csv	0,77241
LARGE_dtc_experiment_code_CONTROL_py_14_csv	LARGE_dtc_experiment_code_CONTROL_py_16_csv	0,77273
LARGE_dtc_experiment_code_CONTROL_py_17_csv	LARGE_dtc_experiment_code_CONTROL_py_0_csv	0,77297
LARGE_dtc_experiment_code_PROCESS_py_10_csv	LARGE_dtc_experiment_code_PROCESS_py_0_csv	0,77315
LARGE_dtc_experiment_code_PROCESS_py_10_csv	LARGE_dtc_experiment_code_PROCESS_py_14_csv	0,77315
LARGE_dtc_experiment_code_PROCESS_py_13_csv	LARGE_dtc_experiment_code_PROCESS_py_10_csv	0,77315
LARGE_dtc_experiment_code_PROCESS_py_0_csv	LARGE_dtc_experiment_code_PROCESS_py_17_csv	0,77358
LARGE_dtc_experiment_code_CONTROL_py_11_csv	LARGE_dtc_experiment_code_CONTROL_py_14_csv	0,77358
LARGE_dtc_experiment_code_PROCESS_py_13_csv	LARGE_dtc_experiment_code_PROCESS_py_11_csv	0,77465
LARGE_dtc_experiment_code_PROCESS_py_16_csv	LARGE_dtc_experiment_code_CONTROL_py_10_csv	0,77551
LARGE_dtc_experiment_code_PROCESS_py_14_csv	LARGE_dtc_experiment_code_PROCESS_py_0_csv	0,77561
LARGE_dtc_experiment_code_PROCESS_py_15_csv	LARGE_dtc_experiment_code_PROCESS_py_18_csv	0,77561
LARGE_dtc_experiment_code_PROCESS_py_16_csv	LARGE_dtc_experiment_code_PROCESS_py_15_csv	0,77561
LARGE_dtc_experiment_code_PROCESS_py_12_csv	LARGE_dtc_experiment_code_PROCESS_py_15_csv	0,77626
LARGE_dtc_experiment_code_PROCESS_py_17_csv	LARGE_dtc_experiment_code_PROCESS_py_12_csv	0,77626
LARGE_dtc_experiment_code_PROCESS_py_10_csv	LARGE_dtc_experiment_code_PROCESS_py_17_csv	0,77778
LARGE_dtc_experiment_code_PROCESS_py_18_csv	LARGE_dtc_experiment_code_PROCESS_py_10_csv	0,77778
LARGE_dtc_experiment_code_PROCESS_py_14_csv	LARGE_dtc_experiment_code_PROCESS_py_17_csv	0,77830
LARGE_dtc_experiment_code_PROCESS_py_17_csv	LARGE_dtc_experiment_code_PROCESS_py_18_csv	0,77830
LARGE_dtc_experiment_code_CONTROL_py_0_csv	LARGE_dtc_experiment_code_CONTROL_py_16_csv	0,77838
LARGE_dtc_experiment_code_CONTROL_py_12_csv	LARGE_dtc_experiment_code_CONTROL_py_0_csv	0,77838
LARGE_dtc_experiment_code_CONTROL_py_15_csv	LARGE_dtc_experiment_code_CONTROL_py_0_csv	0,77838
LARGE_dtc_experiment_code_CONTROL_py_18_csv	LARGE_dtc_experiment_code_CONTROL_py_0_csv	0,77838
LARGE_dtc_experiment_code_CONTROL_py_12_csv	LARGE_dtc_experiment_code_CONTROL_py_17_csv	0,77852
LARGE_dtc_experiment_code_CONTROL_py_18_csv	LARGE_dtc_experiment_code_CONTROL_py_12_csv	0,77852
LARGE_dtc_experiment_code_PROCESS_py_13_csv	LARGE_dtc_experiment_code_PROCESS_py_14_csv	0,77934
LARGE_dtc_experiment_code_PROCESS_py_15_csv	LARGE_dtc_experiment_code_PROCESS_py_13_csv	0,77934
LARGE_dtc_experiment_code_CONTROL_py_11_csv	LARGE_dtc_experiment_code_CONTROL_py_13_csv	0,77987
LARGE_dtc_experiment_code_CONTROL_py_13_csv	LARGE_dtc_experiment_code_CONTROL_py_11_csv	0,77987
LARGE_dtc_experiment_code_CONTROL_py_17_csv	LARGE_dtc_experiment_code_CONTROL_py_11_csv	0,77987
LARGE_dtc_experiment_code_PROCESS_py_11_csv	LARGE_dtc_experiment_code_PROCESS_py_0_csv	0,78049
LARGE_dtc_experiment_code_PROCESS_py_11_csv	LARGE_dtc_experiment_code_PROCESS_py_15_csv	0,78049
LARGE_dtc_experiment_code_PROCESS_py_14_csv	LARGE_dtc_experiment_code_PROCESS_py_15_csv	0,78049
LARGE_dtc_experiment_code_PROCESS_py_18_csv	LARGE_dtc_experiment_code_PROCESS_py_0_csv	0,78049
LARGE_dtc_experiment_code_PROCESS_py_16_csv	LARGE_dtc_experiment_code_CONTROL_py_16_csv	0,78061
LARGE_dtc_experiment_code_CONTROL_py_16_csv	LARGE_dtc_experiment_code_PROCESS_py_16_csv	0,78061
LARGE_dtc_experiment_code_PROCESS_py_12_csv	LARGE_dtc_experiment_code_PROCESS_py_16_csv	0,78082
LARGE_dtc_experiment_code_CONTROL_py_10_csv	LARGE_dtc_experiment_code_CONTROL_py_12_csv	0,78125
LARGE_dtc_experiment_code_CONTROL_py_13_csv	LARGE_dtc_experiment_code_CONTROL_py_10_csv	0,78125
LARGE_dtc_experiment_code_CONTROL_py_12_csv	LARGE_dtc_experiment_code_CONTROL_py_13_csv	0,78146
LARGE_dtc_experiment_code_CONTROL_py_13_csv	LARGE_dtc_experiment_code_CONTROL_py_15_csv	0,78146
LARGE_dtc_experiment_code_PROCESS_py_11_csv	LARGE_dtc_experiment_code_PROCESS_py_18_csv	0,78173
LARGE_dtc_experiment_code_PROCESS_py_10_csv	LARGE_dtc_experiment_code_PROCESS_py_13_csv	0,78241
LARGE_dtc_experiment_code_PROCESS_py_10_csv	LARGE_dtc_experiment_code_PROCESS_py_18_csv	0,78241
LARGE_dtc_experiment_code_PROCESS_py_17_csv	LARGE_dtc_experiment_code_PROCESS_py_10_csv	0,78241
LARGE_dtc_experiment_code_PROCESS_py_11_csv	LARGE_dtc_experiment_code_PROCESS_py_17_csv	0,78302
LARGE_dtc_experiment_code_PROCESS_py_15_csv	LARGE_dtc_experiment_code_PROCESS_py_17_csv	0,78302
LARGE_dtc_experiment_code_PROCESS_py_17_csv	LARGE_dtc_experiment_code_PROCESS_py_11_csv	0,78302
LARGE_dtc_experiment_code_CONTROL_py_11_csv	LARGE_dtc_experiment_code_CONTROL_py_0_csv	0,78378
LARGE_dtc_experiment_code_PROCESS_py_11_csv	LARGE_dtc_experiment_code_PROCESS_py_13_csv	0,78404
LARGE_dtc_experiment_code_PROCESS_py_13_csv	LARGE_dtc_experiment_code_PROCESS_py_17_csv	0,78404
LARGE_dtc_experiment_code_CONTROL_py_14_csv	LARGE_dtc_experiment_code_CONTROL_py_12_csv	0,78431
LARGE_dtc_experiment_code_CONTROL_py_14_csv	LARGE_dtc_experiment_code_CONTROL_py_17_csv	0,78431
LARGE_dtc_experiment_code_PROCESS_py_0_csv	LARGE_dtc_experiment_code_PROCESS_py_15_csv	0,78537
LARGE_dtc_experiment_code_PROCESS_py_0_csv	LARGE_dtc_experiment_code_CONTROL_py_12_csv	0,78537
LARGE_dtc_experiment_code_PROCESS_py_0_csv	LARGE_dtc_experiment_code_CONTROL_py_16_csv	0,78537
LARGE_dtc_experiment_code_PROCESS_py_15_csv	LARGE_dtc_experiment_code_CONTROL_py_0_csv	0,78537
LARGE_dtc_experiment_code_PROCESS_py_18_csv	LARGE_dtc_experiment_code_CONTROL_py_10_csv	0,78571
LARGE_dtc_experiment_code_PROCESS_py_18_csv	LARGE_dtc_experiment_code_CONTROL_py_16_csv	0,78571
LARGE_dtc_experiment_code_CONTROL_py_18_csv	LARGE_dtc_experiment_code_PROCESS_py_18_csv	0,78571
LARGE_dtc_experiment_code_PROCESS_py_14_csv	LARGE_dtc_experiment_code_PROCESS_py_16_csv	0,78607
LARGE_dtc_experiment_code_PROCESS_py_14_csv	LARGE_dtc_experiment_code_CONTROL_py_13_csv	0,78607
LARGE_dtc_experiment_code_CONTROL_py_18_csv	LARGE_dtc_experiment_code_CONTROL_py_11_csv	0,78616
LARGE_dtc_experiment_code_PROCESS_py_11_csv	LARGE_dtc_experiment_code_CONTROL_py_0_csv	0,78680
LARGE_dtc_experiment_code_PROCESS_py_10_csv	LARGE_dtc_experiment_code_CONTROL_py_10_csv	0,78704
LARGE_dtc_experiment_code_CONTROL_py_10_csv	LARGE_dtc_experiment_code_CONTROL_py_13_csv	0,78750
LARGE_dtc_experiment_code_CONTROL_py_10_csv	LARGE_dtc_experiment_code_CONTROL_py_16_csv	0,78750
LARGE_dtc_experiment_code_PROCESS_py_13_csv	LARGE_dtc_experiment_code_PROCESS_py_0_csv	0,78873
LARGE_dtc_experiment_code_PROCESS_py_14_csv	LARGE_dtc_experiment_code_PROCESS_py_13_csv	0,78873
LARGE_dtc_experiment_code_PROCESS_py_18_csv	LARGE_dtc_experiment_code_PROCESS_py_13_csv	0,78873
LARGE_dtc_experiment_code_CONTROL_py_0_csv	LARGE_dtc_experiment_code_CONTROL_py_10_csv	0,78919
LARGE_dtc_experiment_code_CONTROL_py_0_csv	LARGE_dtc_experiment_code_CONTROL_py_18_csv	0,78919
LARGE_dtc_experiment_code_PROCESS_py_12_csv	LARGE_dtc_experiment_code_PROCESS_py_0_csv	0,78995
LARGE_dtc_experiment_code_PROCESS_py_14_csv	LARGE_dtc_experiment_code_PROCESS_py_12_csv	0,78995
LARGE_dtc_experiment_code_PROCESS_py_0_csv	LARGE_dtc_experiment_code_CONTROL_py_0_csv	0,79024
LARGE_dtc_experiment_code_PROCESS_py_16_csv	LARGE_dtc_experiment_code_CONTROL_py_11_csv	0,79082
LARGE_dtc_experiment_code_PROCESS_py_18_csv	LARGE_dtc_experiment_code_CONTROL_py_12_csv	0,79082
LARGE_dtc_experiment_code_CONTROL_py_18_csv	LARGE_dtc_experiment_code_PROCESS_py_16_csv	0,79082
LARGE_dtc_experiment_code_CONTROL_py_14_csv	LARGE_dtc_experiment_code_CONTROL_py_18_csv	0,79085
LARGE_dtc_experiment_code_PROCESS_py_14_csv	LARGE_dtc_experiment_code_PROCESS_py_18_csv	0,79104
LARGE_dtc_experiment_code_PROCESS_py_14_csv	LARGE_dtc_experiment_code_CONTROL_py_10_csv	0,79104
LARGE_dtc_experiment_code_PROCESS_py_14_csv	LARGE_dtc_experiment_code_CONTROL_py_16_csv	0,79104
LARGE_dtc_experiment_code_PROCESS_py_10_csv	LARGE_dtc_experiment_code_CONTROL_py_16_csv	0,79167
LARGE_dtc_experiment_code_PROCESS_py_11_csv	LARGE_dtc_experiment_code_CONTROL_py_10_csv	0,79188
LARGE_dtc_experiment_code_PROCESS_py_17_csv	LARGE_dtc_experiment_code_PROCESS_py_0_csv	0,79245
LARGE_dtc_experiment_code_CONTROL_py_11_csv	LARGE_dtc_experiment_code_CONTROL_py_17_csv	0,79245
LARGE_dtc_experiment_code_PROCESS_py_0_csv	LARGE_dtc_experiment_code_PROCESS_py_13_csv	0,79343
LARGE_dtc_experiment_code_PROCESS_py_0_csv	LARGE_dtc_experiment_code_PROCESS_py_12_csv	0,79452
LARGE_dtc_experiment_code_PROCESS_py_12_csv	LARGE_dtc_experiment_code_PROCESS_py_14_csv	0,79452
LARGE_dtc_experiment_code_PROCESS_py_18_csv	LARGE_dtc_experiment_code_PROCESS_py_12_csv	0,79452
LARGE_dtc_experiment_code_CONTROL_py_13_csv	LARGE_dtc_experiment_code_CONTROL_py_18_csv	0,79470
LARGE_dtc_experiment_code_PROCESS_py_15_csv	LARGE_dtc_experiment_code_CONTROL_py_10_csv	0,79512
LARGE_dtc_experiment_code_PROCESS_py_16_csv	LARGE_dtc_experiment_code_PROCESS_py_0_csv	0,79512
LARGE_dtc_experiment_code_PROCESS_py_16_csv	LARGE_dtc_experiment_code_CONTROL_py_17_csv	0,79592
LARGE_dtc_experiment_code_PROCESS_py_16_csv	LARGE_dtc_experiment_code_CONTROL_py_18_csv	0,79592
LARGE_dtc_experiment_code_PROCESS_py_18_csv	LARGE_dtc_experiment_code_CONTROL_py_14_csv	0,79592
LARGE_dtc_experiment_code_CONTROL_py_11_csv	LARGE_dtc_experiment_code_PROCESS_py_16_csv	0,79592
LARGE_dtc_experiment_code_CONTROL_py_14_csv	LARGE_dtc_experiment_code_PROCESS_py_16_csv	0,79592
LARGE_dtc_experiment_code_CONTROL_py_14_csv	LARGE_dtc_experiment_code_PROCESS_py_18_csv	0,79592
LARGE_dtc_experiment_code_CONTROL_py_16_csv	LARGE_dtc_experiment_code_PROCESS_py_18_csv	0,79592
LARGE_dtc_experiment_code_CONTROL_py_17_csv	LARGE_dtc_experiment_code_PROCESS_py_14_csv	0,79602
LARGE_dtc_experiment_code_PROCESS_py_10_csv	LARGE_dtc_experiment_code_PROCESS_py_11_csv	0,79630
LARGE_dtc_experiment_code_PROCESS_py_10_csv	LARGE_dtc_experiment_code_PROCESS_py_15_csv	0,79630
LARGE_dtc_experiment_code_PROCESS_py_11_csv	LARGE_dtc_experiment_code_CONTROL_py_12_csv	0,79695
LARGE_dtc_experiment_code_PROCESS_py_11_csv	LARGE_dtc_experiment_code_CONTROL_py_14_csv	0,79695
LARGE_dtc_experiment_code_CONTROL_py_14_csv	LARGE_dtc_experiment_code_PROCESS_py_11_csv	0,79695
LARGE_dtc_experiment_code_PROCESS_py_17_csv	LARGE_dtc_experiment_code_PROCESS_py_16_csv	0,79717
LARGE_dtc_experiment_code_PROCESS_py_18_csv	LARGE_dtc_experiment_code_PROCESS_py_17_csv	0,79717
LARGE_dtc_experiment_code_PROCESS_py_13_csv	LARGE_dtc_experiment_code_CONTROL_py_0_csv	0,79812
LARGE_dtc_experiment_code_CONTROL_py_11_csv	LARGE_dtc_experiment_code_CONTROL_py_15_csv	0,79874
LARGE_dtc_experiment_code_CONTROL_py_11_csv	LARGE_dtc_experiment_code_CONTROL_py_16_csv	0,79874
LARGE_dtc_experiment_code_PROCESS_py_12_csv	LARGE_dtc_experiment_code_PROCESS_py_10_csv	0,79909
LARGE_dtc_experiment_code_PROCESS_py_12_csv	LARGE_dtc_experiment_code_PROCESS_py_13_csv	0,79909
LARGE_dtc_experiment_code_PROCESS_py_15_csv	LARGE_dtc_experiment_code_CONTROL_py_12_csv	0,80000
LARGE_dtc_experiment_code_PROCESS_py_15_csv	LARGE_dtc_experiment_code_CONTROL_py_14_csv	0,80000
LARGE_dtc_experiment_code_PROCESS_py_15_csv	LARGE_dtc_experiment_code_CONTROL_py_16_csv	0,80000
LARGE_dtc_experiment_code_PROCESS_py_15_csv	LARGE_dtc_experiment_code_CONTROL_py_18_csv	0,80000
LARGE_dtc_experiment_code_CONTROL_py_10_csv	LARGE_dtc_experiment_code_CONTROL_py_0_csv	0,80000
LARGE_dtc_experiment_code_CONTROL_py_14_csv	LARGE_dtc_experiment_code_CONTROL_py_0_csv	0,80000
LARGE_dtc_experiment_code_PROCESS_py_11_csv	LARGE_dtc_experiment_code_PROCESS_py_10_csv	0,80093
LARGE_dtc_experiment_code_CONTROL_py_10_csv	LARGE_dtc_experiment_code_PROCESS_py_14_csv	0,80100
LARGE_dtc_experiment_code_CONTROL_py_13_csv	LARGE_dtc_experiment_code_PROCESS_py_14_csv	0,80100
LARGE_dtc_experiment_code_CONTROL_py_14_csv	LARGE_dtc_experiment_code_PROCESS_py_14_csv	0,80100
LARGE_dtc_experiment_code_PROCESS_py_16_csv	LARGE_dtc_experiment_code_CONTROL_py_14_csv	0,80102
LARGE_dtc_experiment_code_PROCESS_py_18_csv	LARGE_dtc_experiment_code_CONTROL_py_0_csv	0,80102
LARGE_dtc_experiment_code_PROCESS_py_18_csv	LARGE_dtc_experiment_code_CONTROL_py_18_csv	0,80102
LARGE_dtc_experiment_code_CONTROL_py_11_csv	LARGE_dtc_experiment_code_PROCESS_py_18_csv	0,80102
LARGE_dtc_experiment_code_PROCESS_py_17_csv	LARGE_dtc_experiment_code_PROCESS_py_15_csv	0,80189
LARGE_dtc_experiment_code_PROCESS_py_17_csv	LARGE_dtc_experiment_code_CONTROL_py_10_csv	0,80189
LARGE_dtc_experiment_code_PROCESS_py_17_csv	LARGE_dtc_experiment_code_CONTROL_py_12_csv	0,80189
LARGE_dtc_experiment_code_PROCESS_py_17_csv	LARGE_dtc_experiment_code_CONTROL_py_16_csv	0,80189
LARGE_dtc_experiment_code_PROCESS_py_13_csv	LARGE_dtc_experiment_code_CONTROL_py_14_csv	0,80282
LARGE_dtc_experiment_code_PROCESS_py_12_csv	LARGE_dtc_experiment_code_PROCESS_py_17_csv	0,80365
LARGE_dtc_experiment_code_PROCESS_py_0_csv	LARGE_dtc_experiment_code_CONTROL_py_13_csv	0,80488
LARGE_dtc_experiment_code_PROCESS_py_18_csv	LARGE_dtc_experiment_code_PROCESS_py_15_csv	0,80488
LARGE_dtc_experiment_code_CONTROL_py_16_csv	LARGE_dtc_experiment_code_PROCESS_py_0_csv	0,80488
LARGE_dtc_experiment_code_CONTROL_py_16_csv	LARGE_dtc_experiment_code_PROCESS_py_15_csv	0,80488
LARGE_dtc_experiment_code_CONTROL_py_12_csv	LARGE_dtc_experiment_code_CONTROL_py_15_csv	0,80537
LARGE_dtc_experiment_code_CONTROL_py_0_csv	LARGE_dtc_experiment_code_CONTROL_py_15_csv	0,80541
LARGE_dtc_experiment_code_PROCESS_py_10_csv	LARGE_dtc_experiment_code_CONTROL_py_0_csv	0,80556
LARGE_dtc_experiment_code_PROCESS_py_14_csv	LARGE_dtc_experiment_code_CONTROL_py_0_csv	0,80597
LARGE_dtc_experiment_code_PROCESS_py_14_csv	LARGE_dtc_experiment_code_CONTROL_py_17_csv	0,80597
LARGE_dtc_experiment_code_CONTROL_py_0_csv	LARGE_dtc_experiment_code_PROCESS_py_14_csv	0,80597
LARGE_dtc_experiment_code_PROCESS_py_16_csv	LARGE_dtc_experiment_code_CONTROL_py_12_csv	0,80612
LARGE_dtc_experiment_code_PROCESS_py_16_csv	LARGE_dtc_experiment_code_CONTROL_py_13_csv	0,80612
LARGE_dtc_experiment_code_PROCESS_py_18_csv	LARGE_dtc_experiment_code_CONTROL_py_13_csv	0,80612
LARGE_dtc_experiment_code_CONTROL_py_15_csv	LARGE_dtc_experiment_code_PROCESS_py_16_csv	0,80612
LARGE_dtc_experiment_code_CONTROL_py_10_csv	LARGE_dtc_experiment_code_CONTROL_py_18_csv	0,80625
LARGE_dtc_experiment_code_PROCESS_py_16_csv	LARGE_dtc_experiment_code_PROCESS_py_17_csv	0,80660
LARGE_dtc_experiment_code_CONTROL_py_16_csv	LARGE_dtc_experiment_code_PROCESS_py_17_csv	0,80660
LARGE_dtc_experiment_code_CONTROL_py_10_csv	LARGE_dtc_experiment_code_PROCESS_py_11_csv	0,80711
LARGE_dtc_experiment_code_CONTROL_py_11_csv	LARGE_dtc_experiment_code_PROCESS_py_11_csv	0,80711
LARGE_dtc_experiment_code_PROCESS_py_13_csv	LARGE_dtc_experiment_code_CONTROL_py_10_csv	0,80751
LARGE_dtc_experiment_code_PROCESS_py_13_csv	LARGE_dtc_experiment_code_CONTROL_py_11_csv	0,80751
LARGE_dtc_experiment_code_PROCESS_py_12_csv	LARGE_dtc_experiment_code_CONTROL_py_10_csv	0,80822
LARGE_dtc_experiment_code_PROCESS_py_13_csv	LARGE_dtc_experiment_code_PROCESS_py_12_csv	0,80822
LARGE_dtc_experiment_code_CONTROL_py_11_csv	LARGE_dtc_experiment_code_PROCESS_py_12_csv	0,80822
LARGE_dtc_experiment_code_CONTROL_py_14_csv	LARGE_dtc_experiment_code_PROCESS_py_12_csv	0,80822
LARGE_dtc_experiment_code_PROCESS_py_15_csv	LARGE_dtc_experiment_code_CONTROL_py_17_csv	0,80976
LARGE_dtc_experiment_code_CONTROL_py_14_csv	LARGE_dtc_experiment_code_CONTROL_py_15_csv	0,81046
LARGE_dtc_experiment_code_CONTROL_py_0_csv	LARGE_dtc_experiment_code_CONTROL_py_11_csv	0,81081
LARGE_dtc_experiment_code_CONTROL_py_0_csv	LARGE_dtc_experiment_code_CONTROL_py_13_csv	0,81081
LARGE_dtc_experiment_code_CONTROL_py_0_csv	LARGE_dtc_experiment_code_CONTROL_py_14_csv	0,81081
LARGE_dtc_experiment_code_PROCESS_py_14_csv	LARGE_dtc_experiment_code_CONTROL_py_12_csv	0,81095
LARGE_dtc_experiment_code_CONTROL_py_11_csv	LARGE_dtc_experiment_code_PROCESS_py_14_csv	0,81095
LARGE_dtc_experiment_code_CONTROL_py_18_csv	LARGE_dtc_experiment_code_PROCESS_py_14_csv	0,81095
LARGE_dtc_experiment_code_PROCESS_py_16_csv	LARGE_dtc_experiment_code_CONTROL_py_0_csv	0,81122
LARGE_dtc_experiment_code_PROCESS_py_16_csv	LARGE_dtc_experiment_code_CONTROL_py_15_csv	0,81122
LARGE_dtc_experiment_code_PROCESS_py_18_csv	LARGE_dtc_experiment_code_CONTROL_py_11_csv	0,81122
LARGE_dtc_experiment_code_CONTROL_py_13_csv	LARGE_dtc_experiment_code_PROCESS_py_18_csv	0,81122
LARGE_dtc_experiment_code_PROCESS_py_17_csv	LARGE_dtc_experiment_code_CONTROL_py_0_csv	0,81132
LARGE_dtc_experiment_code_CONTROL_py_11_csv	LARGE_dtc_experiment_code_CONTROL_py_18_csv	0,81132
LARGE_dtc_experiment_code_PROCESS_py_11_csv	LARGE_dtc_experiment_code_CONTROL_py_11_csv	0,81218
LARGE_dtc_experiment_code_PROCESS_py_11_csv	LARGE_dtc_experiment_code_CONTROL_py_13_csv	0,81218
LARGE_dtc_experiment_code_PROCESS_py_11_csv	LARGE_dtc_experiment_code_CONTROL_py_16_csv	0,81218
LARGE_dtc_experiment_code_PROCESS_py_18_csv	LARGE_dtc_experiment_code_PROCESS_py_11_csv	0,81218
LARGE_dtc_experiment_code_CONTROL_py_16_csv	LARGE_dtc_experiment_code_PROCESS_py_11_csv	0,81218
LARGE_dtc_experiment_code_CONTROL_py_17_csv	LARGE_dtc_experiment_code_PROCESS_py_11_csv	0,81218
LARGE_dtc_experiment_code_PROCESS_py_13_csv	LARGE_dtc_experiment_code_PROCESS_py_18_csv	0,81221
LARGE_dtc_experiment_code_PROCESS_py_13_csv	LARGE_dtc_experiment_code_CONTROL_py_12_csv	0,81221
LARGE_dtc_experiment_code_PROCESS_py_13_csv	LARGE_dtc_experiment_code_CONTROL_py_13_csv	0,81221
LARGE_dtc_experiment_code_PROCESS_py_13_csv	LARGE_dtc_experiment_code_CONTROL_py_16_csv	0,81221
LARGE_dtc_experiment_code_PROCESS_py_16_csv	LARGE_dtc_experiment_code_PROCESS_py_13_csv	0,81221
LARGE_dtc_experiment_code_PROCESS_py_10_csv	LARGE_dtc_experiment_code_PROCESS_py_12_csv	0,81279
LARGE_dtc_experiment_code_CONTROL_py_16_csv	LARGE_dtc_experiment_code_PROCESS_py_12_csv	0,81279
LARGE_dtc_experiment_code_PROCESS_py_0_csv	LARGE_dtc_experiment_code_CONTROL_py_10_csv	0,81463
LARGE_dtc_experiment_code_PROCESS_py_0_csv	LARGE_dtc_experiment_code_CONTROL_py_11_csv	0,81463
LARGE_dtc_experiment_code_PROCESS_py_0_csv	LARGE_dtc_experiment_code_CONTROL_py_14_csv	0,81463
LARGE_dtc_experiment_code_CONTROL_py_12_csv	LARGE_dtc_experiment_code_PROCESS_py_0_csv	0,81463
LARGE_dtc_experiment_code_CONTROL_py_14_csv	LARGE_dtc_experiment_code_PROCESS_py_15_csv	0,81463
LARGE_dtc_experiment_code_PROCESS_py_10_csv	LARGE_dtc_experiment_code_CONTROL_py_11_csv	0,81481
LARGE_dtc_experiment_code_PROCESS_py_10_csv	LARGE_dtc_experiment_code_CONTROL_py_12_csv	0,81481
LARGE_dtc_experiment_code_CONTROL_py_11_csv	LARGE_dtc_experiment_code_PROCESS_py_10_csv	0,81481
LARGE_dtc_experiment_code_PROCESS_py_14_csv	LARGE_dtc_experiment_code_CONTROL_py_14_csv	0,81592
LARGE_dtc_experiment_code_CONTROL_py_0_csv	LARGE_dtc_experiment_code_CONTROL_py_12_csv	0,81622
LARGE_dtc_experiment_code_CONTROL_py_0_csv	LARGE_dtc_experiment_code_CONTROL_py_17_csv	0,81622
LARGE_dtc_experiment_code_CONTROL_py_13_csv	LARGE_dtc_experiment_code_CONTROL_py_0_csv	0,81622
LARGE_dtc_experiment_code_CONTROL_py_0_csv	LARGE_dtc_experiment_code_PROCESS_py_16_csv	0,81633
LARGE_dtc_experiment_code_CONTROL_py_10_csv	LARGE_dtc_experiment_code_PROCESS_py_16_csv	0,81633
LARGE_dtc_experiment_code_PROCESS_py_13_csv	LARGE_dtc_experiment_code_PROCESS_py_15_csv	0,81690
LARGE_dtc_experiment_code_PROCESS_py_13_csv	LARGE_dtc_experiment_code_PROCESS_py_16_csv	0,81690
LARGE_dtc_experiment_code_CONTROL_py_11_csv	LARGE_dtc_experiment_code_PROCESS_py_13_csv	0,81690
LARGE_dtc_experiment_code_CONTROL_py_16_csv	LARGE_dtc_experiment_code_PROCESS_py_13_csv	0,81690
LARGE_dtc_experiment_code_CONTROL_py_0_csv	LARGE_dtc_experiment_code_PROCESS_py_11_csv	0,81726
LARGE_dtc_experiment_code_PROCESS_py_12_csv	LARGE_dtc_experiment_code_CONTROL_py_0_csv	0,81735
LARGE_dtc_experiment_code_PROCESS_py_12_csv	LARGE_dtc_experiment_code_CONTROL_py_16_csv	0,81735
LARGE_dtc_experiment_code_CONTROL_py_10_csv	LARGE_dtc_experiment_code_PROCESS_py_12_csv	0,81735
LARGE_dtc_experiment_code_CONTROL_py_18_csv	LARGE_dtc_experiment_code_PROCESS_py_12_csv	0,81735
LARGE_dtc_experiment_code_PROCESS_py_10_csv	LARGE_dtc_experiment_code_CONTROL_py_13_csv	0,81944
LARGE_dtc_experiment_code_CONTROL_py_0_csv	LARGE_dtc_experiment_code_PROCESS_py_10_csv	0,81944
LARGE_dtc_experiment_code_CONTROL_py_12_csv	LARGE_dtc_experiment_code_PROCESS_py_10_csv	0,81944
LARGE_dtc_experiment_code_CONTROL_py_14_csv	LARGE_dtc_experiment_code_PROCESS_py_10_csv	0,81944
LARGE_dtc_experiment_code_PROCESS_py_15_csv	LARGE_dtc_experiment_code_CONTROL_py_11_csv	0,81951
LARGE_dtc_experiment_code_CONTROL_py_17_csv	LARGE_dtc_experiment_code_PROCESS_py_0_csv	0,81951
LARGE_dtc_experiment_code_PROCESS_py_14_csv	LARGE_dtc_experiment_code_CONTROL_py_11_csv	0,82090
LARGE_dtc_experiment_code_PROCESS_py_14_csv	LARGE_dtc_experiment_code_CONTROL_py_18_csv	0,82090
LARGE_dtc_experiment_code_CONTROL_py_12_csv	LARGE_dtc_experiment_code_PROCESS_py_14_csv	0,82090
LARGE_dtc_experiment_code_CONTROL_py_12_csv	LARGE_dtc_experiment_code_PROCESS_py_16_csv	0,82143
LARGE_dtc_experiment_code_CONTROL_py_12_csv	LARGE_dtc_experiment_code_PROCESS_py_18_csv	0,82143
LARGE_dtc_experiment_code_CONTROL_py_13_csv	LARGE_dtc_experiment_code_PROCESS_py_16_csv	0,82143
LARGE_dtc_experiment_code_CONTROL_py_17_csv	LARGE_dtc_experiment_code_PROCESS_py_16_csv	0,82143
LARGE_dtc_experiment_code_PROCESS_py_13_csv	LARGE_dtc_experiment_code_CONTROL_py_18_csv	0,82160
LARGE_dtc_experiment_code_PROCESS_py_12_csv	LARGE_dtc_experiment_code_PROCESS_py_18_csv	0,82192
LARGE_dtc_experiment_code_PROCESS_py_12_csv	LARGE_dtc_experiment_code_CONTROL_py_12_csv	0,82192
LARGE_dtc_experiment_code_PROCESS_py_12_csv	LARGE_dtc_experiment_code_CONTROL_py_13_csv	0,82192
LARGE_dtc_experiment_code_CONTROL_py_13_csv	LARGE_dtc_experiment_code_PROCESS_py_12_csv	0,82192
LARGE_dtc_experiment_code_CONTROL_py_12_csv	LARGE_dtc_experiment_code_PROCESS_py_11_csv	0,82234
LARGE_dtc_experiment_code_CONTROL_py_13_csv	LARGE_dtc_experiment_code_PROCESS_py_10_csv	0,82407
LARGE_dtc_experiment_code_PROCESS_py_0_csv	LARGE_dtc_experiment_code_CONTROL_py_17_csv	0,82439
LARGE_dtc_experiment_code_PROCESS_py_0_csv	LARGE_dtc_experiment_code_CONTROL_py_18_csv	0,82439
LARGE_dtc_experiment_code_PROCESS_py_15_csv	LARGE_dtc_experiment_code_CONTROL_py_13_csv	0,82439
LARGE_dtc_experiment_code_CONTROL_py_10_csv	LARGE_dtc_experiment_code_CONTROL_py_15_csv	0,82500
LARGE_dtc_experiment_code_PROCESS_py_17_csv	LARGE_dtc_experiment_code_CONTROL_py_11_csv	0,82547
LARGE_dtc_experiment_code_PROCESS_py_17_csv	LARGE_dtc_experiment_code_CONTROL_py_13_csv	0,82547
LARGE_dtc_experiment_code_PROCESS_py_17_csv	LARGE_dtc_experiment_code_CONTROL_py_14_csv	0,82547
LARGE_dtc_experiment_code_PROCESS_py_17_csv	LARGE_dtc_experiment_code_CONTROL_py_17_csv	0,82547
LARGE_dtc_experiment_code_CONTROL_py_0_csv	LARGE_dtc_experiment_code_PROCESS_py_17_csv	0,82547
LARGE_dtc_experiment_code_PROCESS_py_13_csv	LARGE_dtc_experiment_code_CONTROL_py_17_csv	0,82629
LARGE_dtc_experiment_code_CONTROL_py_0_csv	LARGE_dtc_experiment_code_PROCESS_py_13_csv	0,82629
LARGE_dtc_experiment_code_PROCESS_py_12_csv	LARGE_dtc_experiment_code_CONTROL_py_18_csv	0,82648
LARGE_dtc_experiment_code_CONTROL_py_0_csv	LARGE_dtc_experiment_code_PROCESS_py_12_csv	0,82648
LARGE_dtc_experiment_code_CONTROL_py_15_csv	LARGE_dtc_experiment_code_PROCESS_py_12_csv	0,82648
LARGE_dtc_experiment_code_PROCESS_py_18_csv	LARGE_dtc_experiment_code_CONTROL_py_17_csv	0,82653
LARGE_dtc_experiment_code_CONTROL_py_10_csv	LARGE_dtc_experiment_code_PROCESS_py_18_csv	0,82653
LARGE_dtc_experiment_code_CONTROL_py_17_csv	LARGE_dtc_experiment_code_PROCESS_py_18_csv	0,82653
LARGE_dtc_experiment_code_PROCESS_py_11_csv	LARGE_dtc_experiment_code_CONTROL_py_17_csv	0,82741
LARGE_dtc_experiment_code_CONTROL_py_18_csv	LARGE_dtc_experiment_code_PROCESS_py_11_csv	0,82741
LARGE_dtc_experiment_code_PROCESS_py_10_csv	LARGE_dtc_experiment_code_CONTROL_py_14_csv	0,82870
LARGE_dtc_experiment_code_PROCESS_py_10_csv	LARGE_dtc_experiment_code_CONTROL_py_18_csv	0,82870
LARGE_dtc_experiment_code_CONTROL_py_16_csv	LARGE_dtc_experiment_code_PROCESS_py_10_csv	0,82870
LARGE_dtc_experiment_code_CONTROL_py_11_csv	LARGE_dtc_experiment_code_PROCESS_py_0_csv	0,82927
LARGE_dtc_experiment_code_CONTROL_py_14_csv	LARGE_dtc_experiment_code_PROCESS_py_0_csv	0,82927
LARGE_dtc_experiment_code_PROCESS_py_17_csv	LARGE_dtc_experiment_code_CONTROL_py_18_csv	0,83019
LARGE_dtc_experiment_code_CONTROL_py_12_csv	LARGE_dtc_experiment_code_PROCESS_py_13_csv	0,83099
LARGE_dtc_experiment_code_PROCESS_py_12_csv	LARGE_dtc_experiment_code_CONTROL_py_11_csv	0,83105
LARGE_dtc_experiment_code_CONTROL_py_17_csv	LARGE_dtc_experiment_code_PROCESS_py_12_csv	0,83105
LARGE_dtc_experiment_code_CONTROL_py_10_csv	LARGE_dtc_experiment_code_CONTROL_py_17_csv	0,83125
LARGE_dtc_experiment_code_CONTROL_py_15_csv	LARGE_dtc_experiment_code_PROCESS_py_18_csv	0,83163
LARGE_dtc_experiment_code_CONTROL_py_13_csv	LARGE_dtc_experiment_code_PROCESS_py_11_csv	0,83249
LARGE_dtc_experiment_code_PROCESS_py_10_csv	LARGE_dtc_experiment_code_CONTROL_py_17_csv	0,83333
LARGE_dtc_experiment_code_CONTROL_py_15_csv	LARGE_dtc_experiment_code_PROCESS_py_10_csv	0,83333
LARGE_dtc_experiment_code_CONTROL_py_17_csv	LARGE_dtc_experiment_code_PROCESS_py_10_csv	0,83333
LARGE_dtc_experiment_code_CONTROL_py_18_csv	LARGE_dtc_experiment_code_PROCESS_py_10_csv	0,83333
LARGE_dtc_experiment_code_CONTROL_py_13_csv	LARGE_dtc_experiment_code_PROCESS_py_15_csv	0,83415
LARGE_dtc_experiment_code_CONTROL_py_15_csv	LARGE_dtc_experiment_code_PROCESS_py_0_csv	0,83415
LARGE_dtc_experiment_code_CONTROL_py_14_csv	LARGE_dtc_experiment_code_PROCESS_py_17_csv	0,83491
LARGE_dtc_experiment_code_CONTROL_py_17_csv	LARGE_dtc_experiment_code_PROCESS_py_17_csv	0,83491
LARGE_dtc_experiment_code_PROCESS_py_12_csv	LARGE_dtc_experiment_code_CONTROL_py_14_csv	0,83562
LARGE_dtc_experiment_code_PROCESS_py_12_csv	LARGE_dtc_experiment_code_CONTROL_py_17_csv	0,83562
LARGE_dtc_experiment_code_CONTROL_py_17_csv	LARGE_dtc_experiment_code_PROCESS_py_13_csv	0,83568
LARGE_dtc_experiment_code_CONTROL_py_18_csv	LARGE_dtc_experiment_code_PROCESS_py_13_csv	0,83568
LARGE_dtc_experiment_code_CONTROL_py_15_csv	LARGE_dtc_experiment_code_PROCESS_py_14_csv	0,83582
LARGE_dtc_experiment_code_CONTROL_py_0_csv	LARGE_dtc_experiment_code_PROCESS_py_18_csv	0,83673
LARGE_dtc_experiment_code_PROCESS_py_11_csv	LARGE_dtc_experiment_code_CONTROL_py_15_csv	0,83756
LARGE_dtc_experiment_code_CONTROL_py_15_csv	LARGE_dtc_experiment_code_PROCESS_py_11_csv	0,83756
LARGE_dtc_experiment_code_CONTROL_py_18_csv	LARGE_dtc_experiment_code_PROCESS_py_15_csv	0,83902
LARGE_dtc_experiment_code_CONTROL_py_10_csv	LARGE_dtc_experiment_code_PROCESS_py_17_csv	0,83962
LARGE_dtc_experiment_code_PROCESS_py_13_csv	LARGE_dtc_experiment_code_CONTROL_py_15_csv	0,84038
LARGE_dtc_experiment_code_CONTROL_py_10_csv	LARGE_dtc_experiment_code_PROCESS_py_13_csv	0,84038
LARGE_dtc_experiment_code_CONTROL_py_15_csv	LARGE_dtc_experiment_code_PROCESS_py_13_csv	0,84038
LARGE_dtc_experiment_code_CONTROL_py_10_csv	LARGE_dtc_experiment_code_PROCESS_py_10_csv	0,84259
LARGE_dtc_experiment_code_PROCESS_py_11_csv	LARGE_dtc_experiment_code_CONTROL_py_18_csv	0,84264
LARGE_dtc_experiment_code_PROCESS_py_0_csv	LARGE_dtc_experiment_code_CONTROL_py_15_csv	0,84390
LARGE_dtc_experiment_code_PROCESS_py_15_csv	LARGE_dtc_experiment_code_CONTROL_py_15_csv	0,84390
LARGE_dtc_experiment_code_CONTROL_py_0_csv	LARGE_dtc_experiment_code_PROCESS_py_0_csv	0,84390
LARGE_dtc_experiment_code_CONTROL_py_12_csv	LARGE_dtc_experiment_code_PROCESS_py_15_csv	0,84390
LARGE_dtc_experiment_code_CONTROL_py_15_csv	LARGE_dtc_experiment_code_PROCESS_py_15_csv	0,84390
LARGE_dtc_experiment_code_CONTROL_py_13_csv	LARGE_dtc_experiment_code_PROCESS_py_17_csv	0,84434
LARGE_dtc_experiment_code_CONTROL_py_15_csv	LARGE_dtc_experiment_code_PROCESS_py_17_csv	0,84434
LARGE_dtc_experiment_code_CONTROL_py_18_csv	LARGE_dtc_experiment_code_PROCESS_py_17_csv	0,84434
LARGE_dtc_experiment_code_CONTROL_py_12_csv	LARGE_dtc_experiment_code_PROCESS_py_12_csv	0,84475
LARGE_dtc_experiment_code_CONTROL_py_14_csv	LARGE_dtc_experiment_code_PROCESS_py_13_csv	0,84507
LARGE_dtc_experiment_code_PROCESS_py_18_csv	LARGE_dtc_experiment_code_CONTROL_py_15_csv	0,84694
LARGE_dtc_experiment_code_CONTROL_py_10_csv	LARGE_dtc_experiment_code_PROCESS_py_15_csv	0,84878
LARGE_dtc_experiment_code_CONTROL_py_11_csv	LARGE_dtc_experiment_code_PROCESS_py_17_csv	0,84906
LARGE_dtc_experiment_code_PROCESS_py_10_csv	LARGE_dtc_experiment_code_CONTROL_py_15_csv	0,85185
LARGE_dtc_experiment_code_CONTROL_py_10_csv	LARGE_dtc_experiment_code_PROCESS_py_0_csv	0,85366
LARGE_dtc_experiment_code_CONTROL_py_11_csv	LARGE_dtc_experiment_code_PROCESS_py_15_csv	0,85366
LARGE_dtc_experiment_code_CONTROL_py_13_csv	LARGE_dtc_experiment_code_PROCESS_py_0_csv	0,85366
LARGE_dtc_experiment_code_CONTROL_py_17_csv	LARGE_dtc_experiment_code_PROCESS_py_15_csv	0,85366
LARGE_dtc_experiment_code_CONTROL_py_18_csv	LARGE_dtc_experiment_code_PROCESS_py_0_csv	0,85366
LARGE_dtc_experiment_code_PROCESS_py_17_csv	LARGE_dtc_experiment_code_CONTROL_py_15_csv	0,85377
LARGE_dtc_experiment_code_CONTROL_py_12_csv	LARGE_dtc_experiment_code_PROCESS_py_17_csv	0,85377
LARGE_dtc_experiment_code_PROCESS_py_12_csv	LARGE_dtc_experiment_code_CONTROL_py_15_csv	0,85388
LARGE_dtc_experiment_code_PROCESS_py_14_csv	LARGE_dtc_experiment_code_CONTROL_py_15_csv	0,85572
LARGE_dtc_experiment_code_CONTROL_py_13_csv	LARGE_dtc_experiment_code_PROCESS_py_13_csv	0,85915
LARGE_dtc_experiment_code_CONTROL_py_0_csv	LARGE_dtc_experiment_code_PROCESS_py_15_csv	0,86341
