LARGE_dtc_experiment_code_TRAIN_py_14_csv	LARGE_dtc_experiment_code_TRAIN_py_14_csv	0,04433
LARGE_dtc_experiment_code_TRAIN_py_12_csv	LARGE_dtc_experiment_code_TRAIN_py_12_csv	0,04545
LARGE_dtc_experiment_code_TRAIN_py_0_csv	LARGE_dtc_experiment_code_TRAIN_py_0_csv	0,04721
LARGE_dtc_experiment_code_TRAIN_py_18_csv	LARGE_dtc_experiment_code_TRAIN_py_18_csv	0,04819
LARGE_dtc_experiment_code_TRAIN_py_15_csv	LARGE_dtc_experiment_code_TRAIN_py_15_csv	0,04878
LARGE_dtc_experiment_code_TRAIN_py_17_csv	LARGE_dtc_experiment_code_TRAIN_py_17_csv	0,04878
LARGE_dtc_experiment_code_CONTROL_py_15_csv	LARGE_dtc_experiment_code_CONTROL_py_15_csv	0,04938
LARGE_dtc_experiment_code_CONTROL_py_10_csv	LARGE_dtc_experiment_code_CONTROL_py_10_csv	0,05085
LARGE_dtc_experiment_code_TRAIN_py_13_csv	LARGE_dtc_experiment_code_TRAIN_py_13_csv	0,05328
LARGE_dtc_experiment_code_CONTROL_py_12_csv	LARGE_dtc_experiment_code_CONTROL_py_12_csv	0,05422
LARGE_dtc_experiment_code_CONTROL_py_14_csv	LARGE_dtc_experiment_code_CONTROL_py_14_csv	0,05422
LARGE_dtc_experiment_code_CONTROL_py_17_csv	LARGE_dtc_experiment_code_CONTROL_py_17_csv	0,05422
LARGE_dtc_experiment_code_TRAIN_py_11_csv	LARGE_dtc_experiment_code_TRAIN_py_11_csv	0,05473
LARGE_dtc_experiment_code_CONTROL_py_11_csv	LARGE_dtc_experiment_code_CONTROL_py_11_csv	0,05650
LARGE_dtc_experiment_code_TRAIN_py_16_csv	LARGE_dtc_experiment_code_TRAIN_py_16_csv	0,05856
LARGE_dtc_experiment_code_CONTROL_py_16_csv	LARGE_dtc_experiment_code_CONTROL_py_16_csv	0,05952
LARGE_dtc_experiment_code_CONTROL_py_0_csv	LARGE_dtc_experiment_code_CONTROL_py_0_csv	0,06030
LARGE_dtc_experiment_code_TRAIN_py_10_csv	LARGE_dtc_experiment_code_TRAIN_py_10_csv	0,06452
LARGE_dtc_experiment_code_CONTROL_py_18_csv	LARGE_dtc_experiment_code_CONTROL_py_18_csv	0,06452
LARGE_dtc_experiment_code_CONTROL_py_13_csv	LARGE_dtc_experiment_code_CONTROL_py_13_csv	0,06587
LARGE_dtc_experiment_code_CONTROL_py_11_csv	LARGE_dtc_experiment_code_CONTROL_py_10_csv	0,63842
LARGE_dtc_experiment_code_CONTROL_py_12_csv	LARGE_dtc_experiment_code_CONTROL_py_14_csv	0,65663
LARGE_dtc_experiment_code_CONTROL_py_16_csv	LARGE_dtc_experiment_code_CONTROL_py_13_csv	0,66667
LARGE_dtc_experiment_code_CONTROL_py_15_csv	LARGE_dtc_experiment_code_CONTROL_py_17_csv	0,66867
LARGE_dtc_experiment_code_CONTROL_py_13_csv	LARGE_dtc_experiment_code_CONTROL_py_17_csv	0,67066
LARGE_dtc_experiment_code_CONTROL_py_14_csv	LARGE_dtc_experiment_code_CONTROL_py_13_csv	0,67066
LARGE_dtc_experiment_code_CONTROL_py_17_csv	LARGE_dtc_experiment_code_CONTROL_py_13_csv	0,67066
LARGE_dtc_experiment_code_CONTROL_py_16_csv	LARGE_dtc_experiment_code_CONTROL_py_10_csv	0,67797
LARGE_dtc_experiment_code_CONTROL_py_16_csv	LARGE_dtc_experiment_code_CONTROL_py_14_csv	0,67857
LARGE_dtc_experiment_code_CONTROL_py_16_csv	LARGE_dtc_experiment_code_CONTROL_py_17_csv	0,67857
LARGE_dtc_experiment_code_CONTROL_py_18_csv	LARGE_dtc_experiment_code_CONTROL_py_16_csv	0,67857
LARGE_dtc_experiment_code_CONTROL_py_15_csv	LARGE_dtc_experiment_code_CONTROL_py_12_csv	0,68072
LARGE_dtc_experiment_code_CONTROL_py_14_csv	LARGE_dtc_experiment_code_CONTROL_py_11_csv	0,68362
LARGE_dtc_experiment_code_CONTROL_py_15_csv	LARGE_dtc_experiment_code_CONTROL_py_11_csv	0,68362
LARGE_dtc_experiment_code_CONTROL_py_17_csv	LARGE_dtc_experiment_code_CONTROL_py_10_csv	0,68362
LARGE_dtc_experiment_code_CONTROL_py_16_csv	LARGE_dtc_experiment_code_CONTROL_py_12_csv	0,68452
LARGE_dtc_experiment_code_CONTROL_py_16_csv	LARGE_dtc_experiment_code_CONTROL_py_15_csv	0,68452
LARGE_dtc_experiment_code_CONTROL_py_16_csv	LARGE_dtc_experiment_code_CONTROL_py_18_csv	0,68452
LARGE_dtc_experiment_code_CONTROL_py_17_csv	LARGE_dtc_experiment_code_CONTROL_py_16_csv	0,68452
LARGE_dtc_experiment_code_CONTROL_py_15_csv	LARGE_dtc_experiment_code_CONTROL_py_14_csv	0,68675
LARGE_dtc_experiment_code_CONTROL_py_17_csv	LARGE_dtc_experiment_code_CONTROL_py_14_csv	0,68675
LARGE_dtc_experiment_code_CONTROL_py_15_csv	LARGE_dtc_experiment_code_CONTROL_py_13_csv	0,68862
LARGE_dtc_experiment_code_CONTROL_py_11_csv	LARGE_dtc_experiment_code_CONTROL_py_17_csv	0,68927
LARGE_dtc_experiment_code_CONTROL_py_18_csv	LARGE_dtc_experiment_code_CONTROL_py_10_csv	0,68927
LARGE_dtc_experiment_code_TRAIN_py_14_csv	LARGE_dtc_experiment_code_TRAIN_py_12_csv	0,68966
LARGE_dtc_experiment_code_CONTROL_py_12_csv	LARGE_dtc_experiment_code_CONTROL_py_16_csv	0,69048
LARGE_dtc_experiment_code_CONTROL_py_15_csv	LARGE_dtc_experiment_code_CONTROL_py_18_csv	0,69136
LARGE_dtc_experiment_code_CONTROL_py_14_csv	LARGE_dtc_experiment_code_CONTROL_py_17_csv	0,69277
LARGE_dtc_experiment_code_CONTROL_py_17_csv	LARGE_dtc_experiment_code_CONTROL_py_12_csv	0,69277
LARGE_dtc_experiment_code_CONTROL_py_17_csv	LARGE_dtc_experiment_code_CONTROL_py_18_csv	0,69277
LARGE_dtc_experiment_code_CONTROL_py_17_csv	LARGE_dtc_experiment_code_CONTROL_py_0_csv	0,69347
LARGE_dtc_experiment_code_CONTROL_py_13_csv	LARGE_dtc_experiment_code_CONTROL_py_12_csv	0,69461
LARGE_dtc_experiment_code_CONTROL_py_11_csv	LARGE_dtc_experiment_code_CONTROL_py_12_csv	0,69492
LARGE_dtc_experiment_code_CONTROL_py_12_csv	LARGE_dtc_experiment_code_CONTROL_py_11_csv	0,69492
LARGE_dtc_experiment_code_CONTROL_py_15_csv	LARGE_dtc_experiment_code_CONTROL_py_16_csv	0,69643
LARGE_dtc_experiment_code_CONTROL_py_18_csv	LARGE_dtc_experiment_code_CONTROL_py_14_csv	0,69880
LARGE_dtc_experiment_code_CONTROL_py_18_csv	LARGE_dtc_experiment_code_CONTROL_py_17_csv	0,69880
LARGE_dtc_experiment_code_CONTROL_py_10_csv	LARGE_dtc_experiment_code_CONTROL_py_11_csv	0,70056
LARGE_dtc_experiment_code_CONTROL_py_10_csv	LARGE_dtc_experiment_code_CONTROL_py_12_csv	0,70056
LARGE_dtc_experiment_code_CONTROL_py_10_csv	LARGE_dtc_experiment_code_CONTROL_py_14_csv	0,70056
LARGE_dtc_experiment_code_CONTROL_py_11_csv	LARGE_dtc_experiment_code_CONTROL_py_13_csv	0,70056
LARGE_dtc_experiment_code_CONTROL_py_15_csv	LARGE_dtc_experiment_code_CONTROL_py_10_csv	0,70056
LARGE_dtc_experiment_code_CONTROL_py_13_csv	LARGE_dtc_experiment_code_CONTROL_py_14_csv	0,70060
LARGE_dtc_experiment_code_CONTROL_py_18_csv	LARGE_dtc_experiment_code_CONTROL_py_13_csv	0,70060
LARGE_dtc_experiment_code_CONTROL_py_13_csv	LARGE_dtc_experiment_code_CONTROL_py_16_csv	0,70238
LARGE_dtc_experiment_code_CONTROL_py_15_csv	LARGE_dtc_experiment_code_CONTROL_py_0_csv	0,70352
LARGE_dtc_experiment_code_CONTROL_py_18_csv	LARGE_dtc_experiment_code_CONTROL_py_15_csv	0,70370
LARGE_dtc_experiment_code_CONTROL_py_11_csv	LARGE_dtc_experiment_code_CONTROL_py_14_csv	0,70621
LARGE_dtc_experiment_code_CONTROL_py_12_csv	LARGE_dtc_experiment_code_CONTROL_py_17_csv	0,71084
LARGE_dtc_experiment_code_CONTROL_py_14_csv	LARGE_dtc_experiment_code_CONTROL_py_12_csv	0,71084
LARGE_dtc_experiment_code_CONTROL_py_18_csv	LARGE_dtc_experiment_code_CONTROL_py_12_csv	0,71084
LARGE_dtc_experiment_code_CONTROL_py_10_csv	LARGE_dtc_experiment_code_CONTROL_py_16_csv	0,71186
LARGE_dtc_experiment_code_CONTROL_py_12_csv	LARGE_dtc_experiment_code_CONTROL_py_10_csv	0,71186
LARGE_dtc_experiment_code_CONTROL_py_14_csv	LARGE_dtc_experiment_code_CONTROL_py_10_csv	0,71186
LARGE_dtc_experiment_code_CONTROL_py_16_csv	LARGE_dtc_experiment_code_CONTROL_py_11_csv	0,71186
LARGE_dtc_experiment_code_CONTROL_py_17_csv	LARGE_dtc_experiment_code_CONTROL_py_11_csv	0,71186
LARGE_dtc_experiment_code_CONTROL_py_13_csv	LARGE_dtc_experiment_code_CONTROL_py_15_csv	0,71257
LARGE_dtc_experiment_code_TRAIN_py_16_csv	LARGE_dtc_experiment_code_TRAIN_py_0_csv	0,71674
LARGE_dtc_experiment_code_CONTROL_py_12_csv	LARGE_dtc_experiment_code_CONTROL_py_18_csv	0,71687
LARGE_dtc_experiment_code_CONTROL_py_14_csv	LARGE_dtc_experiment_code_CONTROL_py_18_csv	0,71687
LARGE_dtc_experiment_code_CONTROL_py_17_csv	LARGE_dtc_experiment_code_CONTROL_py_15_csv	0,71687
LARGE_dtc_experiment_code_TRAIN_py_17_csv	LARGE_dtc_experiment_code_CONTROL_py_0_csv	0,71707
LARGE_dtc_experiment_code_TRAIN_py_12_csv	LARGE_dtc_experiment_code_CONTROL_py_12_csv	0,71717
LARGE_dtc_experiment_code_CONTROL_py_10_csv	LARGE_dtc_experiment_code_CONTROL_py_13_csv	0,71751
LARGE_dtc_experiment_code_CONTROL_py_10_csv	LARGE_dtc_experiment_code_CONTROL_py_17_csv	0,71751
LARGE_dtc_experiment_code_CONTROL_py_13_csv	LARGE_dtc_experiment_code_CONTROL_py_10_csv	0,71751
LARGE_dtc_experiment_code_CONTROL_py_13_csv	LARGE_dtc_experiment_code_CONTROL_py_11_csv	0,71751
LARGE_dtc_experiment_code_CONTROL_py_18_csv	LARGE_dtc_experiment_code_CONTROL_py_11_csv	0,71751
LARGE_dtc_experiment_code_CONTROL_py_13_csv	LARGE_dtc_experiment_code_CONTROL_py_18_csv	0,71856
LARGE_dtc_experiment_code_TRAIN_py_12_csv	LARGE_dtc_experiment_code_CONTROL_py_0_csv	0,71859
LARGE_dtc_experiment_code_CONTROL_py_0_csv	LARGE_dtc_experiment_code_CONTROL_py_10_csv	0,71859
LARGE_dtc_experiment_code_CONTROL_py_11_csv	LARGE_dtc_experiment_code_CONTROL_py_0_csv	0,71859
LARGE_dtc_experiment_code_CONTROL_py_12_csv	LARGE_dtc_experiment_code_CONTROL_py_0_csv	0,71859
LARGE_dtc_experiment_code_CONTROL_py_14_csv	LARGE_dtc_experiment_code_CONTROL_py_0_csv	0,71859
LARGE_dtc_experiment_code_CONTROL_py_16_csv	LARGE_dtc_experiment_code_CONTROL_py_0_csv	0,71859
LARGE_dtc_experiment_code_TRAIN_py_12_csv	LARGE_dtc_experiment_code_TRAIN_py_14_csv	0,71921
LARGE_dtc_experiment_code_TRAIN_py_14_csv	LARGE_dtc_experiment_code_CONTROL_py_12_csv	0,71921
LARGE_dtc_experiment_code_CONTROL_py_14_csv	LARGE_dtc_experiment_code_CONTROL_py_16_csv	0,72024
LARGE_dtc_experiment_code_CONTROL_py_16_csv	LARGE_dtc_experiment_code_TRAIN_py_11_csv	0,72139
LARGE_dtc_experiment_code_TRAIN_py_15_csv	LARGE_dtc_experiment_code_CONTROL_py_10_csv	0,72195
LARGE_dtc_experiment_code_CONTROL_py_14_csv	LARGE_dtc_experiment_code_CONTROL_py_15_csv	0,72289
LARGE_dtc_experiment_code_CONTROL_py_10_csv	LARGE_dtc_experiment_code_CONTROL_py_18_csv	0,72316
LARGE_dtc_experiment_code_TRAIN_py_10_csv	LARGE_dtc_experiment_code_TRAIN_py_14_csv	0,72350
LARGE_dtc_experiment_code_TRAIN_py_15_csv	LARGE_dtc_experiment_code_TRAIN_py_10_csv	0,72350
LARGE_dtc_experiment_code_CONTROL_py_0_csv	LARGE_dtc_experiment_code_TRAIN_py_12_csv	0,72362
LARGE_dtc_experiment_code_CONTROL_py_13_csv	LARGE_dtc_experiment_code_CONTROL_py_0_csv	0,72362
LARGE_dtc_experiment_code_CONTROL_py_18_csv	LARGE_dtc_experiment_code_CONTROL_py_0_csv	0,72362
LARGE_dtc_experiment_code_TRAIN_py_11_csv	LARGE_dtc_experiment_code_TRAIN_py_14_csv	0,72414
LARGE_dtc_experiment_code_TRAIN_py_14_csv	LARGE_dtc_experiment_code_CONTROL_py_0_csv	0,72414
LARGE_dtc_experiment_code_TRAIN_py_14_csv	LARGE_dtc_experiment_code_CONTROL_py_16_csv	0,72414
LARGE_dtc_experiment_code_CONTROL_py_12_csv	LARGE_dtc_experiment_code_CONTROL_py_13_csv	0,72455
LARGE_dtc_experiment_code_TRAIN_py_11_csv	LARGE_dtc_experiment_code_TRAIN_py_12_csv	0,72637
LARGE_dtc_experiment_code_TRAIN_py_11_csv	LARGE_dtc_experiment_code_CONTROL_py_17_csv	0,72637
LARGE_dtc_experiment_code_TRAIN_py_15_csv	LARGE_dtc_experiment_code_CONTROL_py_0_csv	0,72683
LARGE_dtc_experiment_code_TRAIN_py_15_csv	LARGE_dtc_experiment_code_CONTROL_py_12_csv	0,72683
LARGE_dtc_experiment_code_TRAIN_py_12_csv	LARGE_dtc_experiment_code_CONTROL_py_17_csv	0,72727
LARGE_dtc_experiment_code_CONTROL_py_12_csv	LARGE_dtc_experiment_code_TRAIN_py_12_csv	0,72727
LARGE_dtc_experiment_code_TRAIN_py_10_csv	LARGE_dtc_experiment_code_CONTROL_py_13_csv	0,72811
LARGE_dtc_experiment_code_CONTROL_py_0_csv	LARGE_dtc_experiment_code_CONTROL_py_16_csv	0,72864
LARGE_dtc_experiment_code_CONTROL_py_0_csv	LARGE_dtc_experiment_code_CONTROL_py_17_csv	0,72864
LARGE_dtc_experiment_code_CONTROL_py_12_csv	LARGE_dtc_experiment_code_CONTROL_py_15_csv	0,72892
LARGE_dtc_experiment_code_TRAIN_py_14_csv	LARGE_dtc_experiment_code_TRAIN_py_11_csv	0,72906
LARGE_dtc_experiment_code_TRAIN_py_15_csv	LARGE_dtc_experiment_code_TRAIN_py_16_csv	0,72973
LARGE_dtc_experiment_code_TRAIN_py_16_csv	LARGE_dtc_experiment_code_TRAIN_py_15_csv	0,72973
LARGE_dtc_experiment_code_TRAIN_py_11_csv	LARGE_dtc_experiment_code_CONTROL_py_10_csv	0,73134
LARGE_dtc_experiment_code_TRAIN_py_11_csv	LARGE_dtc_experiment_code_CONTROL_py_11_csv	0,73134
LARGE_dtc_experiment_code_TRAIN_py_11_csv	LARGE_dtc_experiment_code_CONTROL_py_14_csv	0,73134
LARGE_dtc_experiment_code_TRAIN_py_12_csv	LARGE_dtc_experiment_code_TRAIN_py_11_csv	0,73134
LARGE_dtc_experiment_code_TRAIN_py_15_csv	LARGE_dtc_experiment_code_TRAIN_py_12_csv	0,73171
LARGE_dtc_experiment_code_TRAIN_py_17_csv	LARGE_dtc_experiment_code_TRAIN_py_12_csv	0,73171
LARGE_dtc_experiment_code_TRAIN_py_17_csv	LARGE_dtc_experiment_code_TRAIN_py_14_csv	0,73171
LARGE_dtc_experiment_code_TRAIN_py_17_csv	LARGE_dtc_experiment_code_CONTROL_py_10_csv	0,73171
LARGE_dtc_experiment_code_TRAIN_py_17_csv	LARGE_dtc_experiment_code_CONTROL_py_12_csv	0,73171
LARGE_dtc_experiment_code_TRAIN_py_17_csv	LARGE_dtc_experiment_code_CONTROL_py_17_csv	0,73171
LARGE_dtc_experiment_code_TRAIN_py_12_csv	LARGE_dtc_experiment_code_CONTROL_py_13_csv	0,73232
LARGE_dtc_experiment_code_TRAIN_py_10_csv	LARGE_dtc_experiment_code_TRAIN_py_12_csv	0,73272
LARGE_dtc_experiment_code_TRAIN_py_10_csv	LARGE_dtc_experiment_code_CONTROL_py_0_csv	0,73272
LARGE_dtc_experiment_code_TRAIN_py_10_csv	LARGE_dtc_experiment_code_CONTROL_py_14_csv	0,73272
LARGE_dtc_experiment_code_TRAIN_py_10_csv	LARGE_dtc_experiment_code_CONTROL_py_16_csv	0,73272
LARGE_dtc_experiment_code_TRAIN_py_10_csv	LARGE_dtc_experiment_code_CONTROL_py_17_csv	0,73272
LARGE_dtc_experiment_code_TRAIN_py_0_csv	LARGE_dtc_experiment_code_CONTROL_py_0_csv	0,73391
LARGE_dtc_experiment_code_CONTROL_py_11_csv	LARGE_dtc_experiment_code_TRAIN_py_0_csv	0,73391
LARGE_dtc_experiment_code_TRAIN_py_14_csv	LARGE_dtc_experiment_code_CONTROL_py_10_csv	0,73399
LARGE_dtc_experiment_code_TRAIN_py_14_csv	LARGE_dtc_experiment_code_CONTROL_py_17_csv	0,73399
LARGE_dtc_experiment_code_TRAIN_py_14_csv	LARGE_dtc_experiment_code_TRAIN_py_16_csv	0,73423
LARGE_dtc_experiment_code_TRAIN_py_16_csv	LARGE_dtc_experiment_code_CONTROL_py_10_csv	0,73423
LARGE_dtc_experiment_code_TRAIN_py_16_csv	LARGE_dtc_experiment_code_CONTROL_py_12_csv	0,73423
LARGE_dtc_experiment_code_CONTROL_py_11_csv	LARGE_dtc_experiment_code_CONTROL_py_15_csv	0,73446
LARGE_dtc_experiment_code_TRAIN_py_18_csv	LARGE_dtc_experiment_code_TRAIN_py_10_csv	0,73494
LARGE_dtc_experiment_code_TRAIN_py_11_csv	LARGE_dtc_experiment_code_CONTROL_py_0_csv	0,73632
LARGE_dtc_experiment_code_TRAIN_py_11_csv	LARGE_dtc_experiment_code_CONTROL_py_13_csv	0,73632
LARGE_dtc_experiment_code_CONTROL_py_14_csv	LARGE_dtc_experiment_code_TRAIN_py_11_csv	0,73632
LARGE_dtc_experiment_code_CONTROL_py_17_csv	LARGE_dtc_experiment_code_TRAIN_py_11_csv	0,73632
LARGE_dtc_experiment_code_TRAIN_py_15_csv	LARGE_dtc_experiment_code_CONTROL_py_17_csv	0,73659
LARGE_dtc_experiment_code_TRAIN_py_12_csv	LARGE_dtc_experiment_code_CONTROL_py_10_csv	0,73737
LARGE_dtc_experiment_code_TRAIN_py_12_csv	LARGE_dtc_experiment_code_CONTROL_py_11_csv	0,73737
LARGE_dtc_experiment_code_TRAIN_py_12_csv	LARGE_dtc_experiment_code_CONTROL_py_14_csv	0,73737
LARGE_dtc_experiment_code_TRAIN_py_12_csv	LARGE_dtc_experiment_code_CONTROL_py_16_csv	0,73737
LARGE_dtc_experiment_code_CONTROL_py_14_csv	LARGE_dtc_experiment_code_TRAIN_py_12_csv	0,73737
LARGE_dtc_experiment_code_CONTROL_py_17_csv	LARGE_dtc_experiment_code_TRAIN_py_12_csv	0,73737
LARGE_dtc_experiment_code_TRAIN_py_0_csv	LARGE_dtc_experiment_code_CONTROL_py_11_csv	0,73820
LARGE_dtc_experiment_code_CONTROL_py_0_csv	LARGE_dtc_experiment_code_CONTROL_py_13_csv	0,73869
LARGE_dtc_experiment_code_CONTROL_py_10_csv	LARGE_dtc_experiment_code_CONTROL_py_0_csv	0,73869
LARGE_dtc_experiment_code_TRAIN_py_10_csv	LARGE_dtc_experiment_code_TRAIN_py_16_csv	0,73874
LARGE_dtc_experiment_code_TRAIN_py_16_csv	LARGE_dtc_experiment_code_TRAIN_py_10_csv	0,73874
LARGE_dtc_experiment_code_TRAIN_py_16_csv	LARGE_dtc_experiment_code_CONTROL_py_0_csv	0,73874
LARGE_dtc_experiment_code_TRAIN_py_14_csv	LARGE_dtc_experiment_code_CONTROL_py_13_csv	0,73892
LARGE_dtc_experiment_code_TRAIN_py_14_csv	LARGE_dtc_experiment_code_CONTROL_py_15_csv	0,73892
LARGE_dtc_experiment_code_CONTROL_py_13_csv	LARGE_dtc_experiment_code_TRAIN_py_14_csv	0,73892
LARGE_dtc_experiment_code_CONTROL_py_14_csv	LARGE_dtc_experiment_code_TRAIN_py_14_csv	0,73892
LARGE_dtc_experiment_code_CONTROL_py_15_csv	LARGE_dtc_experiment_code_TRAIN_py_14_csv	0,73892
LARGE_dtc_experiment_code_CONTROL_py_17_csv	LARGE_dtc_experiment_code_TRAIN_py_14_csv	0,73892
LARGE_dtc_experiment_code_CONTROL_py_11_csv	LARGE_dtc_experiment_code_CONTROL_py_16_csv	0,74011
LARGE_dtc_experiment_code_TRAIN_py_11_csv	LARGE_dtc_experiment_code_CONTROL_py_16_csv	0,74129
LARGE_dtc_experiment_code_CONTROL_py_11_csv	LARGE_dtc_experiment_code_TRAIN_py_11_csv	0,74129
LARGE_dtc_experiment_code_TRAIN_py_17_csv	LARGE_dtc_experiment_code_CONTROL_py_11_csv	0,74146
LARGE_dtc_experiment_code_TRAIN_py_17_csv	LARGE_dtc_experiment_code_CONTROL_py_16_csv	0,74146
LARGE_dtc_experiment_code_TRAIN_py_10_csv	LARGE_dtc_experiment_code_CONTROL_py_10_csv	0,74194
LARGE_dtc_experiment_code_CONTROL_py_11_csv	LARGE_dtc_experiment_code_TRAIN_py_12_csv	0,74242
LARGE_dtc_experiment_code_CONTROL_py_18_csv	LARGE_dtc_experiment_code_TRAIN_py_12_csv	0,74242
LARGE_dtc_experiment_code_TRAIN_py_0_csv	LARGE_dtc_experiment_code_TRAIN_py_10_csv	0,74249
LARGE_dtc_experiment_code_TRAIN_py_0_csv	LARGE_dtc_experiment_code_CONTROL_py_10_csv	0,74249
LARGE_dtc_experiment_code_TRAIN_py_0_csv	LARGE_dtc_experiment_code_CONTROL_py_16_csv	0,74249
LARGE_dtc_experiment_code_CONTROL_py_0_csv	LARGE_dtc_experiment_code_TRAIN_py_0_csv	0,74249
LARGE_dtc_experiment_code_TRAIN_py_18_csv	LARGE_dtc_experiment_code_TRAIN_py_16_csv	0,74297
LARGE_dtc_experiment_code_TRAIN_py_12_csv	LARGE_dtc_experiment_code_TRAIN_py_16_csv	0,74324
LARGE_dtc_experiment_code_TRAIN_py_16_csv	LARGE_dtc_experiment_code_TRAIN_py_12_csv	0,74324
LARGE_dtc_experiment_code_CONTROL_py_16_csv	LARGE_dtc_experiment_code_TRAIN_py_16_csv	0,74324
LARGE_dtc_experiment_code_CONTROL_py_0_csv	LARGE_dtc_experiment_code_TRAIN_py_14_csv	0,74384
LARGE_dtc_experiment_code_CONTROL_py_16_csv	LARGE_dtc_experiment_code_TRAIN_py_14_csv	0,74384
LARGE_dtc_experiment_code_CONTROL_py_11_csv	LARGE_dtc_experiment_code_CONTROL_py_18_csv	0,74576
LARGE_dtc_experiment_code_TRAIN_py_10_csv	LARGE_dtc_experiment_code_TRAIN_py_13_csv	0,74590
LARGE_dtc_experiment_code_TRAIN_py_13_csv	LARGE_dtc_experiment_code_TRAIN_py_0_csv	0,74590
LARGE_dtc_experiment_code_TRAIN_py_14_csv	LARGE_dtc_experiment_code_TRAIN_py_15_csv	0,74634
LARGE_dtc_experiment_code_TRAIN_py_15_csv	LARGE_dtc_experiment_code_CONTROL_py_13_csv	0,74634
LARGE_dtc_experiment_code_TRAIN_py_15_csv	LARGE_dtc_experiment_code_CONTROL_py_16_csv	0,74634
LARGE_dtc_experiment_code_CONTROL_py_10_csv	LARGE_dtc_experiment_code_TRAIN_py_15_csv	0,74634
LARGE_dtc_experiment_code_CONTROL_py_15_csv	LARGE_dtc_experiment_code_TRAIN_py_15_csv	0,74634
LARGE_dtc_experiment_code_TRAIN_py_10_csv	LARGE_dtc_experiment_code_TRAIN_py_11_csv	0,74654
LARGE_dtc_experiment_code_TRAIN_py_10_csv	LARGE_dtc_experiment_code_TRAIN_py_15_csv	0,74654
LARGE_dtc_experiment_code_TRAIN_py_10_csv	LARGE_dtc_experiment_code_CONTROL_py_11_csv	0,74654
LARGE_dtc_experiment_code_TRAIN_py_10_csv	LARGE_dtc_experiment_code_CONTROL_py_15_csv	0,74654
LARGE_dtc_experiment_code_TRAIN_py_11_csv	LARGE_dtc_experiment_code_TRAIN_py_10_csv	0,74654
LARGE_dtc_experiment_code_CONTROL_py_13_csv	LARGE_dtc_experiment_code_TRAIN_py_10_csv	0,74654
LARGE_dtc_experiment_code_CONTROL_py_14_csv	LARGE_dtc_experiment_code_TRAIN_py_10_csv	0,74654
LARGE_dtc_experiment_code_CONTROL_py_17_csv	LARGE_dtc_experiment_code_TRAIN_py_10_csv	0,74654
LARGE_dtc_experiment_code_TRAIN_py_0_csv	LARGE_dtc_experiment_code_TRAIN_py_16_csv	0,74678
LARGE_dtc_experiment_code_TRAIN_py_0_csv	LARGE_dtc_experiment_code_TRAIN_py_18_csv	0,74699
LARGE_dtc_experiment_code_TRAIN_py_12_csv	LARGE_dtc_experiment_code_CONTROL_py_15_csv	0,74747
LARGE_dtc_experiment_code_TRAIN_py_11_csv	LARGE_dtc_experiment_code_TRAIN_py_16_csv	0,74775
LARGE_dtc_experiment_code_CONTROL_py_14_csv	LARGE_dtc_experiment_code_TRAIN_py_16_csv	0,74775
LARGE_dtc_experiment_code_CONTROL_py_17_csv	LARGE_dtc_experiment_code_TRAIN_py_16_csv	0,74775
LARGE_dtc_experiment_code_CONTROL_py_0_csv	LARGE_dtc_experiment_code_CONTROL_py_12_csv	0,74874
LARGE_dtc_experiment_code_CONTROL_py_0_csv	LARGE_dtc_experiment_code_CONTROL_py_15_csv	0,74874
LARGE_dtc_experiment_code_TRAIN_py_14_csv	LARGE_dtc_experiment_code_CONTROL_py_18_csv	0,74877
LARGE_dtc_experiment_code_TRAIN_py_0_csv	LARGE_dtc_experiment_code_TRAIN_py_12_csv	0,75107
LARGE_dtc_experiment_code_TRAIN_py_10_csv	LARGE_dtc_experiment_code_TRAIN_py_0_csv	0,75107
LARGE_dtc_experiment_code_TRAIN_py_10_csv	LARGE_dtc_experiment_code_CONTROL_py_12_csv	0,75115
LARGE_dtc_experiment_code_TRAIN_py_14_csv	LARGE_dtc_experiment_code_TRAIN_py_10_csv	0,75115
LARGE_dtc_experiment_code_TRAIN_py_11_csv	LARGE_dtc_experiment_code_TRAIN_py_15_csv	0,75122
LARGE_dtc_experiment_code_TRAIN_py_12_csv	LARGE_dtc_experiment_code_TRAIN_py_15_csv	0,75122
LARGE_dtc_experiment_code_TRAIN_py_15_csv	LARGE_dtc_experiment_code_TRAIN_py_11_csv	0,75122
LARGE_dtc_experiment_code_TRAIN_py_15_csv	LARGE_dtc_experiment_code_CONTROL_py_11_csv	0,75122
LARGE_dtc_experiment_code_TRAIN_py_17_csv	LARGE_dtc_experiment_code_TRAIN_py_11_csv	0,75122
LARGE_dtc_experiment_code_TRAIN_py_17_csv	LARGE_dtc_experiment_code_CONTROL_py_14_csv	0,75122
LARGE_dtc_experiment_code_CONTROL_py_14_csv	LARGE_dtc_experiment_code_TRAIN_py_15_csv	0,75122
LARGE_dtc_experiment_code_CONTROL_py_18_csv	LARGE_dtc_experiment_code_TRAIN_py_15_csv	0,75122
LARGE_dtc_experiment_code_CONTROL_py_10_csv	LARGE_dtc_experiment_code_TRAIN_py_11_csv	0,75124
LARGE_dtc_experiment_code_CONTROL_py_13_csv	LARGE_dtc_experiment_code_TRAIN_py_11_csv	0,75124
LARGE_dtc_experiment_code_CONTROL_py_15_csv	LARGE_dtc_experiment_code_TRAIN_py_11_csv	0,75124
LARGE_dtc_experiment_code_CONTROL_py_18_csv	LARGE_dtc_experiment_code_TRAIN_py_11_csv	0,75124
LARGE_dtc_experiment_code_CONTROL_py_10_csv	LARGE_dtc_experiment_code_CONTROL_py_15_csv	0,75141
LARGE_dtc_experiment_code_TRAIN_py_16_csv	LARGE_dtc_experiment_code_TRAIN_py_11_csv	0,75225
LARGE_dtc_experiment_code_TRAIN_py_16_csv	LARGE_dtc_experiment_code_TRAIN_py_14_csv	0,75225
LARGE_dtc_experiment_code_TRAIN_py_16_csv	LARGE_dtc_experiment_code_CONTROL_py_11_csv	0,75225
LARGE_dtc_experiment_code_TRAIN_py_16_csv	LARGE_dtc_experiment_code_CONTROL_py_16_csv	0,75225
LARGE_dtc_experiment_code_TRAIN_py_17_csv	LARGE_dtc_experiment_code_TRAIN_py_16_csv	0,75225
LARGE_dtc_experiment_code_CONTROL_py_0_csv	LARGE_dtc_experiment_code_TRAIN_py_16_csv	0,75225
LARGE_dtc_experiment_code_CONTROL_py_15_csv	LARGE_dtc_experiment_code_TRAIN_py_12_csv	0,75253
LARGE_dtc_experiment_code_CONTROL_py_16_csv	LARGE_dtc_experiment_code_TRAIN_py_12_csv	0,75253
LARGE_dtc_experiment_code_TRAIN_py_14_csv	LARGE_dtc_experiment_code_CONTROL_py_14_csv	0,75369
LARGE_dtc_experiment_code_CONTROL_py_12_csv	LARGE_dtc_experiment_code_TRAIN_py_14_csv	0,75369
LARGE_dtc_experiment_code_CONTROL_py_18_csv	LARGE_dtc_experiment_code_TRAIN_py_14_csv	0,75369
LARGE_dtc_experiment_code_CONTROL_py_0_csv	LARGE_dtc_experiment_code_CONTROL_py_11_csv	0,75377
LARGE_dtc_experiment_code_TRAIN_py_18_csv	LARGE_dtc_experiment_code_TRAIN_py_0_csv	0,75502
LARGE_dtc_experiment_code_TRAIN_py_18_csv	LARGE_dtc_experiment_code_TRAIN_py_14_csv	0,75502
LARGE_dtc_experiment_code_TRAIN_py_18_csv	LARGE_dtc_experiment_code_CONTROL_py_16_csv	0,75502
LARGE_dtc_experiment_code_TRAIN_py_0_csv	LARGE_dtc_experiment_code_CONTROL_py_17_csv	0,75536
LARGE_dtc_experiment_code_TRAIN_py_11_csv	LARGE_dtc_experiment_code_TRAIN_py_0_csv	0,75536
LARGE_dtc_experiment_code_CONTROL_py_15_csv	LARGE_dtc_experiment_code_TRAIN_py_0_csv	0,75536
LARGE_dtc_experiment_code_TRAIN_py_15_csv	LARGE_dtc_experiment_code_CONTROL_py_14_csv	0,75610
LARGE_dtc_experiment_code_TRAIN_py_15_csv	LARGE_dtc_experiment_code_CONTROL_py_15_csv	0,75610
LARGE_dtc_experiment_code_TRAIN_py_17_csv	LARGE_dtc_experiment_code_TRAIN_py_15_csv	0,75610
LARGE_dtc_experiment_code_TRAIN_py_17_csv	LARGE_dtc_experiment_code_CONTROL_py_13_csv	0,75610
LARGE_dtc_experiment_code_CONTROL_py_11_csv	LARGE_dtc_experiment_code_TRAIN_py_15_csv	0,75610
LARGE_dtc_experiment_code_CONTROL_py_12_csv	LARGE_dtc_experiment_code_TRAIN_py_15_csv	0,75610
LARGE_dtc_experiment_code_CONTROL_py_13_csv	LARGE_dtc_experiment_code_TRAIN_py_15_csv	0,75610
LARGE_dtc_experiment_code_CONTROL_py_16_csv	LARGE_dtc_experiment_code_TRAIN_py_15_csv	0,75610
LARGE_dtc_experiment_code_CONTROL_py_17_csv	LARGE_dtc_experiment_code_TRAIN_py_17_csv	0,75610
LARGE_dtc_experiment_code_TRAIN_py_11_csv	LARGE_dtc_experiment_code_CONTROL_py_18_csv	0,75622
LARGE_dtc_experiment_code_CONTROL_py_12_csv	LARGE_dtc_experiment_code_TRAIN_py_11_csv	0,75622
LARGE_dtc_experiment_code_TRAIN_py_16_csv	LARGE_dtc_experiment_code_CONTROL_py_14_csv	0,75676
LARGE_dtc_experiment_code_CONTROL_py_11_csv	LARGE_dtc_experiment_code_TRAIN_py_16_csv	0,75676
LARGE_dtc_experiment_code_CONTROL_py_13_csv	LARGE_dtc_experiment_code_TRAIN_py_16_csv	0,75676
LARGE_dtc_experiment_code_CONTROL_py_10_csv	LARGE_dtc_experiment_code_TRAIN_py_12_csv	0,75758
LARGE_dtc_experiment_code_TRAIN_py_13_csv	LARGE_dtc_experiment_code_CONTROL_py_0_csv	0,75820
LARGE_dtc_experiment_code_CONTROL_py_0_csv	LARGE_dtc_experiment_code_TRAIN_py_13_csv	0,75820
LARGE_dtc_experiment_code_TRAIN_py_14_csv	LARGE_dtc_experiment_code_CONTROL_py_11_csv	0,75862
LARGE_dtc_experiment_code_CONTROL_py_10_csv	LARGE_dtc_experiment_code_TRAIN_py_14_csv	0,75862
LARGE_dtc_experiment_code_CONTROL_py_0_csv	LARGE_dtc_experiment_code_CONTROL_py_14_csv	0,75879
LARGE_dtc_experiment_code_CONTROL_py_0_csv	LARGE_dtc_experiment_code_CONTROL_py_18_csv	0,75879
LARGE_dtc_experiment_code_TRAIN_py_10_csv	LARGE_dtc_experiment_code_TRAIN_py_18_csv	0,75904
LARGE_dtc_experiment_code_TRAIN_py_18_csv	LARGE_dtc_experiment_code_CONTROL_py_12_csv	0,75904
LARGE_dtc_experiment_code_TRAIN_py_0_csv	LARGE_dtc_experiment_code_TRAIN_py_11_csv	0,75966
LARGE_dtc_experiment_code_TRAIN_py_0_csv	LARGE_dtc_experiment_code_TRAIN_py_14_csv	0,75966
LARGE_dtc_experiment_code_CONTROL_py_14_csv	LARGE_dtc_experiment_code_TRAIN_py_0_csv	0,75966
LARGE_dtc_experiment_code_TRAIN_py_12_csv	LARGE_dtc_experiment_code_TRAIN_py_10_csv	0,76037
LARGE_dtc_experiment_code_TRAIN_py_17_csv	LARGE_dtc_experiment_code_TRAIN_py_10_csv	0,76037
LARGE_dtc_experiment_code_CONTROL_py_11_csv	LARGE_dtc_experiment_code_TRAIN_py_10_csv	0,76037
LARGE_dtc_experiment_code_TRAIN_py_11_csv	LARGE_dtc_experiment_code_TRAIN_py_17_csv	0,76098
LARGE_dtc_experiment_code_TRAIN_py_15_csv	LARGE_dtc_experiment_code_TRAIN_py_14_csv	0,76098
LARGE_dtc_experiment_code_TRAIN_py_15_csv	LARGE_dtc_experiment_code_TRAIN_py_17_csv	0,76098
LARGE_dtc_experiment_code_TRAIN_py_17_csv	LARGE_dtc_experiment_code_CONTROL_py_15_csv	0,76098
LARGE_dtc_experiment_code_CONTROL_py_10_csv	LARGE_dtc_experiment_code_TRAIN_py_17_csv	0,76098
LARGE_dtc_experiment_code_CONTROL_py_16_csv	LARGE_dtc_experiment_code_TRAIN_py_17_csv	0,76098
LARGE_dtc_experiment_code_TRAIN_py_16_csv	LARGE_dtc_experiment_code_CONTROL_py_13_csv	0,76126
LARGE_dtc_experiment_code_TRAIN_py_12_csv	LARGE_dtc_experiment_code_CONTROL_py_18_csv	0,76263
LARGE_dtc_experiment_code_TRAIN_py_12_csv	LARGE_dtc_experiment_code_TRAIN_py_18_csv	0,76305
LARGE_dtc_experiment_code_TRAIN_py_14_csv	LARGE_dtc_experiment_code_TRAIN_py_18_csv	0,76305
LARGE_dtc_experiment_code_TRAIN_py_16_csv	LARGE_dtc_experiment_code_TRAIN_py_18_csv	0,76305
LARGE_dtc_experiment_code_TRAIN_py_18_csv	LARGE_dtc_experiment_code_CONTROL_py_10_csv	0,76305
LARGE_dtc_experiment_code_TRAIN_py_0_csv	LARGE_dtc_experiment_code_CONTROL_py_15_csv	0,76395
LARGE_dtc_experiment_code_TRAIN_py_12_csv	LARGE_dtc_experiment_code_TRAIN_py_0_csv	0,76395
LARGE_dtc_experiment_code_TRAIN_py_15_csv	LARGE_dtc_experiment_code_TRAIN_py_0_csv	0,76395
LARGE_dtc_experiment_code_CONTROL_py_12_csv	LARGE_dtc_experiment_code_TRAIN_py_0_csv	0,76395
LARGE_dtc_experiment_code_CONTROL_py_18_csv	LARGE_dtc_experiment_code_TRAIN_py_0_csv	0,76395
LARGE_dtc_experiment_code_TRAIN_py_10_csv	LARGE_dtc_experiment_code_CONTROL_py_18_csv	0,76498
LARGE_dtc_experiment_code_CONTROL_py_16_csv	LARGE_dtc_experiment_code_TRAIN_py_10_csv	0,76498
LARGE_dtc_experiment_code_TRAIN_py_16_csv	LARGE_dtc_experiment_code_CONTROL_py_17_csv	0,76577
LARGE_dtc_experiment_code_TRAIN_py_16_csv	LARGE_dtc_experiment_code_CONTROL_py_18_csv	0,76577
LARGE_dtc_experiment_code_CONTROL_py_12_csv	LARGE_dtc_experiment_code_TRAIN_py_16_csv	0,76577
LARGE_dtc_experiment_code_CONTROL_py_18_csv	LARGE_dtc_experiment_code_TRAIN_py_16_csv	0,76577
LARGE_dtc_experiment_code_TRAIN_py_14_csv	LARGE_dtc_experiment_code_TRAIN_py_17_csv	0,76585
LARGE_dtc_experiment_code_CONTROL_py_14_csv	LARGE_dtc_experiment_code_TRAIN_py_17_csv	0,76585
LARGE_dtc_experiment_code_CONTROL_py_17_csv	LARGE_dtc_experiment_code_TRAIN_py_15_csv	0,76585
LARGE_dtc_experiment_code_TRAIN_py_11_csv	LARGE_dtc_experiment_code_CONTROL_py_12_csv	0,76617
LARGE_dtc_experiment_code_TRAIN_py_11_csv	LARGE_dtc_experiment_code_CONTROL_py_15_csv	0,76617
LARGE_dtc_experiment_code_TRAIN_py_0_csv	LARGE_dtc_experiment_code_TRAIN_py_13_csv	0,76639
LARGE_dtc_experiment_code_TRAIN_py_12_csv	LARGE_dtc_experiment_code_TRAIN_py_13_csv	0,76639
LARGE_dtc_experiment_code_TRAIN_py_13_csv	LARGE_dtc_experiment_code_TRAIN_py_14_csv	0,76639
LARGE_dtc_experiment_code_TRAIN_py_18_csv	LARGE_dtc_experiment_code_TRAIN_py_12_csv	0,76707
LARGE_dtc_experiment_code_CONTROL_py_11_csv	LARGE_dtc_experiment_code_TRAIN_py_18_csv	0,76707
LARGE_dtc_experiment_code_CONTROL_py_13_csv	LARGE_dtc_experiment_code_TRAIN_py_12_csv	0,76768
LARGE_dtc_experiment_code_TRAIN_py_0_csv	LARGE_dtc_experiment_code_CONTROL_py_14_csv	0,76824
LARGE_dtc_experiment_code_CONTROL_py_10_csv	LARGE_dtc_experiment_code_TRAIN_py_0_csv	0,76824
LARGE_dtc_experiment_code_TRAIN_py_10_csv	LARGE_dtc_experiment_code_TRAIN_py_17_csv	0,76959
LARGE_dtc_experiment_code_CONTROL_py_10_csv	LARGE_dtc_experiment_code_TRAIN_py_16_csv	0,77027
LARGE_dtc_experiment_code_TRAIN_py_13_csv	LARGE_dtc_experiment_code_TRAIN_py_12_csv	0,77049
LARGE_dtc_experiment_code_TRAIN_py_14_csv	LARGE_dtc_experiment_code_TRAIN_py_13_csv	0,77049
LARGE_dtc_experiment_code_TRAIN_py_12_csv	LARGE_dtc_experiment_code_TRAIN_py_17_csv	0,77073
LARGE_dtc_experiment_code_CONTROL_py_0_csv	LARGE_dtc_experiment_code_TRAIN_py_15_csv	0,77073
LARGE_dtc_experiment_code_TRAIN_py_13_csv	LARGE_dtc_experiment_code_TRAIN_py_18_csv	0,77108
LARGE_dtc_experiment_code_TRAIN_py_17_csv	LARGE_dtc_experiment_code_TRAIN_py_18_csv	0,77108
LARGE_dtc_experiment_code_TRAIN_py_18_csv	LARGE_dtc_experiment_code_CONTROL_py_17_csv	0,77108
LARGE_dtc_experiment_code_CONTROL_py_12_csv	LARGE_dtc_experiment_code_TRAIN_py_18_csv	0,77108
LARGE_dtc_experiment_code_CONTROL_py_0_csv	LARGE_dtc_experiment_code_TRAIN_py_11_csv	0,77114
LARGE_dtc_experiment_code_TRAIN_py_0_csv	LARGE_dtc_experiment_code_CONTROL_py_12_csv	0,77253
LARGE_dtc_experiment_code_CONTROL_py_16_csv	LARGE_dtc_experiment_code_TRAIN_py_0_csv	0,77253
LARGE_dtc_experiment_code_CONTROL_py_11_csv	LARGE_dtc_experiment_code_TRAIN_py_14_csv	0,77340
LARGE_dtc_experiment_code_CONTROL_py_10_csv	LARGE_dtc_experiment_code_TRAIN_py_10_csv	0,77419
LARGE_dtc_experiment_code_CONTROL_py_18_csv	LARGE_dtc_experiment_code_TRAIN_py_10_csv	0,77419
LARGE_dtc_experiment_code_TRAIN_py_13_csv	LARGE_dtc_experiment_code_TRAIN_py_15_csv	0,77459
LARGE_dtc_experiment_code_TRAIN_py_13_csv	LARGE_dtc_experiment_code_TRAIN_py_16_csv	0,77459
LARGE_dtc_experiment_code_TRAIN_py_13_csv	LARGE_dtc_experiment_code_CONTROL_py_16_csv	0,77459
LARGE_dtc_experiment_code_TRAIN_py_16_csv	LARGE_dtc_experiment_code_TRAIN_py_13_csv	0,77459
LARGE_dtc_experiment_code_TRAIN_py_11_csv	LARGE_dtc_experiment_code_TRAIN_py_18_csv	0,77510
LARGE_dtc_experiment_code_TRAIN_py_18_csv	LARGE_dtc_experiment_code_TRAIN_py_15_csv	0,77510
LARGE_dtc_experiment_code_TRAIN_py_15_csv	LARGE_dtc_experiment_code_CONTROL_py_18_csv	0,77561
LARGE_dtc_experiment_code_TRAIN_py_17_csv	LARGE_dtc_experiment_code_CONTROL_py_18_csv	0,77561
LARGE_dtc_experiment_code_CONTROL_py_11_csv	LARGE_dtc_experiment_code_TRAIN_py_17_csv	0,77561
LARGE_dtc_experiment_code_CONTROL_py_15_csv	LARGE_dtc_experiment_code_TRAIN_py_17_csv	0,77561
LARGE_dtc_experiment_code_CONTROL_py_18_csv	LARGE_dtc_experiment_code_TRAIN_py_17_csv	0,77561
LARGE_dtc_experiment_code_TRAIN_py_0_csv	LARGE_dtc_experiment_code_CONTROL_py_13_csv	0,77682
LARGE_dtc_experiment_code_TRAIN_py_0_csv	LARGE_dtc_experiment_code_CONTROL_py_18_csv	0,77682
LARGE_dtc_experiment_code_TRAIN_py_14_csv	LARGE_dtc_experiment_code_TRAIN_py_0_csv	0,77682
LARGE_dtc_experiment_code_TRAIN_py_17_csv	LARGE_dtc_experiment_code_TRAIN_py_0_csv	0,77682
LARGE_dtc_experiment_code_CONTROL_py_17_csv	LARGE_dtc_experiment_code_TRAIN_py_0_csv	0,77682
LARGE_dtc_experiment_code_TRAIN_py_11_csv	LARGE_dtc_experiment_code_TRAIN_py_13_csv	0,77869
LARGE_dtc_experiment_code_CONTROL_py_11_csv	LARGE_dtc_experiment_code_TRAIN_py_13_csv	0,77869
LARGE_dtc_experiment_code_CONTROL_py_14_csv	LARGE_dtc_experiment_code_TRAIN_py_13_csv	0,77869
LARGE_dtc_experiment_code_CONTROL_py_0_csv	LARGE_dtc_experiment_code_TRAIN_py_10_csv	0,77880
LARGE_dtc_experiment_code_TRAIN_py_18_csv	LARGE_dtc_experiment_code_TRAIN_py_13_csv	0,77912
LARGE_dtc_experiment_code_TRAIN_py_18_csv	LARGE_dtc_experiment_code_CONTROL_py_0_csv	0,77912
LARGE_dtc_experiment_code_TRAIN_py_18_csv	LARGE_dtc_experiment_code_CONTROL_py_14_csv	0,77912
LARGE_dtc_experiment_code_TRAIN_py_18_csv	LARGE_dtc_experiment_code_CONTROL_py_15_csv	0,77912
LARGE_dtc_experiment_code_CONTROL_py_10_csv	LARGE_dtc_experiment_code_TRAIN_py_18_csv	0,77912
LARGE_dtc_experiment_code_CONTROL_py_14_csv	LARGE_dtc_experiment_code_TRAIN_py_18_csv	0,77912
LARGE_dtc_experiment_code_CONTROL_py_17_csv	LARGE_dtc_experiment_code_TRAIN_py_18_csv	0,77912
LARGE_dtc_experiment_code_TRAIN_py_0_csv	LARGE_dtc_experiment_code_TRAIN_py_15_csv	0,78112
LARGE_dtc_experiment_code_TRAIN_py_0_csv	LARGE_dtc_experiment_code_TRAIN_py_17_csv	0,78112
LARGE_dtc_experiment_code_TRAIN_py_13_csv	LARGE_dtc_experiment_code_CONTROL_py_10_csv	0,78279
LARGE_dtc_experiment_code_TRAIN_py_13_csv	LARGE_dtc_experiment_code_CONTROL_py_11_csv	0,78279
LARGE_dtc_experiment_code_TRAIN_py_15_csv	LARGE_dtc_experiment_code_TRAIN_py_13_csv	0,78279
LARGE_dtc_experiment_code_TRAIN_py_17_csv	LARGE_dtc_experiment_code_TRAIN_py_13_csv	0,78279
LARGE_dtc_experiment_code_CONTROL_py_13_csv	LARGE_dtc_experiment_code_TRAIN_py_13_csv	0,78279
LARGE_dtc_experiment_code_CONTROL_py_16_csv	LARGE_dtc_experiment_code_TRAIN_py_13_csv	0,78279
LARGE_dtc_experiment_code_CONTROL_py_18_csv	LARGE_dtc_experiment_code_TRAIN_py_13_csv	0,78279
LARGE_dtc_experiment_code_TRAIN_py_15_csv	LARGE_dtc_experiment_code_TRAIN_py_18_csv	0,78313
LARGE_dtc_experiment_code_TRAIN_py_18_csv	LARGE_dtc_experiment_code_TRAIN_py_11_csv	0,78313
LARGE_dtc_experiment_code_CONTROL_py_13_csv	LARGE_dtc_experiment_code_TRAIN_py_18_csv	0,78313
LARGE_dtc_experiment_code_CONTROL_py_15_csv	LARGE_dtc_experiment_code_TRAIN_py_18_csv	0,78313
LARGE_dtc_experiment_code_CONTROL_py_12_csv	LARGE_dtc_experiment_code_TRAIN_py_10_csv	0,78341
LARGE_dtc_experiment_code_TRAIN_py_16_csv	LARGE_dtc_experiment_code_TRAIN_py_17_csv	0,78378
LARGE_dtc_experiment_code_TRAIN_py_16_csv	LARGE_dtc_experiment_code_CONTROL_py_15_csv	0,78378
LARGE_dtc_experiment_code_CONTROL_py_15_csv	LARGE_dtc_experiment_code_TRAIN_py_16_csv	0,78378
LARGE_dtc_experiment_code_CONTROL_py_12_csv	LARGE_dtc_experiment_code_TRAIN_py_17_csv	0,78537
LARGE_dtc_experiment_code_CONTROL_py_13_csv	LARGE_dtc_experiment_code_TRAIN_py_17_csv	0,78537
LARGE_dtc_experiment_code_TRAIN_py_13_csv	LARGE_dtc_experiment_code_CONTROL_py_14_csv	0,78689
LARGE_dtc_experiment_code_TRAIN_py_18_csv	LARGE_dtc_experiment_code_CONTROL_py_11_csv	0,78715
LARGE_dtc_experiment_code_TRAIN_py_18_csv	LARGE_dtc_experiment_code_CONTROL_py_13_csv	0,78715
LARGE_dtc_experiment_code_CONTROL_py_13_csv	LARGE_dtc_experiment_code_TRAIN_py_0_csv	0,78970
LARGE_dtc_experiment_code_CONTROL_py_0_csv	LARGE_dtc_experiment_code_TRAIN_py_17_csv	0,79024
LARGE_dtc_experiment_code_TRAIN_py_13_csv	LARGE_dtc_experiment_code_TRAIN_py_11_csv	0,79098
LARGE_dtc_experiment_code_TRAIN_py_13_csv	LARGE_dtc_experiment_code_CONTROL_py_17_csv	0,79098
LARGE_dtc_experiment_code_CONTROL_py_12_csv	LARGE_dtc_experiment_code_TRAIN_py_13_csv	0,79098
LARGE_dtc_experiment_code_TRAIN_py_18_csv	LARGE_dtc_experiment_code_TRAIN_py_17_csv	0,79116
LARGE_dtc_experiment_code_CONTROL_py_16_csv	LARGE_dtc_experiment_code_TRAIN_py_18_csv	0,79116
LARGE_dtc_experiment_code_TRAIN_py_13_csv	LARGE_dtc_experiment_code_CONTROL_py_13_csv	0,79508
LARGE_dtc_experiment_code_CONTROL_py_10_csv	LARGE_dtc_experiment_code_TRAIN_py_13_csv	0,79508
LARGE_dtc_experiment_code_CONTROL_py_18_csv	LARGE_dtc_experiment_code_TRAIN_py_18_csv	0,79518
LARGE_dtc_experiment_code_CONTROL_py_15_csv	LARGE_dtc_experiment_code_TRAIN_py_10_csv	0,79724
LARGE_dtc_experiment_code_TRAIN_py_13_csv	LARGE_dtc_experiment_code_TRAIN_py_10_csv	0,79918
LARGE_dtc_experiment_code_TRAIN_py_13_csv	LARGE_dtc_experiment_code_CONTROL_py_12_csv	0,79918
LARGE_dtc_experiment_code_CONTROL_py_0_csv	LARGE_dtc_experiment_code_TRAIN_py_18_csv	0,79920
LARGE_dtc_experiment_code_TRAIN_py_18_csv	LARGE_dtc_experiment_code_CONTROL_py_18_csv	0,80321
LARGE_dtc_experiment_code_TRAIN_py_13_csv	LARGE_dtc_experiment_code_TRAIN_py_17_csv	0,80328
LARGE_dtc_experiment_code_CONTROL_py_17_csv	LARGE_dtc_experiment_code_TRAIN_py_13_csv	0,80328
LARGE_dtc_experiment_code_CONTROL_py_15_csv	LARGE_dtc_experiment_code_TRAIN_py_13_csv	0,80738
LARGE_dtc_experiment_code_TRAIN_py_13_csv	LARGE_dtc_experiment_code_CONTROL_py_18_csv	0,81148
LARGE_dtc_experiment_code_TRAIN_py_13_csv	LARGE_dtc_experiment_code_CONTROL_py_15_csv	0,81967
