LARGE_dtc_experiment_code_PROCESS_py_13_csv	LARGE_dtc_experiment_code_PROCESS_py_13_csv	0,04889
LARGE_dtc_experiment_code_CONTROL_py_15_csv	LARGE_dtc_experiment_code_CONTROL_py_15_csv	0,04938
LARGE_dtc_experiment_code_CONTROL_py_10_csv	LARGE_dtc_experiment_code_CONTROL_py_10_csv	0,05085
LARGE_dtc_experiment_code_PROCESS_py_12_csv	LARGE_dtc_experiment_code_PROCESS_py_12_csv	0,05217
LARGE_dtc_experiment_code_PROCESS_py_15_csv	LARGE_dtc_experiment_code_PROCESS_py_15_csv	0,05405
LARGE_dtc_experiment_code_CONTROL_py_12_csv	LARGE_dtc_experiment_code_CONTROL_py_12_csv	0,05422
LARGE_dtc_experiment_code_CONTROL_py_14_csv	LARGE_dtc_experiment_code_CONTROL_py_14_csv	0,05422
LARGE_dtc_experiment_code_CONTROL_py_17_csv	LARGE_dtc_experiment_code_CONTROL_py_17_csv	0,05422
LARGE_dtc_experiment_code_PROCESS_py_14_csv	LARGE_dtc_experiment_code_PROCESS_py_14_csv	0,05581
LARGE_dtc_experiment_code_CONTROL_py_11_csv	LARGE_dtc_experiment_code_CONTROL_py_11_csv	0,05650
LARGE_dtc_experiment_code_PROCESS_py_11_csv	LARGE_dtc_experiment_code_PROCESS_py_11_csv	0,05687
LARGE_dtc_experiment_code_PROCESS_py_0_csv	LARGE_dtc_experiment_code_PROCESS_py_0_csv	0,05752
LARGE_dtc_experiment_code_PROCESS_py_10_csv	LARGE_dtc_experiment_code_PROCESS_py_10_csv	0,05778
LARGE_dtc_experiment_code_PROCESS_py_17_csv	LARGE_dtc_experiment_code_PROCESS_py_17_csv	0,05778
LARGE_dtc_experiment_code_CONTROL_py_16_csv	LARGE_dtc_experiment_code_CONTROL_py_16_csv	0,05952
LARGE_dtc_experiment_code_CONTROL_py_0_csv	LARGE_dtc_experiment_code_CONTROL_py_0_csv	0,06030
LARGE_dtc_experiment_code_PROCESS_py_18_csv	LARGE_dtc_experiment_code_PROCESS_py_18_csv	0,06103
LARGE_dtc_experiment_code_PROCESS_py_16_csv	LARGE_dtc_experiment_code_PROCESS_py_16_csv	0,06132
LARGE_dtc_experiment_code_CONTROL_py_18_csv	LARGE_dtc_experiment_code_CONTROL_py_18_csv	0,06452
LARGE_dtc_experiment_code_CONTROL_py_13_csv	LARGE_dtc_experiment_code_CONTROL_py_13_csv	0,06587
LARGE_dtc_experiment_code_CONTROL_py_11_csv	LARGE_dtc_experiment_code_CONTROL_py_10_csv	0,63842
LARGE_dtc_experiment_code_CONTROL_py_12_csv	LARGE_dtc_experiment_code_CONTROL_py_14_csv	0,65663
LARGE_dtc_experiment_code_CONTROL_py_16_csv	LARGE_dtc_experiment_code_CONTROL_py_13_csv	0,66667
LARGE_dtc_experiment_code_CONTROL_py_15_csv	LARGE_dtc_experiment_code_CONTROL_py_17_csv	0,66867
LARGE_dtc_experiment_code_CONTROL_py_13_csv	LARGE_dtc_experiment_code_CONTROL_py_17_csv	0,67066
LARGE_dtc_experiment_code_CONTROL_py_14_csv	LARGE_dtc_experiment_code_CONTROL_py_13_csv	0,67066
LARGE_dtc_experiment_code_CONTROL_py_17_csv	LARGE_dtc_experiment_code_CONTROL_py_13_csv	0,67066
LARGE_dtc_experiment_code_CONTROL_py_16_csv	LARGE_dtc_experiment_code_CONTROL_py_10_csv	0,67797
LARGE_dtc_experiment_code_CONTROL_py_16_csv	LARGE_dtc_experiment_code_CONTROL_py_14_csv	0,67857
LARGE_dtc_experiment_code_CONTROL_py_16_csv	LARGE_dtc_experiment_code_CONTROL_py_17_csv	0,67857
LARGE_dtc_experiment_code_CONTROL_py_18_csv	LARGE_dtc_experiment_code_CONTROL_py_16_csv	0,67857
LARGE_dtc_experiment_code_CONTROL_py_15_csv	LARGE_dtc_experiment_code_CONTROL_py_12_csv	0,68072
LARGE_dtc_experiment_code_CONTROL_py_14_csv	LARGE_dtc_experiment_code_CONTROL_py_11_csv	0,68362
LARGE_dtc_experiment_code_CONTROL_py_15_csv	LARGE_dtc_experiment_code_CONTROL_py_11_csv	0,68362
LARGE_dtc_experiment_code_CONTROL_py_17_csv	LARGE_dtc_experiment_code_CONTROL_py_10_csv	0,68362
LARGE_dtc_experiment_code_CONTROL_py_16_csv	LARGE_dtc_experiment_code_CONTROL_py_12_csv	0,68452
LARGE_dtc_experiment_code_CONTROL_py_16_csv	LARGE_dtc_experiment_code_CONTROL_py_15_csv	0,68452
LARGE_dtc_experiment_code_CONTROL_py_16_csv	LARGE_dtc_experiment_code_CONTROL_py_18_csv	0,68452
LARGE_dtc_experiment_code_CONTROL_py_17_csv	LARGE_dtc_experiment_code_CONTROL_py_16_csv	0,68452
LARGE_dtc_experiment_code_CONTROL_py_15_csv	LARGE_dtc_experiment_code_CONTROL_py_14_csv	0,68675
LARGE_dtc_experiment_code_CONTROL_py_17_csv	LARGE_dtc_experiment_code_CONTROL_py_14_csv	0,68675
LARGE_dtc_experiment_code_CONTROL_py_15_csv	LARGE_dtc_experiment_code_CONTROL_py_13_csv	0,68862
LARGE_dtc_experiment_code_CONTROL_py_11_csv	LARGE_dtc_experiment_code_CONTROL_py_17_csv	0,68927
LARGE_dtc_experiment_code_CONTROL_py_18_csv	LARGE_dtc_experiment_code_CONTROL_py_10_csv	0,68927
LARGE_dtc_experiment_code_CONTROL_py_12_csv	LARGE_dtc_experiment_code_CONTROL_py_16_csv	0,69048
LARGE_dtc_experiment_code_CONTROL_py_15_csv	LARGE_dtc_experiment_code_CONTROL_py_18_csv	0,69136
LARGE_dtc_experiment_code_CONTROL_py_14_csv	LARGE_dtc_experiment_code_CONTROL_py_17_csv	0,69277
LARGE_dtc_experiment_code_CONTROL_py_17_csv	LARGE_dtc_experiment_code_CONTROL_py_12_csv	0,69277
LARGE_dtc_experiment_code_CONTROL_py_17_csv	LARGE_dtc_experiment_code_CONTROL_py_18_csv	0,69277
LARGE_dtc_experiment_code_CONTROL_py_17_csv	LARGE_dtc_experiment_code_CONTROL_py_0_csv	0,69347
LARGE_dtc_experiment_code_CONTROL_py_13_csv	LARGE_dtc_experiment_code_CONTROL_py_12_csv	0,69461
LARGE_dtc_experiment_code_PROCESS_py_11_csv	LARGE_dtc_experiment_code_PROCESS_py_0_csv	0,69469
LARGE_dtc_experiment_code_CONTROL_py_11_csv	LARGE_dtc_experiment_code_CONTROL_py_12_csv	0,69492
LARGE_dtc_experiment_code_CONTROL_py_12_csv	LARGE_dtc_experiment_code_CONTROL_py_11_csv	0,69492
LARGE_dtc_experiment_code_CONTROL_py_15_csv	LARGE_dtc_experiment_code_CONTROL_py_16_csv	0,69643
LARGE_dtc_experiment_code_CONTROL_py_18_csv	LARGE_dtc_experiment_code_CONTROL_py_14_csv	0,69880
LARGE_dtc_experiment_code_CONTROL_py_18_csv	LARGE_dtc_experiment_code_CONTROL_py_17_csv	0,69880
LARGE_dtc_experiment_code_PROCESS_py_15_csv	LARGE_dtc_experiment_code_PROCESS_py_12_csv	0,70000
LARGE_dtc_experiment_code_CONTROL_py_10_csv	LARGE_dtc_experiment_code_CONTROL_py_11_csv	0,70056
LARGE_dtc_experiment_code_CONTROL_py_10_csv	LARGE_dtc_experiment_code_CONTROL_py_12_csv	0,70056
LARGE_dtc_experiment_code_CONTROL_py_10_csv	LARGE_dtc_experiment_code_CONTROL_py_14_csv	0,70056
LARGE_dtc_experiment_code_CONTROL_py_11_csv	LARGE_dtc_experiment_code_CONTROL_py_13_csv	0,70056
LARGE_dtc_experiment_code_CONTROL_py_15_csv	LARGE_dtc_experiment_code_CONTROL_py_10_csv	0,70056
LARGE_dtc_experiment_code_CONTROL_py_13_csv	LARGE_dtc_experiment_code_CONTROL_py_14_csv	0,70060
LARGE_dtc_experiment_code_CONTROL_py_18_csv	LARGE_dtc_experiment_code_CONTROL_py_13_csv	0,70060
LARGE_dtc_experiment_code_CONTROL_py_13_csv	LARGE_dtc_experiment_code_CONTROL_py_16_csv	0,70238
LARGE_dtc_experiment_code_CONTROL_py_15_csv	LARGE_dtc_experiment_code_CONTROL_py_0_csv	0,70352
LARGE_dtc_experiment_code_PROCESS_py_10_csv	LARGE_dtc_experiment_code_PROCESS_py_0_csv	0,70354
LARGE_dtc_experiment_code_CONTROL_py_18_csv	LARGE_dtc_experiment_code_CONTROL_py_15_csv	0,70370
LARGE_dtc_experiment_code_CONTROL_py_11_csv	LARGE_dtc_experiment_code_CONTROL_py_14_csv	0,70621
LARGE_dtc_experiment_code_PROCESS_py_11_csv	LARGE_dtc_experiment_code_PROCESS_py_14_csv	0,70698
LARGE_dtc_experiment_code_PROCESS_py_11_csv	LARGE_dtc_experiment_code_PROCESS_py_16_csv	0,70755
LARGE_dtc_experiment_code_PROCESS_py_15_csv	LARGE_dtc_experiment_code_PROCESS_py_0_csv	0,70796
LARGE_dtc_experiment_code_PROCESS_py_18_csv	LARGE_dtc_experiment_code_PROCESS_py_16_csv	0,70892
LARGE_dtc_experiment_code_CONTROL_py_12_csv	LARGE_dtc_experiment_code_CONTROL_py_17_csv	0,71084
LARGE_dtc_experiment_code_CONTROL_py_14_csv	LARGE_dtc_experiment_code_CONTROL_py_12_csv	0,71084
LARGE_dtc_experiment_code_CONTROL_py_18_csv	LARGE_dtc_experiment_code_CONTROL_py_12_csv	0,71084
LARGE_dtc_experiment_code_PROCESS_py_15_csv	LARGE_dtc_experiment_code_PROCESS_py_16_csv	0,71171
LARGE_dtc_experiment_code_PROCESS_py_15_csv	LARGE_dtc_experiment_code_PROCESS_py_18_csv	0,71171
LARGE_dtc_experiment_code_CONTROL_py_10_csv	LARGE_dtc_experiment_code_CONTROL_py_16_csv	0,71186
LARGE_dtc_experiment_code_CONTROL_py_12_csv	LARGE_dtc_experiment_code_CONTROL_py_10_csv	0,71186
LARGE_dtc_experiment_code_CONTROL_py_14_csv	LARGE_dtc_experiment_code_CONTROL_py_10_csv	0,71186
LARGE_dtc_experiment_code_CONTROL_py_16_csv	LARGE_dtc_experiment_code_CONTROL_py_11_csv	0,71186
LARGE_dtc_experiment_code_CONTROL_py_17_csv	LARGE_dtc_experiment_code_CONTROL_py_11_csv	0,71186
LARGE_dtc_experiment_code_CONTROL_py_13_csv	LARGE_dtc_experiment_code_CONTROL_py_15_csv	0,71257
LARGE_dtc_experiment_code_PROCESS_py_16_csv	LARGE_dtc_experiment_code_PROCESS_py_18_csv	0,71362
LARGE_dtc_experiment_code_PROCESS_py_17_csv	LARGE_dtc_experiment_code_PROCESS_py_14_csv	0,71556
LARGE_dtc_experiment_code_PROCESS_py_16_csv	LARGE_dtc_experiment_code_PROCESS_py_14_csv	0,71628
LARGE_dtc_experiment_code_PROCESS_py_13_csv	LARGE_dtc_experiment_code_PROCESS_py_0_csv	0,71681
LARGE_dtc_experiment_code_CONTROL_py_12_csv	LARGE_dtc_experiment_code_CONTROL_py_18_csv	0,71687
LARGE_dtc_experiment_code_CONTROL_py_14_csv	LARGE_dtc_experiment_code_CONTROL_py_18_csv	0,71687
LARGE_dtc_experiment_code_CONTROL_py_17_csv	LARGE_dtc_experiment_code_CONTROL_py_15_csv	0,71687
LARGE_dtc_experiment_code_PROCESS_py_12_csv	LARGE_dtc_experiment_code_PROCESS_py_0_csv	0,71739
LARGE_dtc_experiment_code_CONTROL_py_10_csv	LARGE_dtc_experiment_code_CONTROL_py_13_csv	0,71751
LARGE_dtc_experiment_code_CONTROL_py_10_csv	LARGE_dtc_experiment_code_CONTROL_py_17_csv	0,71751
LARGE_dtc_experiment_code_CONTROL_py_13_csv	LARGE_dtc_experiment_code_CONTROL_py_10_csv	0,71751
LARGE_dtc_experiment_code_CONTROL_py_13_csv	LARGE_dtc_experiment_code_CONTROL_py_11_csv	0,71751
LARGE_dtc_experiment_code_CONTROL_py_18_csv	LARGE_dtc_experiment_code_CONTROL_py_11_csv	0,71751
LARGE_dtc_experiment_code_CONTROL_py_13_csv	LARGE_dtc_experiment_code_CONTROL_py_18_csv	0,71856
LARGE_dtc_experiment_code_CONTROL_py_0_csv	LARGE_dtc_experiment_code_CONTROL_py_10_csv	0,71859
LARGE_dtc_experiment_code_CONTROL_py_11_csv	LARGE_dtc_experiment_code_CONTROL_py_0_csv	0,71859
LARGE_dtc_experiment_code_CONTROL_py_12_csv	LARGE_dtc_experiment_code_CONTROL_py_0_csv	0,71859
LARGE_dtc_experiment_code_CONTROL_py_14_csv	LARGE_dtc_experiment_code_CONTROL_py_0_csv	0,71859
LARGE_dtc_experiment_code_CONTROL_py_16_csv	LARGE_dtc_experiment_code_CONTROL_py_0_csv	0,71859
LARGE_dtc_experiment_code_PROCESS_py_17_csv	LARGE_dtc_experiment_code_PROCESS_py_11_csv	0,72000
LARGE_dtc_experiment_code_PROCESS_py_17_csv	LARGE_dtc_experiment_code_PROCESS_py_13_csv	0,72000
LARGE_dtc_experiment_code_CONTROL_py_14_csv	LARGE_dtc_experiment_code_CONTROL_py_16_csv	0,72024
LARGE_dtc_experiment_code_PROCESS_py_11_csv	LARGE_dtc_experiment_code_PROCESS_py_15_csv	0,72072
LARGE_dtc_experiment_code_PROCESS_py_15_csv	LARGE_dtc_experiment_code_PROCESS_py_14_csv	0,72072
LARGE_dtc_experiment_code_PROCESS_py_14_csv	LARGE_dtc_experiment_code_PROCESS_py_11_csv	0,72093
LARGE_dtc_experiment_code_PROCESS_py_18_csv	LARGE_dtc_experiment_code_PROCESS_py_14_csv	0,72093
LARGE_dtc_experiment_code_PROCESS_py_0_csv	LARGE_dtc_experiment_code_PROCESS_py_16_csv	0,72124
LARGE_dtc_experiment_code_PROCESS_py_0_csv	LARGE_dtc_experiment_code_PROCESS_py_18_csv	0,72124
LARGE_dtc_experiment_code_PROCESS_py_16_csv	LARGE_dtc_experiment_code_PROCESS_py_0_csv	0,72124
LARGE_dtc_experiment_code_CONTROL_py_16_csv	LARGE_dtc_experiment_code_PROCESS_py_16_csv	0,72170
LARGE_dtc_experiment_code_PROCESS_py_12_csv	LARGE_dtc_experiment_code_PROCESS_py_15_csv	0,72174
LARGE_dtc_experiment_code_CONTROL_py_14_csv	LARGE_dtc_experiment_code_CONTROL_py_15_csv	0,72289
LARGE_dtc_experiment_code_CONTROL_py_10_csv	LARGE_dtc_experiment_code_CONTROL_py_18_csv	0,72316
LARGE_dtc_experiment_code_CONTROL_py_13_csv	LARGE_dtc_experiment_code_CONTROL_py_0_csv	0,72362
LARGE_dtc_experiment_code_CONTROL_py_18_csv	LARGE_dtc_experiment_code_CONTROL_py_0_csv	0,72362
LARGE_dtc_experiment_code_PROCESS_py_10_csv	LARGE_dtc_experiment_code_PROCESS_py_16_csv	0,72444
LARGE_dtc_experiment_code_PROCESS_py_11_csv	LARGE_dtc_experiment_code_PROCESS_py_17_csv	0,72444
LARGE_dtc_experiment_code_PROCESS_py_16_csv	LARGE_dtc_experiment_code_PROCESS_py_10_csv	0,72444
LARGE_dtc_experiment_code_CONTROL_py_12_csv	LARGE_dtc_experiment_code_CONTROL_py_13_csv	0,72455
LARGE_dtc_experiment_code_PROCESS_py_15_csv	LARGE_dtc_experiment_code_PROCESS_py_11_csv	0,72523
LARGE_dtc_experiment_code_PROCESS_py_14_csv	LARGE_dtc_experiment_code_PROCESS_py_16_csv	0,72558
LARGE_dtc_experiment_code_PROCESS_py_14_csv	LARGE_dtc_experiment_code_CONTROL_py_10_csv	0,72558
LARGE_dtc_experiment_code_CONTROL_py_14_csv	LARGE_dtc_experiment_code_PROCESS_py_14_csv	0,72558
LARGE_dtc_experiment_code_CONTROL_py_16_csv	LARGE_dtc_experiment_code_PROCESS_py_14_csv	0,72558
LARGE_dtc_experiment_code_PROCESS_py_0_csv	LARGE_dtc_experiment_code_PROCESS_py_10_csv	0,72566
LARGE_dtc_experiment_code_PROCESS_py_0_csv	LARGE_dtc_experiment_code_PROCESS_py_11_csv	0,72566
LARGE_dtc_experiment_code_PROCESS_py_0_csv	LARGE_dtc_experiment_code_PROCESS_py_17_csv	0,72566
LARGE_dtc_experiment_code_PROCESS_py_14_csv	LARGE_dtc_experiment_code_PROCESS_py_0_csv	0,72566
LARGE_dtc_experiment_code_PROCESS_py_17_csv	LARGE_dtc_experiment_code_PROCESS_py_0_csv	0,72566
LARGE_dtc_experiment_code_PROCESS_py_18_csv	LARGE_dtc_experiment_code_PROCESS_py_0_csv	0,72566
LARGE_dtc_experiment_code_PROCESS_py_12_csv	LARGE_dtc_experiment_code_PROCESS_py_16_csv	0,72609
LARGE_dtc_experiment_code_PROCESS_py_17_csv	LARGE_dtc_experiment_code_PROCESS_py_12_csv	0,72609
LARGE_dtc_experiment_code_CONTROL_py_16_csv	LARGE_dtc_experiment_code_PROCESS_py_18_csv	0,72770
LARGE_dtc_experiment_code_CONTROL_py_0_csv	LARGE_dtc_experiment_code_CONTROL_py_16_csv	0,72864
LARGE_dtc_experiment_code_CONTROL_py_0_csv	LARGE_dtc_experiment_code_CONTROL_py_17_csv	0,72864
LARGE_dtc_experiment_code_PROCESS_py_10_csv	LARGE_dtc_experiment_code_PROCESS_py_18_csv	0,72889
LARGE_dtc_experiment_code_PROCESS_py_13_csv	LARGE_dtc_experiment_code_PROCESS_py_14_csv	0,72889
LARGE_dtc_experiment_code_CONTROL_py_12_csv	LARGE_dtc_experiment_code_CONTROL_py_15_csv	0,72892
LARGE_dtc_experiment_code_PROCESS_py_14_csv	LARGE_dtc_experiment_code_PROCESS_py_15_csv	0,72973
LARGE_dtc_experiment_code_PROCESS_py_15_csv	LARGE_dtc_experiment_code_CONTROL_py_10_csv	0,72973
LARGE_dtc_experiment_code_PROCESS_py_11_csv	LARGE_dtc_experiment_code_CONTROL_py_10_csv	0,72986
LARGE_dtc_experiment_code_PROCESS_py_16_csv	LARGE_dtc_experiment_code_CONTROL_py_10_csv	0,73113
LARGE_dtc_experiment_code_PROCESS_py_11_csv	LARGE_dtc_experiment_code_PROCESS_py_18_csv	0,73239
LARGE_dtc_experiment_code_PROCESS_py_13_csv	LARGE_dtc_experiment_code_PROCESS_py_11_csv	0,73333
LARGE_dtc_experiment_code_PROCESS_py_13_csv	LARGE_dtc_experiment_code_CONTROL_py_10_csv	0,73333
LARGE_dtc_experiment_code_PROCESS_py_15_csv	LARGE_dtc_experiment_code_PROCESS_py_17_csv	0,73333
LARGE_dtc_experiment_code_CONTROL_py_16_csv	LARGE_dtc_experiment_code_PROCESS_py_17_csv	0,73333
LARGE_dtc_experiment_code_PROCESS_py_15_csv	LARGE_dtc_experiment_code_CONTROL_py_0_csv	0,73423
LARGE_dtc_experiment_code_PROCESS_py_18_csv	LARGE_dtc_experiment_code_PROCESS_py_15_csv	0,73423
LARGE_dtc_experiment_code_CONTROL_py_11_csv	LARGE_dtc_experiment_code_CONTROL_py_15_csv	0,73446
LARGE_dtc_experiment_code_PROCESS_py_0_csv	LARGE_dtc_experiment_code_PROCESS_py_14_csv	0,73451
LARGE_dtc_experiment_code_PROCESS_py_0_csv	LARGE_dtc_experiment_code_CONTROL_py_12_csv	0,73451
LARGE_dtc_experiment_code_PROCESS_py_11_csv	LARGE_dtc_experiment_code_CONTROL_py_0_csv	0,73460
LARGE_dtc_experiment_code_PROCESS_py_11_csv	LARGE_dtc_experiment_code_CONTROL_py_12_csv	0,73460
LARGE_dtc_experiment_code_PROCESS_py_11_csv	LARGE_dtc_experiment_code_PROCESS_py_12_csv	0,73478
LARGE_dtc_experiment_code_PROCESS_py_12_csv	LARGE_dtc_experiment_code_PROCESS_py_11_csv	0,73478
LARGE_dtc_experiment_code_PROCESS_py_14_csv	LARGE_dtc_experiment_code_CONTROL_py_13_csv	0,73488
LARGE_dtc_experiment_code_PROCESS_py_16_csv	LARGE_dtc_experiment_code_CONTROL_py_17_csv	0,73585
LARGE_dtc_experiment_code_PROCESS_py_18_csv	LARGE_dtc_experiment_code_CONTROL_py_10_csv	0,73709
LARGE_dtc_experiment_code_CONTROL_py_11_csv	LARGE_dtc_experiment_code_PROCESS_py_18_csv	0,73709
LARGE_dtc_experiment_code_PROCESS_py_13_csv	LARGE_dtc_experiment_code_PROCESS_py_17_csv	0,73778
LARGE_dtc_experiment_code_PROCESS_py_14_csv	LARGE_dtc_experiment_code_PROCESS_py_13_csv	0,73778
LARGE_dtc_experiment_code_PROCESS_py_17_csv	LARGE_dtc_experiment_code_PROCESS_py_15_csv	0,73778
LARGE_dtc_experiment_code_CONTROL_py_0_csv	LARGE_dtc_experiment_code_CONTROL_py_13_csv	0,73869
LARGE_dtc_experiment_code_CONTROL_py_10_csv	LARGE_dtc_experiment_code_CONTROL_py_0_csv	0,73869
LARGE_dtc_experiment_code_PROCESS_py_0_csv	LARGE_dtc_experiment_code_PROCESS_py_13_csv	0,73894
LARGE_dtc_experiment_code_PROCESS_py_0_csv	LARGE_dtc_experiment_code_PROCESS_py_15_csv	0,73894
LARGE_dtc_experiment_code_PROCESS_py_0_csv	LARGE_dtc_experiment_code_PROCESS_py_12_csv	0,73913
LARGE_dtc_experiment_code_PROCESS_py_12_csv	LARGE_dtc_experiment_code_PROCESS_py_17_csv	0,73913
LARGE_dtc_experiment_code_PROCESS_py_14_csv	LARGE_dtc_experiment_code_CONTROL_py_0_csv	0,73953
LARGE_dtc_experiment_code_CONTROL_py_11_csv	LARGE_dtc_experiment_code_CONTROL_py_16_csv	0,74011
LARGE_dtc_experiment_code_PROCESS_py_16_csv	LARGE_dtc_experiment_code_CONTROL_py_16_csv	0,74057
LARGE_dtc_experiment_code_CONTROL_py_0_csv	LARGE_dtc_experiment_code_PROCESS_py_16_csv	0,74057
LARGE_dtc_experiment_code_CONTROL_py_14_csv	LARGE_dtc_experiment_code_PROCESS_py_18_csv	0,74178
LARGE_dtc_experiment_code_CONTROL_py_18_csv	LARGE_dtc_experiment_code_PROCESS_py_18_csv	0,74178
LARGE_dtc_experiment_code_PROCESS_py_10_csv	LARGE_dtc_experiment_code_PROCESS_py_13_csv	0,74222
LARGE_dtc_experiment_code_PROCESS_py_11_csv	LARGE_dtc_experiment_code_PROCESS_py_13_csv	0,74222
LARGE_dtc_experiment_code_PROCESS_py_14_csv	LARGE_dtc_experiment_code_PROCESS_py_10_csv	0,74222
LARGE_dtc_experiment_code_PROCESS_py_15_csv	LARGE_dtc_experiment_code_PROCESS_py_13_csv	0,74222
LARGE_dtc_experiment_code_PROCESS_py_15_csv	LARGE_dtc_experiment_code_CONTROL_py_14_csv	0,74324
LARGE_dtc_experiment_code_CONTROL_py_16_csv	LARGE_dtc_experiment_code_PROCESS_py_15_csv	0,74324
LARGE_dtc_experiment_code_PROCESS_py_0_csv	LARGE_dtc_experiment_code_CONTROL_py_13_csv	0,74336
LARGE_dtc_experiment_code_PROCESS_py_12_csv	LARGE_dtc_experiment_code_PROCESS_py_13_csv	0,74348
LARGE_dtc_experiment_code_PROCESS_py_16_csv	LARGE_dtc_experiment_code_PROCESS_py_12_csv	0,74348
LARGE_dtc_experiment_code_PROCESS_py_11_csv	LARGE_dtc_experiment_code_CONTROL_py_13_csv	0,74408
LARGE_dtc_experiment_code_CONTROL_py_14_csv	LARGE_dtc_experiment_code_PROCESS_py_11_csv	0,74408
LARGE_dtc_experiment_code_PROCESS_py_14_csv	LARGE_dtc_experiment_code_PROCESS_py_18_csv	0,74419
LARGE_dtc_experiment_code_PROCESS_py_14_csv	LARGE_dtc_experiment_code_CONTROL_py_16_csv	0,74419
LARGE_dtc_experiment_code_PROCESS_py_14_csv	LARGE_dtc_experiment_code_CONTROL_py_17_csv	0,74419
LARGE_dtc_experiment_code_CONTROL_py_17_csv	LARGE_dtc_experiment_code_PROCESS_py_14_csv	0,74419
LARGE_dtc_experiment_code_PROCESS_py_16_csv	LARGE_dtc_experiment_code_PROCESS_py_11_csv	0,74528
LARGE_dtc_experiment_code_CONTROL_py_11_csv	LARGE_dtc_experiment_code_CONTROL_py_18_csv	0,74576
LARGE_dtc_experiment_code_PROCESS_py_18_csv	LARGE_dtc_experiment_code_CONTROL_py_11_csv	0,74648
LARGE_dtc_experiment_code_PROCESS_py_18_csv	LARGE_dtc_experiment_code_CONTROL_py_16_csv	0,74648
LARGE_dtc_experiment_code_CONTROL_py_13_csv	LARGE_dtc_experiment_code_PROCESS_py_18_csv	0,74648
LARGE_dtc_experiment_code_PROCESS_py_10_csv	LARGE_dtc_experiment_code_PROCESS_py_14_csv	0,74667
LARGE_dtc_experiment_code_PROCESS_py_10_csv	LARGE_dtc_experiment_code_CONTROL_py_10_csv	0,74667
LARGE_dtc_experiment_code_PROCESS_py_13_csv	LARGE_dtc_experiment_code_PROCESS_py_10_csv	0,74667
LARGE_dtc_experiment_code_PROCESS_py_17_csv	LARGE_dtc_experiment_code_PROCESS_py_16_csv	0,74667
LARGE_dtc_experiment_code_PROCESS_py_17_csv	LARGE_dtc_experiment_code_PROCESS_py_18_csv	0,74667
LARGE_dtc_experiment_code_PROCESS_py_17_csv	LARGE_dtc_experiment_code_CONTROL_py_10_csv	0,74667
LARGE_dtc_experiment_code_PROCESS_py_15_csv	LARGE_dtc_experiment_code_CONTROL_py_12_csv	0,74775
LARGE_dtc_experiment_code_CONTROL_py_14_csv	LARGE_dtc_experiment_code_PROCESS_py_15_csv	0,74775
LARGE_dtc_experiment_code_PROCESS_py_0_csv	LARGE_dtc_experiment_code_CONTROL_py_0_csv	0,74779
LARGE_dtc_experiment_code_PROCESS_py_12_csv	LARGE_dtc_experiment_code_PROCESS_py_14_csv	0,74783
LARGE_dtc_experiment_code_PROCESS_py_12_csv	LARGE_dtc_experiment_code_CONTROL_py_10_csv	0,74783
LARGE_dtc_experiment_code_CONTROL_py_0_csv	LARGE_dtc_experiment_code_CONTROL_py_12_csv	0,74874
LARGE_dtc_experiment_code_CONTROL_py_0_csv	LARGE_dtc_experiment_code_CONTROL_py_15_csv	0,74874
LARGE_dtc_experiment_code_PROCESS_py_11_csv	LARGE_dtc_experiment_code_CONTROL_py_11_csv	0,74882
LARGE_dtc_experiment_code_CONTROL_py_11_csv	LARGE_dtc_experiment_code_PROCESS_py_11_csv	0,74882
LARGE_dtc_experiment_code_CONTROL_py_13_csv	LARGE_dtc_experiment_code_PROCESS_py_14_csv	0,74884
LARGE_dtc_experiment_code_CONTROL_py_15_csv	LARGE_dtc_experiment_code_PROCESS_py_14_csv	0,74884
LARGE_dtc_experiment_code_PROCESS_py_16_csv	LARGE_dtc_experiment_code_CONTROL_py_0_csv	0,75000
LARGE_dtc_experiment_code_CONTROL_py_11_csv	LARGE_dtc_experiment_code_PROCESS_py_16_csv	0,75000
LARGE_dtc_experiment_code_CONTROL_py_13_csv	LARGE_dtc_experiment_code_PROCESS_py_16_csv	0,75000
LARGE_dtc_experiment_code_CONTROL_py_14_csv	LARGE_dtc_experiment_code_PROCESS_py_16_csv	0,75000
LARGE_dtc_experiment_code_PROCESS_py_10_csv	LARGE_dtc_experiment_code_PROCESS_py_15_csv	0,75111
LARGE_dtc_experiment_code_PROCESS_py_10_csv	LARGE_dtc_experiment_code_CONTROL_py_0_csv	0,75111
LARGE_dtc_experiment_code_PROCESS_py_13_csv	LARGE_dtc_experiment_code_CONTROL_py_13_csv	0,75111
LARGE_dtc_experiment_code_PROCESS_py_14_csv	LARGE_dtc_experiment_code_PROCESS_py_17_csv	0,75111
LARGE_dtc_experiment_code_PROCESS_py_15_csv	LARGE_dtc_experiment_code_PROCESS_py_10_csv	0,75111
LARGE_dtc_experiment_code_PROCESS_py_16_csv	LARGE_dtc_experiment_code_PROCESS_py_17_csv	0,75111
LARGE_dtc_experiment_code_PROCESS_py_17_csv	LARGE_dtc_experiment_code_CONTROL_py_0_csv	0,75111
LARGE_dtc_experiment_code_PROCESS_py_17_csv	LARGE_dtc_experiment_code_CONTROL_py_16_csv	0,75111
LARGE_dtc_experiment_code_PROCESS_py_18_csv	LARGE_dtc_experiment_code_PROCESS_py_10_csv	0,75111
LARGE_dtc_experiment_code_CONTROL_py_10_csv	LARGE_dtc_experiment_code_CONTROL_py_15_csv	0,75141
LARGE_dtc_experiment_code_PROCESS_py_12_csv	LARGE_dtc_experiment_code_CONTROL_py_12_csv	0,75217
LARGE_dtc_experiment_code_PROCESS_py_14_csv	LARGE_dtc_experiment_code_PROCESS_py_12_csv	0,75217
LARGE_dtc_experiment_code_PROCESS_py_18_csv	LARGE_dtc_experiment_code_PROCESS_py_12_csv	0,75217
LARGE_dtc_experiment_code_CONTROL_py_16_csv	LARGE_dtc_experiment_code_PROCESS_py_12_csv	0,75217
LARGE_dtc_experiment_code_CONTROL_py_11_csv	LARGE_dtc_experiment_code_PROCESS_py_0_csv	0,75221
LARGE_dtc_experiment_code_CONTROL_py_15_csv	LARGE_dtc_experiment_code_PROCESS_py_0_csv	0,75221
LARGE_dtc_experiment_code_CONTROL_py_16_csv	LARGE_dtc_experiment_code_PROCESS_py_0_csv	0,75221
LARGE_dtc_experiment_code_CONTROL_py_17_csv	LARGE_dtc_experiment_code_PROCESS_py_0_csv	0,75221
LARGE_dtc_experiment_code_PROCESS_py_15_csv	LARGE_dtc_experiment_code_CONTROL_py_17_csv	0,75225
LARGE_dtc_experiment_code_PROCESS_py_11_csv	LARGE_dtc_experiment_code_CONTROL_py_16_csv	0,75355
LARGE_dtc_experiment_code_PROCESS_py_11_csv	LARGE_dtc_experiment_code_CONTROL_py_17_csv	0,75355
LARGE_dtc_experiment_code_CONTROL_py_10_csv	LARGE_dtc_experiment_code_PROCESS_py_11_csv	0,75355
LARGE_dtc_experiment_code_CONTROL_py_0_csv	LARGE_dtc_experiment_code_CONTROL_py_11_csv	0,75377
LARGE_dtc_experiment_code_PROCESS_py_16_csv	LARGE_dtc_experiment_code_CONTROL_py_11_csv	0,75472
LARGE_dtc_experiment_code_PROCESS_py_10_csv	LARGE_dtc_experiment_code_PROCESS_py_17_csv	0,75556
LARGE_dtc_experiment_code_PROCESS_py_10_csv	LARGE_dtc_experiment_code_CONTROL_py_16_csv	0,75556
LARGE_dtc_experiment_code_PROCESS_py_13_csv	LARGE_dtc_experiment_code_PROCESS_py_16_csv	0,75556
LARGE_dtc_experiment_code_PROCESS_py_13_csv	LARGE_dtc_experiment_code_CONTROL_py_11_csv	0,75556
LARGE_dtc_experiment_code_PROCESS_py_17_csv	LARGE_dtc_experiment_code_CONTROL_py_11_csv	0,75556
LARGE_dtc_experiment_code_PROCESS_py_17_csv	LARGE_dtc_experiment_code_CONTROL_py_17_csv	0,75556
LARGE_dtc_experiment_code_CONTROL_py_0_csv	LARGE_dtc_experiment_code_PROCESS_py_17_csv	0,75556
LARGE_dtc_experiment_code_CONTROL_py_16_csv	LARGE_dtc_experiment_code_PROCESS_py_13_csv	0,75556
LARGE_dtc_experiment_code_PROCESS_py_18_csv	LARGE_dtc_experiment_code_CONTROL_py_0_csv	0,75587
LARGE_dtc_experiment_code_PROCESS_py_18_csv	LARGE_dtc_experiment_code_CONTROL_py_14_csv	0,75587
LARGE_dtc_experiment_code_PROCESS_py_18_csv	LARGE_dtc_experiment_code_CONTROL_py_18_csv	0,75587
LARGE_dtc_experiment_code_CONTROL_py_0_csv	LARGE_dtc_experiment_code_PROCESS_py_18_csv	0,75587
LARGE_dtc_experiment_code_CONTROL_py_17_csv	LARGE_dtc_experiment_code_PROCESS_py_18_csv	0,75587
LARGE_dtc_experiment_code_PROCESS_py_12_csv	LARGE_dtc_experiment_code_PROCESS_py_18_csv	0,75652
LARGE_dtc_experiment_code_PROCESS_py_0_csv	LARGE_dtc_experiment_code_CONTROL_py_10_csv	0,75664
LARGE_dtc_experiment_code_CONTROL_py_12_csv	LARGE_dtc_experiment_code_PROCESS_py_0_csv	0,75664
LARGE_dtc_experiment_code_CONTROL_py_14_csv	LARGE_dtc_experiment_code_PROCESS_py_0_csv	0,75664
LARGE_dtc_experiment_code_PROCESS_py_15_csv	LARGE_dtc_experiment_code_CONTROL_py_11_csv	0,75676
LARGE_dtc_experiment_code_PROCESS_py_15_csv	LARGE_dtc_experiment_code_CONTROL_py_16_csv	0,75676
LARGE_dtc_experiment_code_PROCESS_py_16_csv	LARGE_dtc_experiment_code_PROCESS_py_15_csv	0,75676
LARGE_dtc_experiment_code_PROCESS_py_14_csv	LARGE_dtc_experiment_code_CONTROL_py_12_csv	0,75814
LARGE_dtc_experiment_code_CONTROL_py_16_csv	LARGE_dtc_experiment_code_PROCESS_py_11_csv	0,75829
LARGE_dtc_experiment_code_CONTROL_py_0_csv	LARGE_dtc_experiment_code_CONTROL_py_14_csv	0,75879
LARGE_dtc_experiment_code_CONTROL_py_0_csv	LARGE_dtc_experiment_code_CONTROL_py_18_csv	0,75879
LARGE_dtc_experiment_code_PROCESS_py_16_csv	LARGE_dtc_experiment_code_CONTROL_py_13_csv	0,75943
LARGE_dtc_experiment_code_PROCESS_py_16_csv	LARGE_dtc_experiment_code_CONTROL_py_14_csv	0,75943
LARGE_dtc_experiment_code_CONTROL_py_17_csv	LARGE_dtc_experiment_code_PROCESS_py_16_csv	0,75943
LARGE_dtc_experiment_code_PROCESS_py_10_csv	LARGE_dtc_experiment_code_PROCESS_py_11_csv	0,76000
LARGE_dtc_experiment_code_PROCESS_py_13_csv	LARGE_dtc_experiment_code_PROCESS_py_18_csv	0,76000
LARGE_dtc_experiment_code_PROCESS_py_13_csv	LARGE_dtc_experiment_code_CONTROL_py_0_csv	0,76000
LARGE_dtc_experiment_code_PROCESS_py_16_csv	LARGE_dtc_experiment_code_PROCESS_py_13_csv	0,76000
LARGE_dtc_experiment_code_PROCESS_py_17_csv	LARGE_dtc_experiment_code_CONTROL_py_12_csv	0,76000
LARGE_dtc_experiment_code_PROCESS_py_18_csv	LARGE_dtc_experiment_code_PROCESS_py_17_csv	0,76000
LARGE_dtc_experiment_code_PROCESS_py_18_csv	LARGE_dtc_experiment_code_CONTROL_py_12_csv	0,76056
LARGE_dtc_experiment_code_PROCESS_py_18_csv	LARGE_dtc_experiment_code_CONTROL_py_17_csv	0,76056
LARGE_dtc_experiment_code_CONTROL_py_10_csv	LARGE_dtc_experiment_code_PROCESS_py_18_csv	0,76056
LARGE_dtc_experiment_code_PROCESS_py_13_csv	LARGE_dtc_experiment_code_PROCESS_py_12_csv	0,76087
LARGE_dtc_experiment_code_PROCESS_py_0_csv	LARGE_dtc_experiment_code_CONTROL_py_17_csv	0,76106
LARGE_dtc_experiment_code_PROCESS_py_15_csv	LARGE_dtc_experiment_code_CONTROL_py_13_csv	0,76126
LARGE_dtc_experiment_code_PROCESS_py_14_csv	LARGE_dtc_experiment_code_CONTROL_py_14_csv	0,76279
LARGE_dtc_experiment_code_PROCESS_py_11_csv	LARGE_dtc_experiment_code_CONTROL_py_14_csv	0,76303
LARGE_dtc_experiment_code_CONTROL_py_17_csv	LARGE_dtc_experiment_code_PROCESS_py_11_csv	0,76303
LARGE_dtc_experiment_code_PROCESS_py_16_csv	LARGE_dtc_experiment_code_CONTROL_py_18_csv	0,76415
LARGE_dtc_experiment_code_CONTROL_py_10_csv	LARGE_dtc_experiment_code_PROCESS_py_16_csv	0,76415
LARGE_dtc_experiment_code_CONTROL_py_15_csv	LARGE_dtc_experiment_code_PROCESS_py_16_csv	0,76415
LARGE_dtc_experiment_code_CONTROL_py_18_csv	LARGE_dtc_experiment_code_PROCESS_py_16_csv	0,76415
LARGE_dtc_experiment_code_PROCESS_py_10_csv	LARGE_dtc_experiment_code_CONTROL_py_13_csv	0,76444
LARGE_dtc_experiment_code_PROCESS_py_13_csv	LARGE_dtc_experiment_code_PROCESS_py_15_csv	0,76444
LARGE_dtc_experiment_code_PROCESS_py_13_csv	LARGE_dtc_experiment_code_CONTROL_py_15_csv	0,76444
LARGE_dtc_experiment_code_PROCESS_py_17_csv	LARGE_dtc_experiment_code_PROCESS_py_10_csv	0,76444
LARGE_dtc_experiment_code_PROCESS_py_17_csv	LARGE_dtc_experiment_code_CONTROL_py_13_csv	0,76444
LARGE_dtc_experiment_code_PROCESS_py_18_csv	LARGE_dtc_experiment_code_PROCESS_py_13_csv	0,76444
LARGE_dtc_experiment_code_PROCESS_py_12_csv	LARGE_dtc_experiment_code_CONTROL_py_16_csv	0,76522
LARGE_dtc_experiment_code_CONTROL_py_11_csv	LARGE_dtc_experiment_code_PROCESS_py_12_csv	0,76522
LARGE_dtc_experiment_code_PROCESS_py_18_csv	LARGE_dtc_experiment_code_PROCESS_py_11_csv	0,76526
LARGE_dtc_experiment_code_CONTROL_py_0_csv	LARGE_dtc_experiment_code_PROCESS_py_0_csv	0,76549
LARGE_dtc_experiment_code_CONTROL_py_13_csv	LARGE_dtc_experiment_code_PROCESS_py_15_csv	0,76577
LARGE_dtc_experiment_code_CONTROL_py_0_csv	LARGE_dtc_experiment_code_PROCESS_py_14_csv	0,76744
LARGE_dtc_experiment_code_CONTROL_py_10_csv	LARGE_dtc_experiment_code_PROCESS_py_14_csv	0,76744
LARGE_dtc_experiment_code_CONTROL_py_12_csv	LARGE_dtc_experiment_code_PROCESS_py_16_csv	0,76887
LARGE_dtc_experiment_code_PROCESS_py_10_csv	LARGE_dtc_experiment_code_CONTROL_py_11_csv	0,76889
LARGE_dtc_experiment_code_PROCESS_py_10_csv	LARGE_dtc_experiment_code_CONTROL_py_12_csv	0,76889
LARGE_dtc_experiment_code_PROCESS_py_11_csv	LARGE_dtc_experiment_code_PROCESS_py_10_csv	0,76889
LARGE_dtc_experiment_code_PROCESS_py_13_csv	LARGE_dtc_experiment_code_CONTROL_py_12_csv	0,76889
LARGE_dtc_experiment_code_PROCESS_py_13_csv	LARGE_dtc_experiment_code_CONTROL_py_16_csv	0,76889
LARGE_dtc_experiment_code_PROCESS_py_13_csv	LARGE_dtc_experiment_code_CONTROL_py_17_csv	0,76889
LARGE_dtc_experiment_code_PROCESS_py_13_csv	LARGE_dtc_experiment_code_CONTROL_py_18_csv	0,76889
LARGE_dtc_experiment_code_CONTROL_py_14_csv	LARGE_dtc_experiment_code_PROCESS_py_17_csv	0,76889
LARGE_dtc_experiment_code_PROCESS_py_12_csv	LARGE_dtc_experiment_code_PROCESS_py_10_csv	0,76957
LARGE_dtc_experiment_code_PROCESS_py_12_csv	LARGE_dtc_experiment_code_CONTROL_py_0_csv	0,76957
LARGE_dtc_experiment_code_CONTROL_py_14_csv	LARGE_dtc_experiment_code_PROCESS_py_12_csv	0,76957
LARGE_dtc_experiment_code_CONTROL_py_17_csv	LARGE_dtc_experiment_code_PROCESS_py_12_csv	0,76957
LARGE_dtc_experiment_code_CONTROL_py_10_csv	LARGE_dtc_experiment_code_PROCESS_py_0_csv	0,76991
LARGE_dtc_experiment_code_PROCESS_py_18_csv	LARGE_dtc_experiment_code_CONTROL_py_13_csv	0,76995
LARGE_dtc_experiment_code_CONTROL_py_12_csv	LARGE_dtc_experiment_code_PROCESS_py_18_csv	0,76995
LARGE_dtc_experiment_code_CONTROL_py_15_csv	LARGE_dtc_experiment_code_PROCESS_py_18_csv	0,76995
LARGE_dtc_experiment_code_CONTROL_py_12_csv	LARGE_dtc_experiment_code_PROCESS_py_14_csv	0,77209
LARGE_dtc_experiment_code_CONTROL_py_18_csv	LARGE_dtc_experiment_code_PROCESS_py_14_csv	0,77209
LARGE_dtc_experiment_code_CONTROL_py_0_csv	LARGE_dtc_experiment_code_PROCESS_py_11_csv	0,77251
LARGE_dtc_experiment_code_PROCESS_py_10_csv	LARGE_dtc_experiment_code_CONTROL_py_17_csv	0,77333
LARGE_dtc_experiment_code_PROCESS_py_13_csv	LARGE_dtc_experiment_code_CONTROL_py_14_csv	0,77333
LARGE_dtc_experiment_code_PROCESS_py_17_csv	LARGE_dtc_experiment_code_CONTROL_py_18_csv	0,77333
LARGE_dtc_experiment_code_CONTROL_py_11_csv	LARGE_dtc_experiment_code_PROCESS_py_13_csv	0,77333
LARGE_dtc_experiment_code_CONTROL_py_17_csv	LARGE_dtc_experiment_code_PROCESS_py_17_csv	0,77333
LARGE_dtc_experiment_code_PROCESS_py_16_csv	LARGE_dtc_experiment_code_CONTROL_py_12_csv	0,77358
LARGE_dtc_experiment_code_PROCESS_py_12_csv	LARGE_dtc_experiment_code_CONTROL_py_11_csv	0,77391
LARGE_dtc_experiment_code_PROCESS_py_12_csv	LARGE_dtc_experiment_code_CONTROL_py_13_csv	0,77391
LARGE_dtc_experiment_code_PROCESS_py_12_csv	LARGE_dtc_experiment_code_CONTROL_py_17_csv	0,77391
LARGE_dtc_experiment_code_PROCESS_py_0_csv	LARGE_dtc_experiment_code_CONTROL_py_11_csv	0,77434
LARGE_dtc_experiment_code_PROCESS_py_0_csv	LARGE_dtc_experiment_code_CONTROL_py_15_csv	0,77434
LARGE_dtc_experiment_code_PROCESS_py_15_csv	LARGE_dtc_experiment_code_CONTROL_py_18_csv	0,77477
LARGE_dtc_experiment_code_CONTROL_py_11_csv	LARGE_dtc_experiment_code_PROCESS_py_15_csv	0,77477
LARGE_dtc_experiment_code_PROCESS_py_14_csv	LARGE_dtc_experiment_code_CONTROL_py_11_csv	0,77674
LARGE_dtc_experiment_code_CONTROL_py_10_csv	LARGE_dtc_experiment_code_PROCESS_py_17_csv	0,77778
LARGE_dtc_experiment_code_CONTROL_py_12_csv	LARGE_dtc_experiment_code_PROCESS_py_13_csv	0,77778
LARGE_dtc_experiment_code_PROCESS_py_12_csv	LARGE_dtc_experiment_code_CONTROL_py_14_csv	0,77826
LARGE_dtc_experiment_code_PROCESS_py_16_csv	LARGE_dtc_experiment_code_CONTROL_py_15_csv	0,77830
LARGE_dtc_experiment_code_PROCESS_py_0_csv	LARGE_dtc_experiment_code_CONTROL_py_14_csv	0,77876
LARGE_dtc_experiment_code_PROCESS_py_0_csv	LARGE_dtc_experiment_code_CONTROL_py_16_csv	0,77876
LARGE_dtc_experiment_code_CONTROL_py_12_csv	LARGE_dtc_experiment_code_PROCESS_py_15_csv	0,77928
LARGE_dtc_experiment_code_CONTROL_py_17_csv	LARGE_dtc_experiment_code_PROCESS_py_15_csv	0,77928
LARGE_dtc_experiment_code_PROCESS_py_18_csv	LARGE_dtc_experiment_code_CONTROL_py_15_csv	0,77934
LARGE_dtc_experiment_code_PROCESS_py_14_csv	LARGE_dtc_experiment_code_CONTROL_py_18_csv	0,78140
LARGE_dtc_experiment_code_CONTROL_py_11_csv	LARGE_dtc_experiment_code_PROCESS_py_14_csv	0,78140
LARGE_dtc_experiment_code_PROCESS_py_11_csv	LARGE_dtc_experiment_code_CONTROL_py_15_csv	0,78199
LARGE_dtc_experiment_code_PROCESS_py_11_csv	LARGE_dtc_experiment_code_CONTROL_py_18_csv	0,78199
LARGE_dtc_experiment_code_CONTROL_py_12_csv	LARGE_dtc_experiment_code_PROCESS_py_11_csv	0,78199
LARGE_dtc_experiment_code_CONTROL_py_13_csv	LARGE_dtc_experiment_code_PROCESS_py_11_csv	0,78199
LARGE_dtc_experiment_code_PROCESS_py_10_csv	LARGE_dtc_experiment_code_CONTROL_py_14_csv	0,78222
LARGE_dtc_experiment_code_CONTROL_py_0_csv	LARGE_dtc_experiment_code_PROCESS_py_13_csv	0,78222
LARGE_dtc_experiment_code_CONTROL_py_12_csv	LARGE_dtc_experiment_code_PROCESS_py_10_csv	0,78222
LARGE_dtc_experiment_code_CONTROL_py_14_csv	LARGE_dtc_experiment_code_PROCESS_py_13_csv	0,78222
LARGE_dtc_experiment_code_CONTROL_py_15_csv	LARGE_dtc_experiment_code_PROCESS_py_10_csv	0,78222
LARGE_dtc_experiment_code_CONTROL_py_15_csv	LARGE_dtc_experiment_code_PROCESS_py_17_csv	0,78222
LARGE_dtc_experiment_code_CONTROL_py_16_csv	LARGE_dtc_experiment_code_PROCESS_py_10_csv	0,78222
LARGE_dtc_experiment_code_CONTROL_py_0_csv	LARGE_dtc_experiment_code_PROCESS_py_12_csv	0,78261
LARGE_dtc_experiment_code_CONTROL_py_13_csv	LARGE_dtc_experiment_code_PROCESS_py_12_csv	0,78261
LARGE_dtc_experiment_code_CONTROL_py_10_csv	LARGE_dtc_experiment_code_PROCESS_py_15_csv	0,78378
LARGE_dtc_experiment_code_CONTROL_py_15_csv	LARGE_dtc_experiment_code_PROCESS_py_15_csv	0,78378
LARGE_dtc_experiment_code_PROCESS_py_14_csv	LARGE_dtc_experiment_code_CONTROL_py_15_csv	0,78605
LARGE_dtc_experiment_code_PROCESS_py_10_csv	LARGE_dtc_experiment_code_CONTROL_py_15_csv	0,78667
LARGE_dtc_experiment_code_CONTROL_py_10_csv	LARGE_dtc_experiment_code_PROCESS_py_13_csv	0,78667
LARGE_dtc_experiment_code_CONTROL_py_11_csv	LARGE_dtc_experiment_code_PROCESS_py_10_csv	0,78667
LARGE_dtc_experiment_code_CONTROL_py_11_csv	LARGE_dtc_experiment_code_PROCESS_py_17_csv	0,78667
LARGE_dtc_experiment_code_CONTROL_py_13_csv	LARGE_dtc_experiment_code_PROCESS_py_10_csv	0,78667
LARGE_dtc_experiment_code_CONTROL_py_13_csv	LARGE_dtc_experiment_code_PROCESS_py_17_csv	0,78667
LARGE_dtc_experiment_code_CONTROL_py_14_csv	LARGE_dtc_experiment_code_PROCESS_py_10_csv	0,78667
LARGE_dtc_experiment_code_CONTROL_py_17_csv	LARGE_dtc_experiment_code_PROCESS_py_13_csv	0,78667
LARGE_dtc_experiment_code_CONTROL_py_18_csv	LARGE_dtc_experiment_code_PROCESS_py_17_csv	0,78667
LARGE_dtc_experiment_code_CONTROL_py_15_csv	LARGE_dtc_experiment_code_PROCESS_py_11_csv	0,78673
LARGE_dtc_experiment_code_CONTROL_py_18_csv	LARGE_dtc_experiment_code_PROCESS_py_11_csv	0,78673
LARGE_dtc_experiment_code_PROCESS_py_12_csv	LARGE_dtc_experiment_code_CONTROL_py_18_csv	0,78696
LARGE_dtc_experiment_code_PROCESS_py_17_csv	LARGE_dtc_experiment_code_CONTROL_py_15_csv	0,79111
LARGE_dtc_experiment_code_CONTROL_py_0_csv	LARGE_dtc_experiment_code_PROCESS_py_10_csv	0,79111
LARGE_dtc_experiment_code_CONTROL_py_18_csv	LARGE_dtc_experiment_code_PROCESS_py_10_csv	0,79111
LARGE_dtc_experiment_code_CONTROL_py_10_csv	LARGE_dtc_experiment_code_PROCESS_py_12_csv	0,79130
LARGE_dtc_experiment_code_CONTROL_py_18_csv	LARGE_dtc_experiment_code_PROCESS_py_12_csv	0,79130
LARGE_dtc_experiment_code_CONTROL_py_13_csv	LARGE_dtc_experiment_code_PROCESS_py_0_csv	0,79204
LARGE_dtc_experiment_code_CONTROL_py_0_csv	LARGE_dtc_experiment_code_PROCESS_py_15_csv	0,79279
LARGE_dtc_experiment_code_CONTROL_py_18_csv	LARGE_dtc_experiment_code_PROCESS_py_15_csv	0,79279
LARGE_dtc_experiment_code_PROCESS_py_10_csv	LARGE_dtc_experiment_code_CONTROL_py_18_csv	0,79556
LARGE_dtc_experiment_code_PROCESS_py_17_csv	LARGE_dtc_experiment_code_CONTROL_py_14_csv	0,79556
LARGE_dtc_experiment_code_CONTROL_py_12_csv	LARGE_dtc_experiment_code_PROCESS_py_17_csv	0,79556
LARGE_dtc_experiment_code_CONTROL_py_15_csv	LARGE_dtc_experiment_code_PROCESS_py_12_csv	0,79565
LARGE_dtc_experiment_code_PROCESS_py_0_csv	LARGE_dtc_experiment_code_CONTROL_py_18_csv	0,79646
LARGE_dtc_experiment_code_CONTROL_py_18_csv	LARGE_dtc_experiment_code_PROCESS_py_0_csv	0,79646
LARGE_dtc_experiment_code_PROCESS_py_10_csv	LARGE_dtc_experiment_code_PROCESS_py_12_csv	0,80000
LARGE_dtc_experiment_code_CONTROL_py_10_csv	LARGE_dtc_experiment_code_PROCESS_py_10_csv	0,80000
LARGE_dtc_experiment_code_CONTROL_py_12_csv	LARGE_dtc_experiment_code_PROCESS_py_12_csv	0,80000
LARGE_dtc_experiment_code_CONTROL_py_17_csv	LARGE_dtc_experiment_code_PROCESS_py_10_csv	0,80000
LARGE_dtc_experiment_code_CONTROL_py_18_csv	LARGE_dtc_experiment_code_PROCESS_py_13_csv	0,80000
LARGE_dtc_experiment_code_PROCESS_py_15_csv	LARGE_dtc_experiment_code_CONTROL_py_15_csv	0,80180
LARGE_dtc_experiment_code_PROCESS_py_12_csv	LARGE_dtc_experiment_code_CONTROL_py_15_csv	0,80435
LARGE_dtc_experiment_code_CONTROL_py_13_csv	LARGE_dtc_experiment_code_PROCESS_py_13_csv	0,80444
LARGE_dtc_experiment_code_CONTROL_py_15_csv	LARGE_dtc_experiment_code_PROCESS_py_13_csv	0,80444
