LARGE_dtc_experiment_code_CONTROL_py_18_csv	LARGE_dtc_experiment_code_CONTROL_py_18_csv	0,13725
LARGE_dtc_experiment_code_CONTROL_py_11_csv	LARGE_dtc_experiment_code_CONTROL_py_11_csv	0,14201
LARGE_dtc_experiment_code_PROCESS_py_16_csv	LARGE_dtc_experiment_code_PROCESS_py_16_csv	0,14216
LARGE_dtc_experiment_code_CONTROL_py_10_csv	LARGE_dtc_experiment_code_CONTROL_py_10_csv	0,14286
LARGE_dtc_experiment_code_CONTROL_py_15_csv	LARGE_dtc_experiment_code_CONTROL_py_15_csv	0,14286
LARGE_dtc_experiment_code_CONTROL_py_12_csv	LARGE_dtc_experiment_code_CONTROL_py_12_csv	0,15244
LARGE_dtc_experiment_code_CONTROL_py_16_csv	LARGE_dtc_experiment_code_CONTROL_py_16_csv	0,15663
LARGE_dtc_experiment_code_CONTROL_py_0_csv	LARGE_dtc_experiment_code_CONTROL_py_0_csv	0,16201
LARGE_dtc_experiment_code_CONTROL_py_17_csv	LARGE_dtc_experiment_code_CONTROL_py_17_csv	0,16561
LARGE_dtc_experiment_code_PROCESS_py_10_csv	LARGE_dtc_experiment_code_PROCESS_py_10_csv	0,16744
LARGE_dtc_experiment_code_CONTROL_py_14_csv	LARGE_dtc_experiment_code_CONTROL_py_14_csv	0,16770
LARGE_dtc_experiment_code_CONTROL_py_13_csv	LARGE_dtc_experiment_code_CONTROL_py_13_csv	0,16970
LARGE_dtc_experiment_code_PROCESS_py_11_csv	LARGE_dtc_experiment_code_PROCESS_py_11_csv	0,17241
LARGE_dtc_experiment_code_PROCESS_py_14_csv	LARGE_dtc_experiment_code_PROCESS_py_14_csv	0,17476
LARGE_dtc_experiment_code_PROCESS_py_15_csv	LARGE_dtc_experiment_code_PROCESS_py_15_csv	0,17925
LARGE_dtc_experiment_code_PROCESS_py_0_csv	LARGE_dtc_experiment_code_PROCESS_py_0_csv	0,18049
LARGE_dtc_experiment_code_PROCESS_py_17_csv	LARGE_dtc_experiment_code_PROCESS_py_17_csv	0,18056
LARGE_dtc_experiment_code_PROCESS_py_12_csv	LARGE_dtc_experiment_code_PROCESS_py_12_csv	0,20930
LARGE_dtc_experiment_code_PROCESS_py_13_csv	LARGE_dtc_experiment_code_PROCESS_py_13_csv	0,21256
LARGE_dtc_experiment_code_PROCESS_py_18_csv	LARGE_dtc_experiment_code_PROCESS_py_18_csv	0,21320
LARGE_dtc_experiment_code_CONTROL_py_12_csv	LARGE_dtc_experiment_code_CONTROL_py_13_csv	0,48485
LARGE_dtc_experiment_code_CONTROL_py_13_csv	LARGE_dtc_experiment_code_CONTROL_py_12_csv	0,48485
LARGE_dtc_experiment_code_CONTROL_py_12_csv	LARGE_dtc_experiment_code_CONTROL_py_18_csv	0,48780
LARGE_dtc_experiment_code_CONTROL_py_18_csv	LARGE_dtc_experiment_code_CONTROL_py_12_csv	0,48780
LARGE_dtc_experiment_code_CONTROL_py_12_csv	LARGE_dtc_experiment_code_CONTROL_py_17_csv	0,49390
LARGE_dtc_experiment_code_CONTROL_py_17_csv	LARGE_dtc_experiment_code_CONTROL_py_12_csv	0,49390
LARGE_dtc_experiment_code_CONTROL_py_12_csv	LARGE_dtc_experiment_code_CONTROL_py_16_csv	0,49398
LARGE_dtc_experiment_code_CONTROL_py_16_csv	LARGE_dtc_experiment_code_CONTROL_py_12_csv	0,49398
LARGE_dtc_experiment_code_CONTROL_py_11_csv	LARGE_dtc_experiment_code_CONTROL_py_12_csv	0,49704
LARGE_dtc_experiment_code_CONTROL_py_12_csv	LARGE_dtc_experiment_code_CONTROL_py_11_csv	0,49704
LARGE_dtc_experiment_code_CONTROL_py_12_csv	LARGE_dtc_experiment_code_CONTROL_py_15_csv	0,50610
LARGE_dtc_experiment_code_CONTROL_py_15_csv	LARGE_dtc_experiment_code_CONTROL_py_12_csv	0,50610
LARGE_dtc_experiment_code_CONTROL_py_10_csv	LARGE_dtc_experiment_code_CONTROL_py_11_csv	0,50888
LARGE_dtc_experiment_code_CONTROL_py_11_csv	LARGE_dtc_experiment_code_CONTROL_py_10_csv	0,50888
LARGE_dtc_experiment_code_CONTROL_py_13_csv	LARGE_dtc_experiment_code_CONTROL_py_17_csv	0,50909
LARGE_dtc_experiment_code_CONTROL_py_17_csv	LARGE_dtc_experiment_code_CONTROL_py_13_csv	0,50909
LARGE_dtc_experiment_code_CONTROL_py_14_csv	LARGE_dtc_experiment_code_CONTROL_py_18_csv	0,50932
LARGE_dtc_experiment_code_CONTROL_py_18_csv	LARGE_dtc_experiment_code_CONTROL_py_14_csv	0,50932
LARGE_dtc_experiment_code_CONTROL_py_13_csv	LARGE_dtc_experiment_code_CONTROL_py_16_csv	0,51205
LARGE_dtc_experiment_code_CONTROL_py_16_csv	LARGE_dtc_experiment_code_CONTROL_py_13_csv	0,51205
LARGE_dtc_experiment_code_CONTROL_py_16_csv	LARGE_dtc_experiment_code_CONTROL_py_17_csv	0,51205
LARGE_dtc_experiment_code_CONTROL_py_16_csv	LARGE_dtc_experiment_code_CONTROL_py_18_csv	0,51205
LARGE_dtc_experiment_code_CONTROL_py_17_csv	LARGE_dtc_experiment_code_CONTROL_py_16_csv	0,51205
LARGE_dtc_experiment_code_CONTROL_py_18_csv	LARGE_dtc_experiment_code_CONTROL_py_16_csv	0,51205
LARGE_dtc_experiment_code_CONTROL_py_11_csv	LARGE_dtc_experiment_code_CONTROL_py_13_csv	0,51479
LARGE_dtc_experiment_code_CONTROL_py_13_csv	LARGE_dtc_experiment_code_CONTROL_py_11_csv	0,51479
LARGE_dtc_experiment_code_CONTROL_py_15_csv	LARGE_dtc_experiment_code_CONTROL_py_17_csv	0,51553
LARGE_dtc_experiment_code_CONTROL_py_15_csv	LARGE_dtc_experiment_code_CONTROL_py_18_csv	0,51553
LARGE_dtc_experiment_code_CONTROL_py_17_csv	LARGE_dtc_experiment_code_CONTROL_py_15_csv	0,51553
LARGE_dtc_experiment_code_CONTROL_py_18_csv	LARGE_dtc_experiment_code_CONTROL_py_15_csv	0,51553
LARGE_dtc_experiment_code_CONTROL_py_15_csv	LARGE_dtc_experiment_code_CONTROL_py_16_csv	0,51807
LARGE_dtc_experiment_code_CONTROL_py_16_csv	LARGE_dtc_experiment_code_CONTROL_py_15_csv	0,51807
LARGE_dtc_experiment_code_CONTROL_py_17_csv	LARGE_dtc_experiment_code_CONTROL_py_18_csv	0,52229
LARGE_dtc_experiment_code_CONTROL_py_18_csv	LARGE_dtc_experiment_code_CONTROL_py_17_csv	0,52229
LARGE_dtc_experiment_code_CONTROL_py_10_csv	LARGE_dtc_experiment_code_CONTROL_py_12_csv	0,52381
LARGE_dtc_experiment_code_CONTROL_py_12_csv	LARGE_dtc_experiment_code_CONTROL_py_10_csv	0,52381
LARGE_dtc_experiment_code_CONTROL_py_11_csv	LARGE_dtc_experiment_code_CONTROL_py_14_csv	0,52663
LARGE_dtc_experiment_code_CONTROL_py_11_csv	LARGE_dtc_experiment_code_CONTROL_py_17_csv	0,52663
LARGE_dtc_experiment_code_CONTROL_py_11_csv	LARGE_dtc_experiment_code_CONTROL_py_18_csv	0,52663
LARGE_dtc_experiment_code_CONTROL_py_14_csv	LARGE_dtc_experiment_code_CONTROL_py_11_csv	0,52663
LARGE_dtc_experiment_code_CONTROL_py_17_csv	LARGE_dtc_experiment_code_CONTROL_py_11_csv	0,52663
LARGE_dtc_experiment_code_CONTROL_py_18_csv	LARGE_dtc_experiment_code_CONTROL_py_11_csv	0,52663
LARGE_dtc_experiment_code_CONTROL_py_13_csv	LARGE_dtc_experiment_code_CONTROL_py_15_csv	0,52727
LARGE_dtc_experiment_code_CONTROL_py_13_csv	LARGE_dtc_experiment_code_CONTROL_py_18_csv	0,52727
LARGE_dtc_experiment_code_CONTROL_py_15_csv	LARGE_dtc_experiment_code_CONTROL_py_13_csv	0,52727
LARGE_dtc_experiment_code_CONTROL_py_18_csv	LARGE_dtc_experiment_code_CONTROL_py_13_csv	0,52727
LARGE_dtc_experiment_code_CONTROL_py_14_csv	LARGE_dtc_experiment_code_CONTROL_py_17_csv	0,52795
LARGE_dtc_experiment_code_CONTROL_py_17_csv	LARGE_dtc_experiment_code_CONTROL_py_14_csv	0,52795
LARGE_dtc_experiment_code_CONTROL_py_10_csv	LARGE_dtc_experiment_code_CONTROL_py_13_csv	0,52976
LARGE_dtc_experiment_code_CONTROL_py_13_csv	LARGE_dtc_experiment_code_CONTROL_py_10_csv	0,52976
LARGE_dtc_experiment_code_CONTROL_py_12_csv	LARGE_dtc_experiment_code_CONTROL_py_14_csv	0,53049
LARGE_dtc_experiment_code_CONTROL_py_14_csv	LARGE_dtc_experiment_code_CONTROL_py_12_csv	0,53049
LARGE_dtc_experiment_code_CONTROL_py_11_csv	LARGE_dtc_experiment_code_CONTROL_py_16_csv	0,53254
LARGE_dtc_experiment_code_CONTROL_py_16_csv	LARGE_dtc_experiment_code_CONTROL_py_11_csv	0,53254
LARGE_dtc_experiment_code_CONTROL_py_10_csv	LARGE_dtc_experiment_code_CONTROL_py_18_csv	0,53571
LARGE_dtc_experiment_code_CONTROL_py_18_csv	LARGE_dtc_experiment_code_CONTROL_py_10_csv	0,53571
LARGE_dtc_experiment_code_CONTROL_py_0_csv	LARGE_dtc_experiment_code_CONTROL_py_12_csv	0,53631
LARGE_dtc_experiment_code_CONTROL_py_12_csv	LARGE_dtc_experiment_code_CONTROL_py_0_csv	0,53631
LARGE_dtc_experiment_code_CONTROL_py_10_csv	LARGE_dtc_experiment_code_CONTROL_py_14_csv	0,54167
LARGE_dtc_experiment_code_CONTROL_py_10_csv	LARGE_dtc_experiment_code_CONTROL_py_16_csv	0,54167
LARGE_dtc_experiment_code_CONTROL_py_14_csv	LARGE_dtc_experiment_code_CONTROL_py_10_csv	0,54167
LARGE_dtc_experiment_code_CONTROL_py_16_csv	LARGE_dtc_experiment_code_CONTROL_py_10_csv	0,54167
LARGE_dtc_experiment_code_CONTROL_py_14_csv	LARGE_dtc_experiment_code_CONTROL_py_16_csv	0,54217
LARGE_dtc_experiment_code_CONTROL_py_16_csv	LARGE_dtc_experiment_code_CONTROL_py_14_csv	0,54217
LARGE_dtc_experiment_code_CONTROL_py_11_csv	LARGE_dtc_experiment_code_CONTROL_py_15_csv	0,54438
LARGE_dtc_experiment_code_CONTROL_py_15_csv	LARGE_dtc_experiment_code_CONTROL_py_11_csv	0,54438
LARGE_dtc_experiment_code_PROCESS_py_10_csv	LARGE_dtc_experiment_code_PROCESS_py_17_csv	0,54630
LARGE_dtc_experiment_code_PROCESS_py_17_csv	LARGE_dtc_experiment_code_PROCESS_py_10_csv	0,54630
LARGE_dtc_experiment_code_CONTROL_py_14_csv	LARGE_dtc_experiment_code_CONTROL_py_15_csv	0,54658
LARGE_dtc_experiment_code_CONTROL_py_15_csv	LARGE_dtc_experiment_code_CONTROL_py_14_csv	0,54658
LARGE_dtc_experiment_code_CONTROL_py_0_csv	LARGE_dtc_experiment_code_CONTROL_py_11_csv	0,54749
LARGE_dtc_experiment_code_CONTROL_py_11_csv	LARGE_dtc_experiment_code_CONTROL_py_0_csv	0,54749
LARGE_dtc_experiment_code_CONTROL_py_10_csv	LARGE_dtc_experiment_code_CONTROL_py_15_csv	0,54762
LARGE_dtc_experiment_code_CONTROL_py_10_csv	LARGE_dtc_experiment_code_CONTROL_py_17_csv	0,54762
LARGE_dtc_experiment_code_CONTROL_py_15_csv	LARGE_dtc_experiment_code_CONTROL_py_10_csv	0,54762
LARGE_dtc_experiment_code_CONTROL_py_17_csv	LARGE_dtc_experiment_code_CONTROL_py_10_csv	0,54762
LARGE_dtc_experiment_code_CONTROL_py_13_csv	LARGE_dtc_experiment_code_CONTROL_py_14_csv	0,55758
LARGE_dtc_experiment_code_CONTROL_py_14_csv	LARGE_dtc_experiment_code_CONTROL_py_13_csv	0,55758
LARGE_dtc_experiment_code_PROCESS_py_11_csv	LARGE_dtc_experiment_code_PROCESS_py_14_csv	0,55825
LARGE_dtc_experiment_code_PROCESS_py_14_csv	LARGE_dtc_experiment_code_PROCESS_py_11_csv	0,55825
LARGE_dtc_experiment_code_PROCESS_py_11_csv	LARGE_dtc_experiment_code_PROCESS_py_15_csv	0,56132
LARGE_dtc_experiment_code_PROCESS_py_15_csv	LARGE_dtc_experiment_code_PROCESS_py_11_csv	0,56132
LARGE_dtc_experiment_code_PROCESS_py_11_csv	LARGE_dtc_experiment_code_PROCESS_py_16_csv	0,56373
LARGE_dtc_experiment_code_PROCESS_py_16_csv	LARGE_dtc_experiment_code_PROCESS_py_11_csv	0,56373
LARGE_dtc_experiment_code_CONTROL_py_0_csv	LARGE_dtc_experiment_code_CONTROL_py_10_csv	0,56425
LARGE_dtc_experiment_code_CONTROL_py_0_csv	LARGE_dtc_experiment_code_CONTROL_py_15_csv	0,56425
LARGE_dtc_experiment_code_CONTROL_py_0_csv	LARGE_dtc_experiment_code_CONTROL_py_16_csv	0,56425
LARGE_dtc_experiment_code_CONTROL_py_10_csv	LARGE_dtc_experiment_code_CONTROL_py_0_csv	0,56425
LARGE_dtc_experiment_code_CONTROL_py_15_csv	LARGE_dtc_experiment_code_CONTROL_py_0_csv	0,56425
LARGE_dtc_experiment_code_CONTROL_py_16_csv	LARGE_dtc_experiment_code_CONTROL_py_0_csv	0,56425
LARGE_dtc_experiment_code_CONTROL_py_0_csv	LARGE_dtc_experiment_code_CONTROL_py_13_csv	0,56983
LARGE_dtc_experiment_code_CONTROL_py_13_csv	LARGE_dtc_experiment_code_CONTROL_py_0_csv	0,56983
LARGE_dtc_experiment_code_PROCESS_py_14_csv	LARGE_dtc_experiment_code_PROCESS_py_16_csv	0,57282
LARGE_dtc_experiment_code_PROCESS_py_16_csv	LARGE_dtc_experiment_code_PROCESS_py_14_csv	0,57282
LARGE_dtc_experiment_code_PROCESS_py_16_csv	LARGE_dtc_experiment_code_CONTROL_py_16_csv	0,57353
LARGE_dtc_experiment_code_CONTROL_py_16_csv	LARGE_dtc_experiment_code_PROCESS_py_16_csv	0,57353
LARGE_dtc_experiment_code_PROCESS_py_14_csv	LARGE_dtc_experiment_code_PROCESS_py_15_csv	0,57547
LARGE_dtc_experiment_code_PROCESS_py_15_csv	LARGE_dtc_experiment_code_PROCESS_py_14_csv	0,57547
LARGE_dtc_experiment_code_PROCESS_py_10_csv	LARGE_dtc_experiment_code_PROCESS_py_14_csv	0,57674
LARGE_dtc_experiment_code_PROCESS_py_14_csv	LARGE_dtc_experiment_code_PROCESS_py_10_csv	0,57674
LARGE_dtc_experiment_code_PROCESS_py_13_csv	LARGE_dtc_experiment_code_PROCESS_py_14_csv	0,57971
LARGE_dtc_experiment_code_PROCESS_py_14_csv	LARGE_dtc_experiment_code_PROCESS_py_13_csv	0,57971
LARGE_dtc_experiment_code_PROCESS_py_15_csv	LARGE_dtc_experiment_code_CONTROL_py_12_csv	0,58019
LARGE_dtc_experiment_code_CONTROL_py_12_csv	LARGE_dtc_experiment_code_PROCESS_py_15_csv	0,58019
LARGE_dtc_experiment_code_CONTROL_py_0_csv	LARGE_dtc_experiment_code_CONTROL_py_18_csv	0,58101
LARGE_dtc_experiment_code_CONTROL_py_18_csv	LARGE_dtc_experiment_code_CONTROL_py_0_csv	0,58101
LARGE_dtc_experiment_code_PROCESS_py_11_csv	LARGE_dtc_experiment_code_PROCESS_py_17_csv	0,58333
LARGE_dtc_experiment_code_PROCESS_py_17_csv	LARGE_dtc_experiment_code_PROCESS_py_11_csv	0,58333
LARGE_dtc_experiment_code_PROCESS_py_13_csv	LARGE_dtc_experiment_code_PROCESS_py_15_csv	0,58491
LARGE_dtc_experiment_code_PROCESS_py_15_csv	LARGE_dtc_experiment_code_PROCESS_py_13_csv	0,58491
LARGE_dtc_experiment_code_PROCESS_py_0_csv	LARGE_dtc_experiment_code_PROCESS_py_16_csv	0,58537
LARGE_dtc_experiment_code_PROCESS_py_16_csv	LARGE_dtc_experiment_code_PROCESS_py_0_csv	0,58537
LARGE_dtc_experiment_code_PROCESS_py_10_csv	LARGE_dtc_experiment_code_PROCESS_py_15_csv	0,58605
LARGE_dtc_experiment_code_PROCESS_py_10_csv	LARGE_dtc_experiment_code_PROCESS_py_16_csv	0,58605
LARGE_dtc_experiment_code_PROCESS_py_10_csv	LARGE_dtc_experiment_code_CONTROL_py_16_csv	0,58605
LARGE_dtc_experiment_code_PROCESS_py_12_csv	LARGE_dtc_experiment_code_PROCESS_py_14_csv	0,58605
LARGE_dtc_experiment_code_PROCESS_py_14_csv	LARGE_dtc_experiment_code_PROCESS_py_12_csv	0,58605
LARGE_dtc_experiment_code_PROCESS_py_15_csv	LARGE_dtc_experiment_code_PROCESS_py_10_csv	0,58605
LARGE_dtc_experiment_code_PROCESS_py_16_csv	LARGE_dtc_experiment_code_PROCESS_py_10_csv	0,58605
LARGE_dtc_experiment_code_CONTROL_py_16_csv	LARGE_dtc_experiment_code_PROCESS_py_10_csv	0,58605
LARGE_dtc_experiment_code_CONTROL_py_0_csv	LARGE_dtc_experiment_code_CONTROL_py_17_csv	0,58659
LARGE_dtc_experiment_code_CONTROL_py_17_csv	LARGE_dtc_experiment_code_CONTROL_py_0_csv	0,58659
LARGE_dtc_experiment_code_PROCESS_py_12_csv	LARGE_dtc_experiment_code_PROCESS_py_17_csv	0,58796
LARGE_dtc_experiment_code_PROCESS_py_15_csv	LARGE_dtc_experiment_code_PROCESS_py_17_csv	0,58796
LARGE_dtc_experiment_code_PROCESS_py_17_csv	LARGE_dtc_experiment_code_PROCESS_py_12_csv	0,58796
LARGE_dtc_experiment_code_PROCESS_py_17_csv	LARGE_dtc_experiment_code_PROCESS_py_15_csv	0,58796
LARGE_dtc_experiment_code_PROCESS_py_16_csv	LARGE_dtc_experiment_code_CONTROL_py_12_csv	0,58824
LARGE_dtc_experiment_code_CONTROL_py_12_csv	LARGE_dtc_experiment_code_PROCESS_py_16_csv	0,58824
LARGE_dtc_experiment_code_PROCESS_py_15_csv	LARGE_dtc_experiment_code_PROCESS_py_16_csv	0,58962
LARGE_dtc_experiment_code_PROCESS_py_16_csv	LARGE_dtc_experiment_code_PROCESS_py_15_csv	0,58962
LARGE_dtc_experiment_code_PROCESS_py_0_csv	LARGE_dtc_experiment_code_PROCESS_py_10_csv	0,59070
LARGE_dtc_experiment_code_PROCESS_py_10_csv	LARGE_dtc_experiment_code_PROCESS_py_0_csv	0,59070
LARGE_dtc_experiment_code_PROCESS_py_10_csv	LARGE_dtc_experiment_code_PROCESS_py_11_csv	0,59070
LARGE_dtc_experiment_code_PROCESS_py_11_csv	LARGE_dtc_experiment_code_PROCESS_py_10_csv	0,59070
LARGE_dtc_experiment_code_PROCESS_py_11_csv	LARGE_dtc_experiment_code_CONTROL_py_16_csv	0,59113
LARGE_dtc_experiment_code_CONTROL_py_16_csv	LARGE_dtc_experiment_code_PROCESS_py_11_csv	0,59113
LARGE_dtc_experiment_code_PROCESS_py_11_csv	LARGE_dtc_experiment_code_PROCESS_py_13_csv	0,59420
LARGE_dtc_experiment_code_PROCESS_py_13_csv	LARGE_dtc_experiment_code_PROCESS_py_11_csv	0,59420
LARGE_dtc_experiment_code_PROCESS_py_13_csv	LARGE_dtc_experiment_code_PROCESS_py_16_csv	0,59420
LARGE_dtc_experiment_code_PROCESS_py_16_csv	LARGE_dtc_experiment_code_PROCESS_py_13_csv	0,59420
LARGE_dtc_experiment_code_PROCESS_py_0_csv	LARGE_dtc_experiment_code_CONTROL_py_12_csv	0,59512
LARGE_dtc_experiment_code_CONTROL_py_12_csv	LARGE_dtc_experiment_code_PROCESS_py_0_csv	0,59512
LARGE_dtc_experiment_code_PROCESS_py_10_csv	LARGE_dtc_experiment_code_PROCESS_py_12_csv	0,59535
LARGE_dtc_experiment_code_PROCESS_py_10_csv	LARGE_dtc_experiment_code_CONTROL_py_12_csv	0,59535
LARGE_dtc_experiment_code_PROCESS_py_11_csv	LARGE_dtc_experiment_code_PROCESS_py_12_csv	0,59535
LARGE_dtc_experiment_code_PROCESS_py_12_csv	LARGE_dtc_experiment_code_PROCESS_py_10_csv	0,59535
LARGE_dtc_experiment_code_PROCESS_py_12_csv	LARGE_dtc_experiment_code_PROCESS_py_11_csv	0,59535
LARGE_dtc_experiment_code_CONTROL_py_12_csv	LARGE_dtc_experiment_code_PROCESS_py_10_csv	0,59535
LARGE_dtc_experiment_code_PROCESS_py_11_csv	LARGE_dtc_experiment_code_CONTROL_py_12_csv	0,59606
LARGE_dtc_experiment_code_CONTROL_py_12_csv	LARGE_dtc_experiment_code_PROCESS_py_11_csv	0,59606
LARGE_dtc_experiment_code_PROCESS_py_14_csv	LARGE_dtc_experiment_code_CONTROL_py_10_csv	0,59709
LARGE_dtc_experiment_code_PROCESS_py_14_csv	LARGE_dtc_experiment_code_CONTROL_py_12_csv	0,59709
LARGE_dtc_experiment_code_CONTROL_py_10_csv	LARGE_dtc_experiment_code_PROCESS_py_14_csv	0,59709
LARGE_dtc_experiment_code_CONTROL_py_12_csv	LARGE_dtc_experiment_code_PROCESS_py_14_csv	0,59709
LARGE_dtc_experiment_code_PROCESS_py_14_csv	LARGE_dtc_experiment_code_PROCESS_py_17_csv	0,59722
LARGE_dtc_experiment_code_PROCESS_py_17_csv	LARGE_dtc_experiment_code_PROCESS_py_14_csv	0,59722
LARGE_dtc_experiment_code_CONTROL_py_0_csv	LARGE_dtc_experiment_code_CONTROL_py_14_csv	0,59777
LARGE_dtc_experiment_code_CONTROL_py_14_csv	LARGE_dtc_experiment_code_CONTROL_py_0_csv	0,59777
LARGE_dtc_experiment_code_PROCESS_py_16_csv	LARGE_dtc_experiment_code_CONTROL_py_13_csv	0,59804
LARGE_dtc_experiment_code_CONTROL_py_13_csv	LARGE_dtc_experiment_code_PROCESS_py_16_csv	0,59804
LARGE_dtc_experiment_code_PROCESS_py_13_csv	LARGE_dtc_experiment_code_CONTROL_py_11_csv	0,59903
LARGE_dtc_experiment_code_CONTROL_py_11_csv	LARGE_dtc_experiment_code_PROCESS_py_13_csv	0,59903
LARGE_dtc_experiment_code_PROCESS_py_15_csv	LARGE_dtc_experiment_code_CONTROL_py_16_csv	0,59906
LARGE_dtc_experiment_code_CONTROL_py_16_csv	LARGE_dtc_experiment_code_PROCESS_py_15_csv	0,59906
LARGE_dtc_experiment_code_PROCESS_py_12_csv	LARGE_dtc_experiment_code_PROCESS_py_15_csv	0,60000
LARGE_dtc_experiment_code_PROCESS_py_15_csv	LARGE_dtc_experiment_code_PROCESS_py_12_csv	0,60000
LARGE_dtc_experiment_code_PROCESS_py_0_csv	LARGE_dtc_experiment_code_PROCESS_py_17_csv	0,60185
LARGE_dtc_experiment_code_PROCESS_py_16_csv	LARGE_dtc_experiment_code_PROCESS_py_17_csv	0,60185
LARGE_dtc_experiment_code_PROCESS_py_17_csv	LARGE_dtc_experiment_code_PROCESS_py_0_csv	0,60185
LARGE_dtc_experiment_code_PROCESS_py_17_csv	LARGE_dtc_experiment_code_PROCESS_py_16_csv	0,60185
LARGE_dtc_experiment_code_PROCESS_py_17_csv	LARGE_dtc_experiment_code_CONTROL_py_12_csv	0,60185
LARGE_dtc_experiment_code_CONTROL_py_12_csv	LARGE_dtc_experiment_code_PROCESS_py_17_csv	0,60185
LARGE_dtc_experiment_code_PROCESS_py_14_csv	LARGE_dtc_experiment_code_CONTROL_py_11_csv	0,60194
LARGE_dtc_experiment_code_CONTROL_py_11_csv	LARGE_dtc_experiment_code_PROCESS_py_14_csv	0,60194
LARGE_dtc_experiment_code_PROCESS_py_16_csv	LARGE_dtc_experiment_code_CONTROL_py_10_csv	0,60294
LARGE_dtc_experiment_code_PROCESS_py_16_csv	LARGE_dtc_experiment_code_CONTROL_py_11_csv	0,60294
LARGE_dtc_experiment_code_CONTROL_py_10_csv	LARGE_dtc_experiment_code_PROCESS_py_16_csv	0,60294
LARGE_dtc_experiment_code_CONTROL_py_11_csv	LARGE_dtc_experiment_code_PROCESS_py_16_csv	0,60294
LARGE_dtc_experiment_code_PROCESS_py_0_csv	LARGE_dtc_experiment_code_PROCESS_py_15_csv	0,60377
LARGE_dtc_experiment_code_PROCESS_py_15_csv	LARGE_dtc_experiment_code_PROCESS_py_0_csv	0,60377
LARGE_dtc_experiment_code_PROCESS_py_15_csv	LARGE_dtc_experiment_code_CONTROL_py_11_csv	0,60377
LARGE_dtc_experiment_code_CONTROL_py_11_csv	LARGE_dtc_experiment_code_PROCESS_py_15_csv	0,60377
LARGE_dtc_experiment_code_PROCESS_py_18_csv	LARGE_dtc_experiment_code_CONTROL_py_13_csv	0,60406
LARGE_dtc_experiment_code_CONTROL_py_13_csv	LARGE_dtc_experiment_code_PROCESS_py_18_csv	0,60406
LARGE_dtc_experiment_code_PROCESS_py_10_csv	LARGE_dtc_experiment_code_CONTROL_py_13_csv	0,60465
LARGE_dtc_experiment_code_PROCESS_py_12_csv	LARGE_dtc_experiment_code_PROCESS_py_16_csv	0,60465
LARGE_dtc_experiment_code_PROCESS_py_16_csv	LARGE_dtc_experiment_code_PROCESS_py_12_csv	0,60465
LARGE_dtc_experiment_code_CONTROL_py_13_csv	LARGE_dtc_experiment_code_PROCESS_py_10_csv	0,60465
LARGE_dtc_experiment_code_PROCESS_py_0_csv	LARGE_dtc_experiment_code_PROCESS_py_11_csv	0,60488
LARGE_dtc_experiment_code_PROCESS_py_11_csv	LARGE_dtc_experiment_code_PROCESS_py_0_csv	0,60488
LARGE_dtc_experiment_code_PROCESS_py_11_csv	LARGE_dtc_experiment_code_CONTROL_py_11_csv	0,60591
LARGE_dtc_experiment_code_CONTROL_py_11_csv	LARGE_dtc_experiment_code_PROCESS_py_11_csv	0,60591
LARGE_dtc_experiment_code_PROCESS_py_17_csv	LARGE_dtc_experiment_code_CONTROL_py_16_csv	0,60648
LARGE_dtc_experiment_code_CONTROL_py_16_csv	LARGE_dtc_experiment_code_PROCESS_py_17_csv	0,60648
LARGE_dtc_experiment_code_PROCESS_py_0_csv	LARGE_dtc_experiment_code_PROCESS_py_14_csv	0,60680
LARGE_dtc_experiment_code_PROCESS_py_14_csv	LARGE_dtc_experiment_code_PROCESS_py_0_csv	0,60680
LARGE_dtc_experiment_code_PROCESS_py_14_csv	LARGE_dtc_experiment_code_CONTROL_py_13_csv	0,60680
LARGE_dtc_experiment_code_PROCESS_py_14_csv	LARGE_dtc_experiment_code_CONTROL_py_16_csv	0,60680
LARGE_dtc_experiment_code_PROCESS_py_14_csv	LARGE_dtc_experiment_code_CONTROL_py_18_csv	0,60680
LARGE_dtc_experiment_code_CONTROL_py_13_csv	LARGE_dtc_experiment_code_PROCESS_py_14_csv	0,60680
LARGE_dtc_experiment_code_CONTROL_py_16_csv	LARGE_dtc_experiment_code_PROCESS_py_14_csv	0,60680
LARGE_dtc_experiment_code_CONTROL_py_18_csv	LARGE_dtc_experiment_code_PROCESS_py_14_csv	0,60680
LARGE_dtc_experiment_code_PROCESS_py_16_csv	LARGE_dtc_experiment_code_PROCESS_py_18_csv	0,60784
LARGE_dtc_experiment_code_PROCESS_py_16_csv	LARGE_dtc_experiment_code_CONTROL_py_18_csv	0,60784
LARGE_dtc_experiment_code_PROCESS_py_18_csv	LARGE_dtc_experiment_code_PROCESS_py_16_csv	0,60784
LARGE_dtc_experiment_code_CONTROL_py_18_csv	LARGE_dtc_experiment_code_PROCESS_py_16_csv	0,60784
LARGE_dtc_experiment_code_PROCESS_py_15_csv	LARGE_dtc_experiment_code_CONTROL_py_10_csv	0,60849
LARGE_dtc_experiment_code_PROCESS_py_15_csv	LARGE_dtc_experiment_code_CONTROL_py_17_csv	0,60849
LARGE_dtc_experiment_code_CONTROL_py_10_csv	LARGE_dtc_experiment_code_PROCESS_py_15_csv	0,60849
LARGE_dtc_experiment_code_CONTROL_py_17_csv	LARGE_dtc_experiment_code_PROCESS_py_15_csv	0,60849
LARGE_dtc_experiment_code_PROCESS_py_18_csv	LARGE_dtc_experiment_code_CONTROL_py_12_csv	0,60914
LARGE_dtc_experiment_code_PROCESS_py_18_csv	LARGE_dtc_experiment_code_CONTROL_py_18_csv	0,60914
LARGE_dtc_experiment_code_CONTROL_py_12_csv	LARGE_dtc_experiment_code_PROCESS_py_18_csv	0,60914
LARGE_dtc_experiment_code_CONTROL_py_18_csv	LARGE_dtc_experiment_code_PROCESS_py_18_csv	0,60914
LARGE_dtc_experiment_code_PROCESS_py_11_csv	LARGE_dtc_experiment_code_CONTROL_py_13_csv	0,61084
LARGE_dtc_experiment_code_CONTROL_py_13_csv	LARGE_dtc_experiment_code_PROCESS_py_11_csv	0,61084
LARGE_dtc_experiment_code_PROCESS_py_17_csv	LARGE_dtc_experiment_code_CONTROL_py_15_csv	0,61111
LARGE_dtc_experiment_code_PROCESS_py_17_csv	LARGE_dtc_experiment_code_CONTROL_py_18_csv	0,61111
LARGE_dtc_experiment_code_CONTROL_py_15_csv	LARGE_dtc_experiment_code_PROCESS_py_17_csv	0,61111
LARGE_dtc_experiment_code_CONTROL_py_18_csv	LARGE_dtc_experiment_code_PROCESS_py_17_csv	0,61111
LARGE_dtc_experiment_code_PROCESS_py_16_csv	LARGE_dtc_experiment_code_CONTROL_py_0_csv	0,61275
LARGE_dtc_experiment_code_CONTROL_py_0_csv	LARGE_dtc_experiment_code_PROCESS_py_16_csv	0,61275
LARGE_dtc_experiment_code_PROCESS_py_15_csv	LARGE_dtc_experiment_code_CONTROL_py_0_csv	0,61321
LARGE_dtc_experiment_code_PROCESS_py_15_csv	LARGE_dtc_experiment_code_CONTROL_py_13_csv	0,61321
LARGE_dtc_experiment_code_PROCESS_py_15_csv	LARGE_dtc_experiment_code_CONTROL_py_18_csv	0,61321
LARGE_dtc_experiment_code_CONTROL_py_0_csv	LARGE_dtc_experiment_code_PROCESS_py_15_csv	0,61321
LARGE_dtc_experiment_code_CONTROL_py_13_csv	LARGE_dtc_experiment_code_PROCESS_py_15_csv	0,61321
LARGE_dtc_experiment_code_CONTROL_py_18_csv	LARGE_dtc_experiment_code_PROCESS_py_15_csv	0,61321
LARGE_dtc_experiment_code_PROCESS_py_13_csv	LARGE_dtc_experiment_code_CONTROL_py_13_csv	0,61353
LARGE_dtc_experiment_code_CONTROL_py_13_csv	LARGE_dtc_experiment_code_PROCESS_py_13_csv	0,61353
LARGE_dtc_experiment_code_PROCESS_py_10_csv	LARGE_dtc_experiment_code_PROCESS_py_13_csv	0,61395
LARGE_dtc_experiment_code_PROCESS_py_10_csv	LARGE_dtc_experiment_code_CONTROL_py_17_csv	0,61395
LARGE_dtc_experiment_code_PROCESS_py_10_csv	LARGE_dtc_experiment_code_CONTROL_py_18_csv	0,61395
LARGE_dtc_experiment_code_PROCESS_py_13_csv	LARGE_dtc_experiment_code_PROCESS_py_10_csv	0,61395
LARGE_dtc_experiment_code_CONTROL_py_17_csv	LARGE_dtc_experiment_code_PROCESS_py_10_csv	0,61395
LARGE_dtc_experiment_code_CONTROL_py_18_csv	LARGE_dtc_experiment_code_PROCESS_py_10_csv	0,61395
LARGE_dtc_experiment_code_PROCESS_py_18_csv	LARGE_dtc_experiment_code_CONTROL_py_11_csv	0,61421
LARGE_dtc_experiment_code_CONTROL_py_11_csv	LARGE_dtc_experiment_code_PROCESS_py_18_csv	0,61421
LARGE_dtc_experiment_code_PROCESS_py_0_csv	LARGE_dtc_experiment_code_PROCESS_py_18_csv	0,61463
LARGE_dtc_experiment_code_PROCESS_py_0_csv	LARGE_dtc_experiment_code_CONTROL_py_0_csv	0,61463
LARGE_dtc_experiment_code_PROCESS_py_18_csv	LARGE_dtc_experiment_code_PROCESS_py_0_csv	0,61463
LARGE_dtc_experiment_code_CONTROL_py_0_csv	LARGE_dtc_experiment_code_PROCESS_py_0_csv	0,61463
LARGE_dtc_experiment_code_PROCESS_py_17_csv	LARGE_dtc_experiment_code_PROCESS_py_18_csv	0,61574
LARGE_dtc_experiment_code_PROCESS_py_18_csv	LARGE_dtc_experiment_code_PROCESS_py_17_csv	0,61574
LARGE_dtc_experiment_code_PROCESS_py_11_csv	LARGE_dtc_experiment_code_PROCESS_py_18_csv	0,61576
LARGE_dtc_experiment_code_PROCESS_py_18_csv	LARGE_dtc_experiment_code_PROCESS_py_11_csv	0,61576
LARGE_dtc_experiment_code_PROCESS_py_14_csv	LARGE_dtc_experiment_code_CONTROL_py_0_csv	0,61650
LARGE_dtc_experiment_code_PROCESS_py_14_csv	LARGE_dtc_experiment_code_CONTROL_py_14_csv	0,61650
LARGE_dtc_experiment_code_PROCESS_py_14_csv	LARGE_dtc_experiment_code_CONTROL_py_15_csv	0,61650
LARGE_dtc_experiment_code_CONTROL_py_0_csv	LARGE_dtc_experiment_code_PROCESS_py_14_csv	0,61650
LARGE_dtc_experiment_code_CONTROL_py_14_csv	LARGE_dtc_experiment_code_PROCESS_py_14_csv	0,61650
LARGE_dtc_experiment_code_CONTROL_py_15_csv	LARGE_dtc_experiment_code_PROCESS_py_14_csv	0,61650
LARGE_dtc_experiment_code_PROCESS_py_10_csv	LARGE_dtc_experiment_code_PROCESS_py_18_csv	0,61860
LARGE_dtc_experiment_code_PROCESS_py_10_csv	LARGE_dtc_experiment_code_CONTROL_py_11_csv	0,61860
LARGE_dtc_experiment_code_PROCESS_py_12_csv	LARGE_dtc_experiment_code_PROCESS_py_13_csv	0,61860
LARGE_dtc_experiment_code_PROCESS_py_13_csv	LARGE_dtc_experiment_code_PROCESS_py_12_csv	0,61860
LARGE_dtc_experiment_code_PROCESS_py_18_csv	LARGE_dtc_experiment_code_PROCESS_py_10_csv	0,61860
LARGE_dtc_experiment_code_CONTROL_py_11_csv	LARGE_dtc_experiment_code_PROCESS_py_10_csv	0,61860
LARGE_dtc_experiment_code_PROCESS_py_18_csv	LARGE_dtc_experiment_code_CONTROL_py_10_csv	0,61929
LARGE_dtc_experiment_code_PROCESS_py_18_csv	LARGE_dtc_experiment_code_CONTROL_py_15_csv	0,61929
LARGE_dtc_experiment_code_PROCESS_py_18_csv	LARGE_dtc_experiment_code_CONTROL_py_16_csv	0,61929
LARGE_dtc_experiment_code_CONTROL_py_10_csv	LARGE_dtc_experiment_code_PROCESS_py_18_csv	0,61929
LARGE_dtc_experiment_code_CONTROL_py_15_csv	LARGE_dtc_experiment_code_PROCESS_py_18_csv	0,61929
LARGE_dtc_experiment_code_CONTROL_py_16_csv	LARGE_dtc_experiment_code_PROCESS_py_18_csv	0,61929
LARGE_dtc_experiment_code_PROCESS_py_17_csv	LARGE_dtc_experiment_code_CONTROL_py_11_csv	0,62037
LARGE_dtc_experiment_code_PROCESS_py_17_csv	LARGE_dtc_experiment_code_CONTROL_py_13_csv	0,62037
LARGE_dtc_experiment_code_CONTROL_py_11_csv	LARGE_dtc_experiment_code_PROCESS_py_17_csv	0,62037
LARGE_dtc_experiment_code_CONTROL_py_13_csv	LARGE_dtc_experiment_code_PROCESS_py_17_csv	0,62037
LARGE_dtc_experiment_code_PROCESS_py_11_csv	LARGE_dtc_experiment_code_CONTROL_py_10_csv	0,62069
LARGE_dtc_experiment_code_PROCESS_py_11_csv	LARGE_dtc_experiment_code_CONTROL_py_17_csv	0,62069
LARGE_dtc_experiment_code_CONTROL_py_10_csv	LARGE_dtc_experiment_code_PROCESS_py_11_csv	0,62069
LARGE_dtc_experiment_code_CONTROL_py_17_csv	LARGE_dtc_experiment_code_PROCESS_py_11_csv	0,62069
LARGE_dtc_experiment_code_PROCESS_py_14_csv	LARGE_dtc_experiment_code_CONTROL_py_17_csv	0,62136
LARGE_dtc_experiment_code_CONTROL_py_17_csv	LARGE_dtc_experiment_code_PROCESS_py_14_csv	0,62136
LARGE_dtc_experiment_code_PROCESS_py_16_csv	LARGE_dtc_experiment_code_CONTROL_py_14_csv	0,62255
LARGE_dtc_experiment_code_PROCESS_py_16_csv	LARGE_dtc_experiment_code_CONTROL_py_15_csv	0,62255
LARGE_dtc_experiment_code_CONTROL_py_14_csv	LARGE_dtc_experiment_code_PROCESS_py_16_csv	0,62255
LARGE_dtc_experiment_code_CONTROL_py_15_csv	LARGE_dtc_experiment_code_PROCESS_py_16_csv	0,62255
LARGE_dtc_experiment_code_PROCESS_py_10_csv	LARGE_dtc_experiment_code_CONTROL_py_15_csv	0,62326
LARGE_dtc_experiment_code_PROCESS_py_12_csv	LARGE_dtc_experiment_code_CONTROL_py_16_csv	0,62326
LARGE_dtc_experiment_code_CONTROL_py_15_csv	LARGE_dtc_experiment_code_PROCESS_py_10_csv	0,62326
LARGE_dtc_experiment_code_CONTROL_py_16_csv	LARGE_dtc_experiment_code_PROCESS_py_12_csv	0,62326
LARGE_dtc_experiment_code_PROCESS_py_0_csv	LARGE_dtc_experiment_code_CONTROL_py_16_csv	0,62439
LARGE_dtc_experiment_code_CONTROL_py_16_csv	LARGE_dtc_experiment_code_PROCESS_py_0_csv	0,62439
LARGE_dtc_experiment_code_PROCESS_py_13_csv	LARGE_dtc_experiment_code_PROCESS_py_17_csv	0,62500
LARGE_dtc_experiment_code_PROCESS_py_17_csv	LARGE_dtc_experiment_code_PROCESS_py_13_csv	0,62500
LARGE_dtc_experiment_code_PROCESS_py_17_csv	LARGE_dtc_experiment_code_CONTROL_py_10_csv	0,62500
LARGE_dtc_experiment_code_PROCESS_py_17_csv	LARGE_dtc_experiment_code_CONTROL_py_17_csv	0,62500
LARGE_dtc_experiment_code_CONTROL_py_10_csv	LARGE_dtc_experiment_code_PROCESS_py_17_csv	0,62500
LARGE_dtc_experiment_code_CONTROL_py_17_csv	LARGE_dtc_experiment_code_PROCESS_py_17_csv	0,62500
LARGE_dtc_experiment_code_PROCESS_py_14_csv	LARGE_dtc_experiment_code_PROCESS_py_18_csv	0,62621
LARGE_dtc_experiment_code_PROCESS_py_18_csv	LARGE_dtc_experiment_code_PROCESS_py_14_csv	0,62621
LARGE_dtc_experiment_code_PROCESS_py_16_csv	LARGE_dtc_experiment_code_CONTROL_py_17_csv	0,62745
LARGE_dtc_experiment_code_CONTROL_py_17_csv	LARGE_dtc_experiment_code_PROCESS_py_16_csv	0,62745
LARGE_dtc_experiment_code_PROCESS_py_10_csv	LARGE_dtc_experiment_code_CONTROL_py_0_csv	0,62791
LARGE_dtc_experiment_code_PROCESS_py_12_csv	LARGE_dtc_experiment_code_CONTROL_py_11_csv	0,62791
LARGE_dtc_experiment_code_CONTROL_py_0_csv	LARGE_dtc_experiment_code_PROCESS_py_10_csv	0,62791
LARGE_dtc_experiment_code_CONTROL_py_11_csv	LARGE_dtc_experiment_code_PROCESS_py_12_csv	0,62791
LARGE_dtc_experiment_code_PROCESS_py_13_csv	LARGE_dtc_experiment_code_CONTROL_py_15_csv	0,62802
LARGE_dtc_experiment_code_PROCESS_py_13_csv	LARGE_dtc_experiment_code_CONTROL_py_18_csv	0,62802
LARGE_dtc_experiment_code_CONTROL_py_15_csv	LARGE_dtc_experiment_code_PROCESS_py_13_csv	0,62802
LARGE_dtc_experiment_code_CONTROL_py_18_csv	LARGE_dtc_experiment_code_PROCESS_py_13_csv	0,62802
LARGE_dtc_experiment_code_PROCESS_py_0_csv	LARGE_dtc_experiment_code_CONTROL_py_11_csv	0,62927
LARGE_dtc_experiment_code_CONTROL_py_11_csv	LARGE_dtc_experiment_code_PROCESS_py_0_csv	0,62927
LARGE_dtc_experiment_code_PROCESS_py_17_csv	LARGE_dtc_experiment_code_CONTROL_py_14_csv	0,62963
LARGE_dtc_experiment_code_CONTROL_py_14_csv	LARGE_dtc_experiment_code_PROCESS_py_17_csv	0,62963
LARGE_dtc_experiment_code_PROCESS_py_11_csv	LARGE_dtc_experiment_code_CONTROL_py_15_csv	0,63054
LARGE_dtc_experiment_code_PROCESS_py_11_csv	LARGE_dtc_experiment_code_CONTROL_py_18_csv	0,63054
LARGE_dtc_experiment_code_CONTROL_py_15_csv	LARGE_dtc_experiment_code_PROCESS_py_11_csv	0,63054
LARGE_dtc_experiment_code_CONTROL_py_18_csv	LARGE_dtc_experiment_code_PROCESS_py_11_csv	0,63054
LARGE_dtc_experiment_code_PROCESS_py_15_csv	LARGE_dtc_experiment_code_PROCESS_py_18_csv	0,63208
LARGE_dtc_experiment_code_PROCESS_py_15_csv	LARGE_dtc_experiment_code_CONTROL_py_14_csv	0,63208
LARGE_dtc_experiment_code_PROCESS_py_15_csv	LARGE_dtc_experiment_code_CONTROL_py_15_csv	0,63208
LARGE_dtc_experiment_code_PROCESS_py_18_csv	LARGE_dtc_experiment_code_PROCESS_py_15_csv	0,63208
LARGE_dtc_experiment_code_CONTROL_py_14_csv	LARGE_dtc_experiment_code_PROCESS_py_15_csv	0,63208
LARGE_dtc_experiment_code_CONTROL_py_15_csv	LARGE_dtc_experiment_code_PROCESS_py_15_csv	0,63208
LARGE_dtc_experiment_code_PROCESS_py_10_csv	LARGE_dtc_experiment_code_CONTROL_py_10_csv	0,63256
LARGE_dtc_experiment_code_PROCESS_py_10_csv	LARGE_dtc_experiment_code_CONTROL_py_14_csv	0,63256
LARGE_dtc_experiment_code_PROCESS_py_12_csv	LARGE_dtc_experiment_code_CONTROL_py_12_csv	0,63256
LARGE_dtc_experiment_code_CONTROL_py_10_csv	LARGE_dtc_experiment_code_PROCESS_py_10_csv	0,63256
LARGE_dtc_experiment_code_CONTROL_py_12_csv	LARGE_dtc_experiment_code_PROCESS_py_12_csv	0,63256
LARGE_dtc_experiment_code_CONTROL_py_14_csv	LARGE_dtc_experiment_code_PROCESS_py_10_csv	0,63256
LARGE_dtc_experiment_code_PROCESS_py_13_csv	LARGE_dtc_experiment_code_CONTROL_py_10_csv	0,63285
LARGE_dtc_experiment_code_PROCESS_py_13_csv	LARGE_dtc_experiment_code_CONTROL_py_12_csv	0,63285
LARGE_dtc_experiment_code_PROCESS_py_13_csv	LARGE_dtc_experiment_code_CONTROL_py_17_csv	0,63285
LARGE_dtc_experiment_code_CONTROL_py_10_csv	LARGE_dtc_experiment_code_PROCESS_py_13_csv	0,63285
LARGE_dtc_experiment_code_CONTROL_py_12_csv	LARGE_dtc_experiment_code_PROCESS_py_13_csv	0,63285
LARGE_dtc_experiment_code_CONTROL_py_17_csv	LARGE_dtc_experiment_code_PROCESS_py_13_csv	0,63285
LARGE_dtc_experiment_code_PROCESS_py_0_csv	LARGE_dtc_experiment_code_CONTROL_py_13_csv	0,63415
LARGE_dtc_experiment_code_PROCESS_py_0_csv	LARGE_dtc_experiment_code_CONTROL_py_17_csv	0,63415
LARGE_dtc_experiment_code_CONTROL_py_13_csv	LARGE_dtc_experiment_code_PROCESS_py_0_csv	0,63415
LARGE_dtc_experiment_code_CONTROL_py_17_csv	LARGE_dtc_experiment_code_PROCESS_py_0_csv	0,63415
LARGE_dtc_experiment_code_PROCESS_py_11_csv	LARGE_dtc_experiment_code_CONTROL_py_0_csv	0,63547
LARGE_dtc_experiment_code_CONTROL_py_0_csv	LARGE_dtc_experiment_code_PROCESS_py_11_csv	0,63547
LARGE_dtc_experiment_code_PROCESS_py_12_csv	LARGE_dtc_experiment_code_CONTROL_py_10_csv	0,63721
LARGE_dtc_experiment_code_PROCESS_py_12_csv	LARGE_dtc_experiment_code_CONTROL_py_13_csv	0,63721
LARGE_dtc_experiment_code_CONTROL_py_10_csv	LARGE_dtc_experiment_code_PROCESS_py_12_csv	0,63721
LARGE_dtc_experiment_code_CONTROL_py_13_csv	LARGE_dtc_experiment_code_PROCESS_py_12_csv	0,63721
LARGE_dtc_experiment_code_PROCESS_py_13_csv	LARGE_dtc_experiment_code_CONTROL_py_16_csv	0,63768
LARGE_dtc_experiment_code_CONTROL_py_16_csv	LARGE_dtc_experiment_code_PROCESS_py_13_csv	0,63768
LARGE_dtc_experiment_code_PROCESS_py_17_csv	LARGE_dtc_experiment_code_CONTROL_py_0_csv	0,63889
LARGE_dtc_experiment_code_CONTROL_py_0_csv	LARGE_dtc_experiment_code_PROCESS_py_17_csv	0,63889
LARGE_dtc_experiment_code_PROCESS_py_0_csv	LARGE_dtc_experiment_code_CONTROL_py_15_csv	0,63902
LARGE_dtc_experiment_code_CONTROL_py_15_csv	LARGE_dtc_experiment_code_PROCESS_py_0_csv	0,63902
LARGE_dtc_experiment_code_PROCESS_py_0_csv	LARGE_dtc_experiment_code_PROCESS_py_12_csv	0,64186
LARGE_dtc_experiment_code_PROCESS_py_12_csv	LARGE_dtc_experiment_code_PROCESS_py_0_csv	0,64186
LARGE_dtc_experiment_code_PROCESS_py_12_csv	LARGE_dtc_experiment_code_CONTROL_py_18_csv	0,64186
LARGE_dtc_experiment_code_CONTROL_py_18_csv	LARGE_dtc_experiment_code_PROCESS_py_12_csv	0,64186
LARGE_dtc_experiment_code_PROCESS_py_0_csv	LARGE_dtc_experiment_code_PROCESS_py_13_csv	0,64251
LARGE_dtc_experiment_code_PROCESS_py_13_csv	LARGE_dtc_experiment_code_PROCESS_py_0_csv	0,64251
LARGE_dtc_experiment_code_PROCESS_py_13_csv	LARGE_dtc_experiment_code_PROCESS_py_18_csv	0,64251
LARGE_dtc_experiment_code_PROCESS_py_13_csv	LARGE_dtc_experiment_code_CONTROL_py_14_csv	0,64251
LARGE_dtc_experiment_code_PROCESS_py_18_csv	LARGE_dtc_experiment_code_PROCESS_py_13_csv	0,64251
LARGE_dtc_experiment_code_CONTROL_py_14_csv	LARGE_dtc_experiment_code_PROCESS_py_13_csv	0,64251
LARGE_dtc_experiment_code_PROCESS_py_0_csv	LARGE_dtc_experiment_code_CONTROL_py_18_csv	0,64390
LARGE_dtc_experiment_code_CONTROL_py_18_csv	LARGE_dtc_experiment_code_PROCESS_py_0_csv	0,64390
LARGE_dtc_experiment_code_PROCESS_py_13_csv	LARGE_dtc_experiment_code_CONTROL_py_0_csv	0,64734
LARGE_dtc_experiment_code_CONTROL_py_0_csv	LARGE_dtc_experiment_code_PROCESS_py_13_csv	0,64734
LARGE_dtc_experiment_code_PROCESS_py_0_csv	LARGE_dtc_experiment_code_CONTROL_py_10_csv	0,64878
LARGE_dtc_experiment_code_CONTROL_py_10_csv	LARGE_dtc_experiment_code_PROCESS_py_0_csv	0,64878
LARGE_dtc_experiment_code_PROCESS_py_18_csv	LARGE_dtc_experiment_code_CONTROL_py_0_csv	0,64975
LARGE_dtc_experiment_code_PROCESS_py_18_csv	LARGE_dtc_experiment_code_CONTROL_py_14_csv	0,64975
LARGE_dtc_experiment_code_PROCESS_py_18_csv	LARGE_dtc_experiment_code_CONTROL_py_17_csv	0,64975
LARGE_dtc_experiment_code_CONTROL_py_0_csv	LARGE_dtc_experiment_code_PROCESS_py_18_csv	0,64975
LARGE_dtc_experiment_code_CONTROL_py_14_csv	LARGE_dtc_experiment_code_PROCESS_py_18_csv	0,64975
LARGE_dtc_experiment_code_CONTROL_py_17_csv	LARGE_dtc_experiment_code_PROCESS_py_18_csv	0,64975
LARGE_dtc_experiment_code_PROCESS_py_11_csv	LARGE_dtc_experiment_code_CONTROL_py_14_csv	0,65025
LARGE_dtc_experiment_code_CONTROL_py_14_csv	LARGE_dtc_experiment_code_PROCESS_py_11_csv	0,65025
LARGE_dtc_experiment_code_PROCESS_py_12_csv	LARGE_dtc_experiment_code_PROCESS_py_18_csv	0,66047
LARGE_dtc_experiment_code_PROCESS_py_12_csv	LARGE_dtc_experiment_code_CONTROL_py_15_csv	0,66047
LARGE_dtc_experiment_code_PROCESS_py_12_csv	LARGE_dtc_experiment_code_CONTROL_py_17_csv	0,66047
LARGE_dtc_experiment_code_PROCESS_py_18_csv	LARGE_dtc_experiment_code_PROCESS_py_12_csv	0,66047
LARGE_dtc_experiment_code_CONTROL_py_15_csv	LARGE_dtc_experiment_code_PROCESS_py_12_csv	0,66047
LARGE_dtc_experiment_code_CONTROL_py_17_csv	LARGE_dtc_experiment_code_PROCESS_py_12_csv	0,66047
LARGE_dtc_experiment_code_PROCESS_py_12_csv	LARGE_dtc_experiment_code_CONTROL_py_14_csv	0,66512
LARGE_dtc_experiment_code_CONTROL_py_14_csv	LARGE_dtc_experiment_code_PROCESS_py_12_csv	0,66512
LARGE_dtc_experiment_code_PROCESS_py_0_csv	LARGE_dtc_experiment_code_CONTROL_py_14_csv	0,66829
LARGE_dtc_experiment_code_CONTROL_py_14_csv	LARGE_dtc_experiment_code_PROCESS_py_0_csv	0,66829
LARGE_dtc_experiment_code_PROCESS_py_12_csv	LARGE_dtc_experiment_code_CONTROL_py_0_csv	0,68837
LARGE_dtc_experiment_code_CONTROL_py_0_csv	LARGE_dtc_experiment_code_PROCESS_py_12_csv	0,68837
