LARGE_dtc_experiment_code_MEMORY_py_12_csv	LARGE_dtc_experiment_code_MEMORY_py_12_csv	0,23308
LARGE_dtc_experiment_code_MEMORY_py_14_csv	LARGE_dtc_experiment_code_MEMORY_py_14_csv	0,23704
LARGE_dtc_experiment_code_CONTROL_py_0_csv	LARGE_dtc_experiment_code_CONTROL_py_0_csv	0,23926
LARGE_dtc_experiment_code_MEMORY_py_16_csv	LARGE_dtc_experiment_code_MEMORY_py_16_csv	0,24818
LARGE_dtc_experiment_code_CONTROL_py_15_csv	LARGE_dtc_experiment_code_CONTROL_py_15_csv	0,25000
LARGE_dtc_experiment_code_MEMORY_py_18_csv	LARGE_dtc_experiment_code_MEMORY_py_18_csv	0,25735
LARGE_dtc_experiment_code_CONTROL_py_13_csv	LARGE_dtc_experiment_code_CONTROL_py_13_csv	0,25874
LARGE_dtc_experiment_code_CONTROL_py_12_csv	LARGE_dtc_experiment_code_CONTROL_py_12_csv	0,26573
LARGE_dtc_experiment_code_MEMORY_py_11_csv	LARGE_dtc_experiment_code_MEMORY_py_11_csv	0,26761
LARGE_dtc_experiment_code_MEMORY_py_10_csv	LARGE_dtc_experiment_code_MEMORY_py_10_csv	0,26950
LARGE_dtc_experiment_code_MEMORY_py_17_csv	LARGE_dtc_experiment_code_MEMORY_py_17_csv	0,27586
LARGE_dtc_experiment_code_MEMORY_py_13_csv	LARGE_dtc_experiment_code_MEMORY_py_13_csv	0,28058
LARGE_dtc_experiment_code_MEMORY_py_15_csv	LARGE_dtc_experiment_code_MEMORY_py_15_csv	0,28058
LARGE_dtc_experiment_code_CONTROL_py_11_csv	LARGE_dtc_experiment_code_CONTROL_py_11_csv	0,28169
LARGE_dtc_experiment_code_CONTROL_py_14_csv	LARGE_dtc_experiment_code_CONTROL_py_14_csv	0,28169
LARGE_dtc_experiment_code_CONTROL_py_10_csv	LARGE_dtc_experiment_code_CONTROL_py_10_csv	0,28571
LARGE_dtc_experiment_code_CONTROL_py_18_csv	LARGE_dtc_experiment_code_CONTROL_py_18_csv	0,28986
LARGE_dtc_experiment_code_CONTROL_py_16_csv	LARGE_dtc_experiment_code_CONTROL_py_16_csv	0,29054
LARGE_dtc_experiment_code_CONTROL_py_17_csv	LARGE_dtc_experiment_code_CONTROL_py_17_csv	0,29139
LARGE_dtc_experiment_code_MEMORY_py_0_csv	LARGE_dtc_experiment_code_MEMORY_py_0_csv	0,29530
LARGE_dtc_experiment_code_CONTROL_py_15_csv	LARGE_dtc_experiment_code_MEMORY_py_14_csv	0,69118
LARGE_dtc_experiment_code_MEMORY_py_17_csv	LARGE_dtc_experiment_code_CONTROL_py_16_csv	0,69595
LARGE_dtc_experiment_code_MEMORY_py_0_csv	LARGE_dtc_experiment_code_CONTROL_py_17_csv	0,70199
LARGE_dtc_experiment_code_MEMORY_py_16_csv	LARGE_dtc_experiment_code_MEMORY_py_10_csv	0,70213
LARGE_dtc_experiment_code_MEMORY_py_14_csv	LARGE_dtc_experiment_code_CONTROL_py_18_csv	0,70290
LARGE_dtc_experiment_code_MEMORY_py_18_csv	LARGE_dtc_experiment_code_CONTROL_py_15_csv	0,70588
LARGE_dtc_experiment_code_MEMORY_py_12_csv	LARGE_dtc_experiment_code_CONTROL_py_13_csv	0,70629
LARGE_dtc_experiment_code_CONTROL_py_13_csv	LARGE_dtc_experiment_code_MEMORY_py_12_csv	0,70629
LARGE_dtc_experiment_code_CONTROL_py_16_csv	LARGE_dtc_experiment_code_MEMORY_py_17_csv	0,70946
LARGE_dtc_experiment_code_MEMORY_py_18_csv	LARGE_dtc_experiment_code_MEMORY_py_12_csv	0,71324
LARGE_dtc_experiment_code_MEMORY_py_16_csv	LARGE_dtc_experiment_code_CONTROL_py_12_csv	0,71329
LARGE_dtc_experiment_code_MEMORY_py_18_csv	LARGE_dtc_experiment_code_CONTROL_py_13_csv	0,71329
LARGE_dtc_experiment_code_CONTROL_py_13_csv	LARGE_dtc_experiment_code_MEMORY_py_18_csv	0,71329
LARGE_dtc_experiment_code_MEMORY_py_17_csv	LARGE_dtc_experiment_code_MEMORY_py_14_csv	0,71724
LARGE_dtc_experiment_code_MEMORY_py_11_csv	LARGE_dtc_experiment_code_MEMORY_py_16_csv	0,71831
LARGE_dtc_experiment_code_MEMORY_py_14_csv	LARGE_dtc_experiment_code_CONTROL_py_11_csv	0,71831
LARGE_dtc_experiment_code_MEMORY_py_15_csv	LARGE_dtc_experiment_code_CONTROL_py_18_csv	0,71942
LARGE_dtc_experiment_code_MEMORY_py_13_csv	LARGE_dtc_experiment_code_CONTROL_py_12_csv	0,72028
LARGE_dtc_experiment_code_MEMORY_py_14_csv	LARGE_dtc_experiment_code_CONTROL_py_12_csv	0,72028
LARGE_dtc_experiment_code_CONTROL_py_11_csv	LARGE_dtc_experiment_code_CONTROL_py_12_csv	0,72028
LARGE_dtc_experiment_code_CONTROL_py_12_csv	LARGE_dtc_experiment_code_MEMORY_py_16_csv	0,72028
LARGE_dtc_experiment_code_MEMORY_py_14_csv	LARGE_dtc_experiment_code_CONTROL_py_15_csv	0,72059
LARGE_dtc_experiment_code_MEMORY_py_18_csv	LARGE_dtc_experiment_code_MEMORY_py_16_csv	0,72263
LARGE_dtc_experiment_code_MEMORY_py_10_csv	LARGE_dtc_experiment_code_MEMORY_py_16_csv	0,72340
LARGE_dtc_experiment_code_MEMORY_py_15_csv	LARGE_dtc_experiment_code_MEMORY_py_10_csv	0,72340
LARGE_dtc_experiment_code_MEMORY_py_11_csv	LARGE_dtc_experiment_code_MEMORY_py_10_csv	0,72535
LARGE_dtc_experiment_code_MEMORY_py_16_csv	LARGE_dtc_experiment_code_MEMORY_py_11_csv	0,72535
LARGE_dtc_experiment_code_CONTROL_py_11_csv	LARGE_dtc_experiment_code_MEMORY_py_14_csv	0,72535
LARGE_dtc_experiment_code_MEMORY_py_14_csv	LARGE_dtc_experiment_code_MEMORY_py_13_csv	0,72662
LARGE_dtc_experiment_code_MEMORY_py_15_csv	LARGE_dtc_experiment_code_MEMORY_py_13_csv	0,72662
LARGE_dtc_experiment_code_CONTROL_py_12_csv	LARGE_dtc_experiment_code_MEMORY_py_13_csv	0,72727
LARGE_dtc_experiment_code_CONTROL_py_12_csv	LARGE_dtc_experiment_code_CONTROL_py_11_csv	0,72727
LARGE_dtc_experiment_code_CONTROL_py_13_csv	LARGE_dtc_experiment_code_MEMORY_py_10_csv	0,72727
LARGE_dtc_experiment_code_CONTROL_py_10_csv	LARGE_dtc_experiment_code_CONTROL_py_11_csv	0,72789
LARGE_dtc_experiment_code_CONTROL_py_11_csv	LARGE_dtc_experiment_code_CONTROL_py_10_csv	0,72789
LARGE_dtc_experiment_code_CONTROL_py_15_csv	LARGE_dtc_experiment_code_MEMORY_py_18_csv	0,72794
LARGE_dtc_experiment_code_MEMORY_py_18_csv	LARGE_dtc_experiment_code_CONTROL_py_17_csv	0,72848
LARGE_dtc_experiment_code_MEMORY_py_16_csv	LARGE_dtc_experiment_code_CONTROL_py_16_csv	0,72973
LARGE_dtc_experiment_code_CONTROL_py_16_csv	LARGE_dtc_experiment_code_CONTROL_py_12_csv	0,72973
LARGE_dtc_experiment_code_MEMORY_py_14_csv	LARGE_dtc_experiment_code_MEMORY_py_16_csv	0,72993
LARGE_dtc_experiment_code_MEMORY_py_16_csv	LARGE_dtc_experiment_code_MEMORY_py_18_csv	0,72993
LARGE_dtc_experiment_code_MEMORY_py_16_csv	LARGE_dtc_experiment_code_CONTROL_py_15_csv	0,72993
LARGE_dtc_experiment_code_CONTROL_py_15_csv	LARGE_dtc_experiment_code_MEMORY_py_16_csv	0,72993
LARGE_dtc_experiment_code_CONTROL_py_0_csv	LARGE_dtc_experiment_code_CONTROL_py_17_csv	0,73006
LARGE_dtc_experiment_code_MEMORY_py_17_csv	LARGE_dtc_experiment_code_MEMORY_py_18_csv	0,73103
LARGE_dtc_experiment_code_MEMORY_py_17_csv	LARGE_dtc_experiment_code_CONTROL_py_13_csv	0,73103
LARGE_dtc_experiment_code_MEMORY_py_11_csv	LARGE_dtc_experiment_code_MEMORY_py_12_csv	0,73239
LARGE_dtc_experiment_code_MEMORY_py_12_csv	LARGE_dtc_experiment_code_MEMORY_py_11_csv	0,73239
LARGE_dtc_experiment_code_MEMORY_py_18_csv	LARGE_dtc_experiment_code_CONTROL_py_11_csv	0,73239
LARGE_dtc_experiment_code_CONTROL_py_11_csv	LARGE_dtc_experiment_code_MEMORY_py_13_csv	0,73239
LARGE_dtc_experiment_code_CONTROL_py_14_csv	LARGE_dtc_experiment_code_MEMORY_py_13_csv	0,73239
LARGE_dtc_experiment_code_CONTROL_py_15_csv	LARGE_dtc_experiment_code_MEMORY_py_11_csv	0,73239
LARGE_dtc_experiment_code_MEMORY_py_13_csv	LARGE_dtc_experiment_code_MEMORY_py_16_csv	0,73381
LARGE_dtc_experiment_code_MEMORY_py_14_csv	LARGE_dtc_experiment_code_MEMORY_py_15_csv	0,73381
LARGE_dtc_experiment_code_MEMORY_py_12_csv	LARGE_dtc_experiment_code_CONTROL_py_12_csv	0,73427
LARGE_dtc_experiment_code_MEMORY_py_14_csv	LARGE_dtc_experiment_code_CONTROL_py_13_csv	0,73427
LARGE_dtc_experiment_code_MEMORY_py_15_csv	LARGE_dtc_experiment_code_CONTROL_py_12_csv	0,73427
LARGE_dtc_experiment_code_CONTROL_py_13_csv	LARGE_dtc_experiment_code_MEMORY_py_16_csv	0,73427
LARGE_dtc_experiment_code_CONTROL_py_13_csv	LARGE_dtc_experiment_code_CONTROL_py_12_csv	0,73427
LARGE_dtc_experiment_code_CONTROL_py_13_csv	LARGE_dtc_experiment_code_CONTROL_py_15_csv	0,73427
LARGE_dtc_experiment_code_CONTROL_py_15_csv	LARGE_dtc_experiment_code_CONTROL_py_13_csv	0,73427
LARGE_dtc_experiment_code_MEMORY_py_18_csv	LARGE_dtc_experiment_code_CONTROL_py_10_csv	0,73469
LARGE_dtc_experiment_code_CONTROL_py_12_csv	LARGE_dtc_experiment_code_CONTROL_py_17_csv	0,73510
LARGE_dtc_experiment_code_CONTROL_py_13_csv	LARGE_dtc_experiment_code_CONTROL_py_17_csv	0,73510
LARGE_dtc_experiment_code_CONTROL_py_17_csv	LARGE_dtc_experiment_code_CONTROL_py_12_csv	0,73510
LARGE_dtc_experiment_code_MEMORY_py_12_csv	LARGE_dtc_experiment_code_MEMORY_py_18_csv	0,73529
LARGE_dtc_experiment_code_MEMORY_py_18_csv	LARGE_dtc_experiment_code_MEMORY_py_14_csv	0,73529
LARGE_dtc_experiment_code_MEMORY_py_10_csv	LARGE_dtc_experiment_code_MEMORY_py_15_csv	0,73759
LARGE_dtc_experiment_code_MEMORY_py_14_csv	LARGE_dtc_experiment_code_MEMORY_py_10_csv	0,73759
LARGE_dtc_experiment_code_MEMORY_py_14_csv	LARGE_dtc_experiment_code_MEMORY_py_17_csv	0,73793
LARGE_dtc_experiment_code_MEMORY_py_17_csv	LARGE_dtc_experiment_code_MEMORY_py_16_csv	0,73793
LARGE_dtc_experiment_code_MEMORY_py_17_csv	LARGE_dtc_experiment_code_CONTROL_py_12_csv	0,73793
LARGE_dtc_experiment_code_MEMORY_py_18_csv	LARGE_dtc_experiment_code_MEMORY_py_17_csv	0,73793
LARGE_dtc_experiment_code_MEMORY_py_0_csv	LARGE_dtc_experiment_code_CONTROL_py_18_csv	0,73826
LARGE_dtc_experiment_code_CONTROL_py_15_csv	LARGE_dtc_experiment_code_CONTROL_py_18_csv	0,73913
LARGE_dtc_experiment_code_MEMORY_py_11_csv	LARGE_dtc_experiment_code_CONTROL_py_14_csv	0,73944
LARGE_dtc_experiment_code_MEMORY_py_11_csv	LARGE_dtc_experiment_code_CONTROL_py_15_csv	0,73944
LARGE_dtc_experiment_code_MEMORY_py_16_csv	LARGE_dtc_experiment_code_CONTROL_py_14_csv	0,73944
LARGE_dtc_experiment_code_CONTROL_py_14_csv	LARGE_dtc_experiment_code_MEMORY_py_10_csv	0,73944
LARGE_dtc_experiment_code_CONTROL_py_14_csv	LARGE_dtc_experiment_code_CONTROL_py_11_csv	0,73944
LARGE_dtc_experiment_code_MEMORY_py_15_csv	LARGE_dtc_experiment_code_MEMORY_py_14_csv	0,74101
LARGE_dtc_experiment_code_MEMORY_py_16_csv	LARGE_dtc_experiment_code_MEMORY_py_13_csv	0,74101
LARGE_dtc_experiment_code_MEMORY_py_18_csv	LARGE_dtc_experiment_code_MEMORY_py_13_csv	0,74101
LARGE_dtc_experiment_code_MEMORY_py_11_csv	LARGE_dtc_experiment_code_CONTROL_py_12_csv	0,74126
LARGE_dtc_experiment_code_MEMORY_py_11_csv	LARGE_dtc_experiment_code_CONTROL_py_13_csv	0,74126
LARGE_dtc_experiment_code_MEMORY_py_16_csv	LARGE_dtc_experiment_code_CONTROL_py_13_csv	0,74126
LARGE_dtc_experiment_code_CONTROL_py_11_csv	LARGE_dtc_experiment_code_CONTROL_py_13_csv	0,74126
LARGE_dtc_experiment_code_CONTROL_py_12_csv	LARGE_dtc_experiment_code_MEMORY_py_14_csv	0,74126
LARGE_dtc_experiment_code_CONTROL_py_12_csv	LARGE_dtc_experiment_code_CONTROL_py_13_csv	0,74126
LARGE_dtc_experiment_code_CONTROL_py_12_csv	LARGE_dtc_experiment_code_CONTROL_py_18_csv	0,74126
LARGE_dtc_experiment_code_CONTROL_py_14_csv	LARGE_dtc_experiment_code_CONTROL_py_12_csv	0,74126
LARGE_dtc_experiment_code_CONTROL_py_10_csv	LARGE_dtc_experiment_code_MEMORY_py_18_csv	0,74150
LARGE_dtc_experiment_code_MEMORY_py_14_csv	LARGE_dtc_experiment_code_CONTROL_py_17_csv	0,74172
LARGE_dtc_experiment_code_MEMORY_py_17_csv	LARGE_dtc_experiment_code_CONTROL_py_17_csv	0,74172
LARGE_dtc_experiment_code_CONTROL_py_17_csv	LARGE_dtc_experiment_code_CONTROL_py_13_csv	0,74172
LARGE_dtc_experiment_code_MEMORY_py_14_csv	LARGE_dtc_experiment_code_CONTROL_py_0_csv	0,74233
LARGE_dtc_experiment_code_MEMORY_py_12_csv	LARGE_dtc_experiment_code_CONTROL_py_15_csv	0,74265
LARGE_dtc_experiment_code_CONTROL_py_15_csv	LARGE_dtc_experiment_code_MEMORY_py_12_csv	0,74265
LARGE_dtc_experiment_code_MEMORY_py_14_csv	LARGE_dtc_experiment_code_CONTROL_py_16_csv	0,74324
LARGE_dtc_experiment_code_MEMORY_py_18_csv	LARGE_dtc_experiment_code_CONTROL_py_16_csv	0,74324
LARGE_dtc_experiment_code_CONTROL_py_13_csv	LARGE_dtc_experiment_code_CONTROL_py_16_csv	0,74324
LARGE_dtc_experiment_code_CONTROL_py_16_csv	LARGE_dtc_experiment_code_MEMORY_py_10_csv	0,74324
LARGE_dtc_experiment_code_CONTROL_py_16_csv	LARGE_dtc_experiment_code_MEMORY_py_12_csv	0,74324
LARGE_dtc_experiment_code_CONTROL_py_16_csv	LARGE_dtc_experiment_code_MEMORY_py_16_csv	0,74324
LARGE_dtc_experiment_code_MEMORY_py_16_csv	LARGE_dtc_experiment_code_MEMORY_py_14_csv	0,74453
LARGE_dtc_experiment_code_MEMORY_py_13_csv	LARGE_dtc_experiment_code_MEMORY_py_10_csv	0,74468
LARGE_dtc_experiment_code_MEMORY_py_17_csv	LARGE_dtc_experiment_code_MEMORY_py_10_csv	0,74483
LARGE_dtc_experiment_code_MEMORY_py_17_csv	LARGE_dtc_experiment_code_MEMORY_py_12_csv	0,74483
LARGE_dtc_experiment_code_MEMORY_py_17_csv	LARGE_dtc_experiment_code_CONTROL_py_15_csv	0,74483
LARGE_dtc_experiment_code_MEMORY_py_17_csv	LARGE_dtc_experiment_code_CONTROL_py_18_csv	0,74483
LARGE_dtc_experiment_code_MEMORY_py_14_csv	LARGE_dtc_experiment_code_MEMORY_py_0_csv	0,74497
LARGE_dtc_experiment_code_MEMORY_py_16_csv	LARGE_dtc_experiment_code_CONTROL_py_18_csv	0,74638
LARGE_dtc_experiment_code_MEMORY_py_13_csv	LARGE_dtc_experiment_code_CONTROL_py_11_csv	0,74648
LARGE_dtc_experiment_code_MEMORY_py_13_csv	LARGE_dtc_experiment_code_CONTROL_py_14_csv	0,74648
LARGE_dtc_experiment_code_MEMORY_py_14_csv	LARGE_dtc_experiment_code_MEMORY_py_11_csv	0,74648
LARGE_dtc_experiment_code_MEMORY_py_15_csv	LARGE_dtc_experiment_code_CONTROL_py_11_csv	0,74648
LARGE_dtc_experiment_code_CONTROL_py_11_csv	LARGE_dtc_experiment_code_MEMORY_py_16_csv	0,74648
LARGE_dtc_experiment_code_CONTROL_py_11_csv	LARGE_dtc_experiment_code_MEMORY_py_18_csv	0,74648
LARGE_dtc_experiment_code_CONTROL_py_14_csv	LARGE_dtc_experiment_code_MEMORY_py_16_csv	0,74648
LARGE_dtc_experiment_code_MEMORY_py_13_csv	LARGE_dtc_experiment_code_CONTROL_py_18_csv	0,74820
LARGE_dtc_experiment_code_MEMORY_py_10_csv	LARGE_dtc_experiment_code_CONTROL_py_13_csv	0,74825
LARGE_dtc_experiment_code_CONTROL_py_13_csv	LARGE_dtc_experiment_code_MEMORY_py_11_csv	0,74825
LARGE_dtc_experiment_code_CONTROL_py_13_csv	LARGE_dtc_experiment_code_MEMORY_py_14_csv	0,74825
LARGE_dtc_experiment_code_CONTROL_py_13_csv	LARGE_dtc_experiment_code_CONTROL_py_11_csv	0,74825
LARGE_dtc_experiment_code_CONTROL_py_15_csv	LARGE_dtc_experiment_code_CONTROL_py_12_csv	0,74825
LARGE_dtc_experiment_code_MEMORY_py_12_csv	LARGE_dtc_experiment_code_CONTROL_py_10_csv	0,74830
LARGE_dtc_experiment_code_MEMORY_py_13_csv	LARGE_dtc_experiment_code_CONTROL_py_10_csv	0,74830
LARGE_dtc_experiment_code_MEMORY_py_15_csv	LARGE_dtc_experiment_code_CONTROL_py_10_csv	0,74830
LARGE_dtc_experiment_code_CONTROL_py_10_csv	LARGE_dtc_experiment_code_MEMORY_py_11_csv	0,74830
LARGE_dtc_experiment_code_CONTROL_py_10_csv	LARGE_dtc_experiment_code_MEMORY_py_13_csv	0,74830
LARGE_dtc_experiment_code_MEMORY_py_11_csv	LARGE_dtc_experiment_code_CONTROL_py_17_csv	0,74834
LARGE_dtc_experiment_code_MEMORY_py_16_csv	LARGE_dtc_experiment_code_CONTROL_py_17_csv	0,74834
LARGE_dtc_experiment_code_CONTROL_py_16_csv	LARGE_dtc_experiment_code_CONTROL_py_17_csv	0,74834
LARGE_dtc_experiment_code_CONTROL_py_17_csv	LARGE_dtc_experiment_code_CONTROL_py_16_csv	0,74834
LARGE_dtc_experiment_code_MEMORY_py_0_csv	LARGE_dtc_experiment_code_CONTROL_py_0_csv	0,74847
LARGE_dtc_experiment_code_CONTROL_py_0_csv	LARGE_dtc_experiment_code_MEMORY_py_0_csv	0,74847
LARGE_dtc_experiment_code_CONTROL_py_0_csv	LARGE_dtc_experiment_code_MEMORY_py_14_csv	0,74847
LARGE_dtc_experiment_code_CONTROL_py_0_csv	LARGE_dtc_experiment_code_CONTROL_py_12_csv	0,74847
LARGE_dtc_experiment_code_CONTROL_py_0_csv	LARGE_dtc_experiment_code_CONTROL_py_16_csv	0,74847
LARGE_dtc_experiment_code_CONTROL_py_18_csv	LARGE_dtc_experiment_code_CONTROL_py_0_csv	0,74847
LARGE_dtc_experiment_code_MEMORY_py_11_csv	LARGE_dtc_experiment_code_CONTROL_py_16_csv	0,75000
LARGE_dtc_experiment_code_MEMORY_py_12_csv	LARGE_dtc_experiment_code_CONTROL_py_16_csv	0,75000
LARGE_dtc_experiment_code_MEMORY_py_14_csv	LARGE_dtc_experiment_code_MEMORY_py_18_csv	0,75000
LARGE_dtc_experiment_code_CONTROL_py_12_csv	LARGE_dtc_experiment_code_CONTROL_py_16_csv	0,75000
LARGE_dtc_experiment_code_CONTROL_py_16_csv	LARGE_dtc_experiment_code_CONTROL_py_13_csv	0,75000
LARGE_dtc_experiment_code_MEMORY_py_0_csv	LARGE_dtc_experiment_code_CONTROL_py_13_csv	0,75168
LARGE_dtc_experiment_code_MEMORY_py_0_csv	LARGE_dtc_experiment_code_CONTROL_py_16_csv	0,75168
LARGE_dtc_experiment_code_CONTROL_py_13_csv	LARGE_dtc_experiment_code_MEMORY_py_17_csv	0,75172
LARGE_dtc_experiment_code_CONTROL_py_15_csv	LARGE_dtc_experiment_code_MEMORY_py_17_csv	0,75172
LARGE_dtc_experiment_code_MEMORY_py_10_csv	LARGE_dtc_experiment_code_CONTROL_py_18_csv	0,75177
LARGE_dtc_experiment_code_MEMORY_py_10_csv	LARGE_dtc_experiment_code_MEMORY_py_11_csv	0,75352
LARGE_dtc_experiment_code_MEMORY_py_10_csv	LARGE_dtc_experiment_code_CONTROL_py_14_csv	0,75352
LARGE_dtc_experiment_code_MEMORY_py_11_csv	LARGE_dtc_experiment_code_MEMORY_py_13_csv	0,75352
LARGE_dtc_experiment_code_MEMORY_py_11_csv	LARGE_dtc_experiment_code_MEMORY_py_14_csv	0,75352
LARGE_dtc_experiment_code_MEMORY_py_16_csv	LARGE_dtc_experiment_code_CONTROL_py_11_csv	0,75352
LARGE_dtc_experiment_code_CONTROL_py_11_csv	LARGE_dtc_experiment_code_MEMORY_py_15_csv	0,75352
LARGE_dtc_experiment_code_CONTROL_py_11_csv	LARGE_dtc_experiment_code_CONTROL_py_14_csv	0,75352
LARGE_dtc_experiment_code_CONTROL_py_14_csv	LARGE_dtc_experiment_code_MEMORY_py_12_csv	0,75352
LARGE_dtc_experiment_code_CONTROL_py_15_csv	LARGE_dtc_experiment_code_CONTROL_py_14_csv	0,75352
LARGE_dtc_experiment_code_CONTROL_py_18_csv	LARGE_dtc_experiment_code_MEMORY_py_14_csv	0,75362
LARGE_dtc_experiment_code_CONTROL_py_17_csv	LARGE_dtc_experiment_code_CONTROL_py_0_csv	0,75460
LARGE_dtc_experiment_code_MEMORY_py_13_csv	LARGE_dtc_experiment_code_CONTROL_py_17_csv	0,75497
LARGE_dtc_experiment_code_CONTROL_py_11_csv	LARGE_dtc_experiment_code_CONTROL_py_17_csv	0,75497
LARGE_dtc_experiment_code_CONTROL_py_15_csv	LARGE_dtc_experiment_code_CONTROL_py_17_csv	0,75497
LARGE_dtc_experiment_code_CONTROL_py_17_csv	LARGE_dtc_experiment_code_MEMORY_py_0_csv	0,75497
LARGE_dtc_experiment_code_MEMORY_py_11_csv	LARGE_dtc_experiment_code_CONTROL_py_10_csv	0,75510
LARGE_dtc_experiment_code_CONTROL_py_10_csv	LARGE_dtc_experiment_code_MEMORY_py_12_csv	0,75510
LARGE_dtc_experiment_code_CONTROL_py_10_csv	LARGE_dtc_experiment_code_MEMORY_py_16_csv	0,75510
LARGE_dtc_experiment_code_CONTROL_py_10_csv	LARGE_dtc_experiment_code_CONTROL_py_12_csv	0,75510
LARGE_dtc_experiment_code_CONTROL_py_14_csv	LARGE_dtc_experiment_code_CONTROL_py_10_csv	0,75510
LARGE_dtc_experiment_code_MEMORY_py_10_csv	LARGE_dtc_experiment_code_CONTROL_py_12_csv	0,75524
LARGE_dtc_experiment_code_MEMORY_py_15_csv	LARGE_dtc_experiment_code_CONTROL_py_13_csv	0,75524
LARGE_dtc_experiment_code_MEMORY_py_18_csv	LARGE_dtc_experiment_code_CONTROL_py_12_csv	0,75524
LARGE_dtc_experiment_code_CONTROL_py_12_csv	LARGE_dtc_experiment_code_MEMORY_py_10_csv	0,75524
LARGE_dtc_experiment_code_CONTROL_py_12_csv	LARGE_dtc_experiment_code_MEMORY_py_12_csv	0,75524
LARGE_dtc_experiment_code_CONTROL_py_12_csv	LARGE_dtc_experiment_code_MEMORY_py_15_csv	0,75524
LARGE_dtc_experiment_code_CONTROL_py_14_csv	LARGE_dtc_experiment_code_CONTROL_py_13_csv	0,75524
LARGE_dtc_experiment_code_CONTROL_py_18_csv	LARGE_dtc_experiment_code_CONTROL_py_12_csv	0,75524
LARGE_dtc_experiment_code_MEMORY_py_12_csv	LARGE_dtc_experiment_code_MEMORY_py_15_csv	0,75540
LARGE_dtc_experiment_code_MEMORY_py_13_csv	LARGE_dtc_experiment_code_MEMORY_py_14_csv	0,75540
LARGE_dtc_experiment_code_MEMORY_py_13_csv	LARGE_dtc_experiment_code_MEMORY_py_15_csv	0,75540
LARGE_dtc_experiment_code_MEMORY_py_15_csv	LARGE_dtc_experiment_code_MEMORY_py_12_csv	0,75540
LARGE_dtc_experiment_code_MEMORY_py_15_csv	LARGE_dtc_experiment_code_MEMORY_py_16_csv	0,75540
LARGE_dtc_experiment_code_CONTROL_py_15_csv	LARGE_dtc_experiment_code_MEMORY_py_13_csv	0,75540
LARGE_dtc_experiment_code_MEMORY_py_12_csv	LARGE_dtc_experiment_code_MEMORY_py_14_csv	0,75556
LARGE_dtc_experiment_code_MEMORY_py_14_csv	LARGE_dtc_experiment_code_MEMORY_py_12_csv	0,75556
LARGE_dtc_experiment_code_MEMORY_py_10_csv	LARGE_dtc_experiment_code_CONTROL_py_16_csv	0,75676
LARGE_dtc_experiment_code_MEMORY_py_15_csv	LARGE_dtc_experiment_code_CONTROL_py_16_csv	0,75676
LARGE_dtc_experiment_code_CONTROL_py_16_csv	LARGE_dtc_experiment_code_MEMORY_py_11_csv	0,75676
LARGE_dtc_experiment_code_CONTROL_py_16_csv	LARGE_dtc_experiment_code_MEMORY_py_13_csv	0,75676
LARGE_dtc_experiment_code_CONTROL_py_16_csv	LARGE_dtc_experiment_code_MEMORY_py_14_csv	0,75676
LARGE_dtc_experiment_code_CONTROL_py_16_csv	LARGE_dtc_experiment_code_MEMORY_py_18_csv	0,75676
LARGE_dtc_experiment_code_CONTROL_py_16_csv	LARGE_dtc_experiment_code_CONTROL_py_14_csv	0,75676
LARGE_dtc_experiment_code_CONTROL_py_16_csv	LARGE_dtc_experiment_code_CONTROL_py_18_csv	0,75676
LARGE_dtc_experiment_code_MEMORY_py_0_csv	LARGE_dtc_experiment_code_MEMORY_py_13_csv	0,75839
LARGE_dtc_experiment_code_MEMORY_py_0_csv	LARGE_dtc_experiment_code_MEMORY_py_14_csv	0,75839
LARGE_dtc_experiment_code_MEMORY_py_0_csv	LARGE_dtc_experiment_code_CONTROL_py_12_csv	0,75839
LARGE_dtc_experiment_code_CONTROL_py_11_csv	LARGE_dtc_experiment_code_MEMORY_py_0_csv	0,75839
LARGE_dtc_experiment_code_CONTROL_py_12_csv	LARGE_dtc_experiment_code_MEMORY_py_0_csv	0,75839
LARGE_dtc_experiment_code_CONTROL_py_13_csv	LARGE_dtc_experiment_code_MEMORY_py_0_csv	0,75839
LARGE_dtc_experiment_code_CONTROL_py_16_csv	LARGE_dtc_experiment_code_MEMORY_py_0_csv	0,75839
LARGE_dtc_experiment_code_MEMORY_py_11_csv	LARGE_dtc_experiment_code_MEMORY_py_17_csv	0,75862
LARGE_dtc_experiment_code_MEMORY_py_13_csv	LARGE_dtc_experiment_code_MEMORY_py_17_csv	0,75862
LARGE_dtc_experiment_code_MEMORY_py_16_csv	LARGE_dtc_experiment_code_MEMORY_py_17_csv	0,75862
LARGE_dtc_experiment_code_MEMORY_py_17_csv	LARGE_dtc_experiment_code_MEMORY_py_11_csv	0,75862
LARGE_dtc_experiment_code_MEMORY_py_17_csv	LARGE_dtc_experiment_code_MEMORY_py_13_csv	0,75862
LARGE_dtc_experiment_code_MEMORY_py_10_csv	LARGE_dtc_experiment_code_MEMORY_py_14_csv	0,75887
LARGE_dtc_experiment_code_MEMORY_py_18_csv	LARGE_dtc_experiment_code_MEMORY_py_10_csv	0,75887
LARGE_dtc_experiment_code_CONTROL_py_15_csv	LARGE_dtc_experiment_code_MEMORY_py_10_csv	0,75887
LARGE_dtc_experiment_code_MEMORY_py_12_csv	LARGE_dtc_experiment_code_MEMORY_py_16_csv	0,75912
LARGE_dtc_experiment_code_MEMORY_py_16_csv	LARGE_dtc_experiment_code_MEMORY_py_12_csv	0,75912
LARGE_dtc_experiment_code_MEMORY_py_11_csv	LARGE_dtc_experiment_code_MEMORY_py_18_csv	0,76056
LARGE_dtc_experiment_code_MEMORY_py_11_csv	LARGE_dtc_experiment_code_CONTROL_py_18_csv	0,76056
LARGE_dtc_experiment_code_MEMORY_py_12_csv	LARGE_dtc_experiment_code_CONTROL_py_11_csv	0,76056
LARGE_dtc_experiment_code_MEMORY_py_12_csv	LARGE_dtc_experiment_code_CONTROL_py_14_csv	0,76056
LARGE_dtc_experiment_code_MEMORY_py_15_csv	LARGE_dtc_experiment_code_CONTROL_py_14_csv	0,76056
LARGE_dtc_experiment_code_MEMORY_py_18_csv	LARGE_dtc_experiment_code_MEMORY_py_11_csv	0,76056
LARGE_dtc_experiment_code_CONTROL_py_11_csv	LARGE_dtc_experiment_code_MEMORY_py_12_csv	0,76056
LARGE_dtc_experiment_code_CONTROL_py_14_csv	LARGE_dtc_experiment_code_MEMORY_py_11_csv	0,76056
LARGE_dtc_experiment_code_CONTROL_py_14_csv	LARGE_dtc_experiment_code_MEMORY_py_15_csv	0,76056
LARGE_dtc_experiment_code_MEMORY_py_18_csv	LARGE_dtc_experiment_code_CONTROL_py_0_csv	0,76074
LARGE_dtc_experiment_code_CONTROL_py_0_csv	LARGE_dtc_experiment_code_CONTROL_py_13_csv	0,76074
LARGE_dtc_experiment_code_CONTROL_py_0_csv	LARGE_dtc_experiment_code_CONTROL_py_18_csv	0,76074
LARGE_dtc_experiment_code_CONTROL_py_12_csv	LARGE_dtc_experiment_code_CONTROL_py_0_csv	0,76074
LARGE_dtc_experiment_code_MEMORY_py_15_csv	LARGE_dtc_experiment_code_CONTROL_py_17_csv	0,76159
LARGE_dtc_experiment_code_CONTROL_py_17_csv	LARGE_dtc_experiment_code_MEMORY_py_14_csv	0,76159
LARGE_dtc_experiment_code_CONTROL_py_17_csv	LARGE_dtc_experiment_code_CONTROL_py_11_csv	0,76159
LARGE_dtc_experiment_code_CONTROL_py_17_csv	LARGE_dtc_experiment_code_CONTROL_py_18_csv	0,76159
LARGE_dtc_experiment_code_MEMORY_py_16_csv	LARGE_dtc_experiment_code_CONTROL_py_10_csv	0,76190
LARGE_dtc_experiment_code_CONTROL_py_10_csv	LARGE_dtc_experiment_code_MEMORY_py_15_csv	0,76190
LARGE_dtc_experiment_code_CONTROL_py_10_csv	LARGE_dtc_experiment_code_CONTROL_py_14_csv	0,76190
LARGE_dtc_experiment_code_CONTROL_py_12_csv	LARGE_dtc_experiment_code_CONTROL_py_14_csv	0,76224
LARGE_dtc_experiment_code_CONTROL_py_13_csv	LARGE_dtc_experiment_code_MEMORY_py_15_csv	0,76224
LARGE_dtc_experiment_code_CONTROL_py_13_csv	LARGE_dtc_experiment_code_CONTROL_py_14_csv	0,76224
LARGE_dtc_experiment_code_MEMORY_py_13_csv	LARGE_dtc_experiment_code_MEMORY_py_18_csv	0,76259
LARGE_dtc_experiment_code_MEMORY_py_15_csv	LARGE_dtc_experiment_code_CONTROL_py_15_csv	0,76259
LARGE_dtc_experiment_code_MEMORY_py_16_csv	LARGE_dtc_experiment_code_MEMORY_py_15_csv	0,76259
LARGE_dtc_experiment_code_CONTROL_py_15_csv	LARGE_dtc_experiment_code_MEMORY_py_15_csv	0,76259
LARGE_dtc_experiment_code_CONTROL_py_14_csv	LARGE_dtc_experiment_code_CONTROL_py_16_csv	0,76351
LARGE_dtc_experiment_code_CONTROL_py_16_csv	LARGE_dtc_experiment_code_MEMORY_py_15_csv	0,76351
LARGE_dtc_experiment_code_MEMORY_py_0_csv	LARGE_dtc_experiment_code_MEMORY_py_15_csv	0,76510
LARGE_dtc_experiment_code_MEMORY_py_0_csv	LARGE_dtc_experiment_code_CONTROL_py_11_csv	0,76510
LARGE_dtc_experiment_code_MEMORY_py_11_csv	LARGE_dtc_experiment_code_MEMORY_py_0_csv	0,76510
LARGE_dtc_experiment_code_MEMORY_py_12_csv	LARGE_dtc_experiment_code_MEMORY_py_0_csv	0,76510
LARGE_dtc_experiment_code_MEMORY_py_16_csv	LARGE_dtc_experiment_code_MEMORY_py_0_csv	0,76510
LARGE_dtc_experiment_code_MEMORY_py_17_csv	LARGE_dtc_experiment_code_CONTROL_py_11_csv	0,76552
LARGE_dtc_experiment_code_CONTROL_py_12_csv	LARGE_dtc_experiment_code_MEMORY_py_17_csv	0,76552
LARGE_dtc_experiment_code_MEMORY_py_12_csv	LARGE_dtc_experiment_code_MEMORY_py_10_csv	0,76596
LARGE_dtc_experiment_code_MEMORY_py_17_csv	LARGE_dtc_experiment_code_CONTROL_py_0_csv	0,76687
LARGE_dtc_experiment_code_CONTROL_py_0_csv	LARGE_dtc_experiment_code_MEMORY_py_12_csv	0,76687
LARGE_dtc_experiment_code_CONTROL_py_0_csv	LARGE_dtc_experiment_code_MEMORY_py_17_csv	0,76687
LARGE_dtc_experiment_code_CONTROL_py_0_csv	LARGE_dtc_experiment_code_MEMORY_py_18_csv	0,76687
LARGE_dtc_experiment_code_CONTROL_py_16_csv	LARGE_dtc_experiment_code_CONTROL_py_0_csv	0,76687
LARGE_dtc_experiment_code_MEMORY_py_10_csv	LARGE_dtc_experiment_code_CONTROL_py_11_csv	0,76761
LARGE_dtc_experiment_code_MEMORY_py_11_csv	LARGE_dtc_experiment_code_MEMORY_py_15_csv	0,76761
LARGE_dtc_experiment_code_MEMORY_py_14_csv	LARGE_dtc_experiment_code_CONTROL_py_14_csv	0,76761
LARGE_dtc_experiment_code_MEMORY_py_15_csv	LARGE_dtc_experiment_code_MEMORY_py_11_csv	0,76761
LARGE_dtc_experiment_code_MEMORY_py_18_csv	LARGE_dtc_experiment_code_CONTROL_py_14_csv	0,76761
LARGE_dtc_experiment_code_CONTROL_py_14_csv	LARGE_dtc_experiment_code_CONTROL_py_18_csv	0,76761
LARGE_dtc_experiment_code_CONTROL_py_15_csv	LARGE_dtc_experiment_code_CONTROL_py_11_csv	0,76761
LARGE_dtc_experiment_code_MEMORY_py_18_csv	LARGE_dtc_experiment_code_CONTROL_py_18_csv	0,76812
LARGE_dtc_experiment_code_CONTROL_py_18_csv	LARGE_dtc_experiment_code_MEMORY_py_16_csv	0,76812
LARGE_dtc_experiment_code_MEMORY_py_12_csv	LARGE_dtc_experiment_code_CONTROL_py_17_csv	0,76821
LARGE_dtc_experiment_code_CONTROL_py_14_csv	LARGE_dtc_experiment_code_CONTROL_py_17_csv	0,76821
LARGE_dtc_experiment_code_CONTROL_py_17_csv	LARGE_dtc_experiment_code_MEMORY_py_13_csv	0,76821
LARGE_dtc_experiment_code_CONTROL_py_17_csv	LARGE_dtc_experiment_code_MEMORY_py_16_csv	0,76821
LARGE_dtc_experiment_code_CONTROL_py_17_csv	LARGE_dtc_experiment_code_MEMORY_py_17_csv	0,76821
LARGE_dtc_experiment_code_MEMORY_py_14_csv	LARGE_dtc_experiment_code_CONTROL_py_10_csv	0,76871
LARGE_dtc_experiment_code_MEMORY_py_17_csv	LARGE_dtc_experiment_code_CONTROL_py_10_csv	0,76871
LARGE_dtc_experiment_code_CONTROL_py_10_csv	LARGE_dtc_experiment_code_CONTROL_py_13_csv	0,76871
LARGE_dtc_experiment_code_CONTROL_py_12_csv	LARGE_dtc_experiment_code_CONTROL_py_10_csv	0,76871
LARGE_dtc_experiment_code_CONTROL_py_13_csv	LARGE_dtc_experiment_code_CONTROL_py_18_csv	0,76923
LARGE_dtc_experiment_code_MEMORY_py_12_csv	LARGE_dtc_experiment_code_MEMORY_py_13_csv	0,76978
LARGE_dtc_experiment_code_MEMORY_py_13_csv	LARGE_dtc_experiment_code_MEMORY_py_12_csv	0,76978
LARGE_dtc_experiment_code_MEMORY_py_15_csv	LARGE_dtc_experiment_code_MEMORY_py_18_csv	0,76978
LARGE_dtc_experiment_code_MEMORY_py_18_csv	LARGE_dtc_experiment_code_MEMORY_py_15_csv	0,76978
LARGE_dtc_experiment_code_CONTROL_py_18_csv	LARGE_dtc_experiment_code_MEMORY_py_15_csv	0,76978
LARGE_dtc_experiment_code_MEMORY_py_13_csv	LARGE_dtc_experiment_code_CONTROL_py_16_csv	0,77027
LARGE_dtc_experiment_code_CONTROL_py_15_csv	LARGE_dtc_experiment_code_CONTROL_py_16_csv	0,77027
LARGE_dtc_experiment_code_CONTROL_py_16_csv	LARGE_dtc_experiment_code_CONTROL_py_11_csv	0,77027
LARGE_dtc_experiment_code_CONTROL_py_16_csv	LARGE_dtc_experiment_code_CONTROL_py_15_csv	0,77027
LARGE_dtc_experiment_code_MEMORY_py_0_csv	LARGE_dtc_experiment_code_MEMORY_py_16_csv	0,77181
LARGE_dtc_experiment_code_CONTROL_py_15_csv	LARGE_dtc_experiment_code_MEMORY_py_0_csv	0,77181
LARGE_dtc_experiment_code_MEMORY_py_10_csv	LARGE_dtc_experiment_code_MEMORY_py_17_csv	0,77241
LARGE_dtc_experiment_code_MEMORY_py_12_csv	LARGE_dtc_experiment_code_MEMORY_py_17_csv	0,77241
LARGE_dtc_experiment_code_MEMORY_py_17_csv	LARGE_dtc_experiment_code_MEMORY_py_15_csv	0,77241
LARGE_dtc_experiment_code_MEMORY_py_17_csv	LARGE_dtc_experiment_code_CONTROL_py_14_csv	0,77241
LARGE_dtc_experiment_code_CONTROL_py_11_csv	LARGE_dtc_experiment_code_MEMORY_py_17_csv	0,77241
LARGE_dtc_experiment_code_MEMORY_py_11_csv	LARGE_dtc_experiment_code_CONTROL_py_0_csv	0,77301
LARGE_dtc_experiment_code_MEMORY_py_16_csv	LARGE_dtc_experiment_code_CONTROL_py_0_csv	0,77301
LARGE_dtc_experiment_code_CONTROL_py_0_csv	LARGE_dtc_experiment_code_MEMORY_py_13_csv	0,77301
LARGE_dtc_experiment_code_CONTROL_py_0_csv	LARGE_dtc_experiment_code_MEMORY_py_16_csv	0,77301
LARGE_dtc_experiment_code_CONTROL_py_0_csv	LARGE_dtc_experiment_code_CONTROL_py_10_csv	0,77301
LARGE_dtc_experiment_code_CONTROL_py_11_csv	LARGE_dtc_experiment_code_CONTROL_py_0_csv	0,77301
LARGE_dtc_experiment_code_CONTROL_py_13_csv	LARGE_dtc_experiment_code_CONTROL_py_0_csv	0,77301
LARGE_dtc_experiment_code_MEMORY_py_10_csv	LARGE_dtc_experiment_code_MEMORY_py_12_csv	0,77305
LARGE_dtc_experiment_code_CONTROL_py_18_csv	LARGE_dtc_experiment_code_MEMORY_py_10_csv	0,77305
LARGE_dtc_experiment_code_MEMORY_py_11_csv	LARGE_dtc_experiment_code_CONTROL_py_11_csv	0,77465
LARGE_dtc_experiment_code_CONTROL_py_11_csv	LARGE_dtc_experiment_code_MEMORY_py_10_csv	0,77465
LARGE_dtc_experiment_code_CONTROL_py_11_csv	LARGE_dtc_experiment_code_MEMORY_py_11_csv	0,77465
LARGE_dtc_experiment_code_CONTROL_py_11_csv	LARGE_dtc_experiment_code_CONTROL_py_15_csv	0,77465
LARGE_dtc_experiment_code_CONTROL_py_14_csv	LARGE_dtc_experiment_code_MEMORY_py_14_csv	0,77465
LARGE_dtc_experiment_code_CONTROL_py_14_csv	LARGE_dtc_experiment_code_CONTROL_py_15_csv	0,77465
LARGE_dtc_experiment_code_CONTROL_py_10_csv	LARGE_dtc_experiment_code_CONTROL_py_17_csv	0,77483
LARGE_dtc_experiment_code_CONTROL_py_17_csv	LARGE_dtc_experiment_code_CONTROL_py_10_csv	0,77483
LARGE_dtc_experiment_code_CONTROL_py_18_csv	LARGE_dtc_experiment_code_CONTROL_py_17_csv	0,77483
LARGE_dtc_experiment_code_MEMORY_py_12_csv	LARGE_dtc_experiment_code_CONTROL_py_18_csv	0,77536
LARGE_dtc_experiment_code_CONTROL_py_10_csv	LARGE_dtc_experiment_code_MEMORY_py_10_csv	0,77551
LARGE_dtc_experiment_code_CONTROL_py_10_csv	LARGE_dtc_experiment_code_MEMORY_py_14_csv	0,77551
LARGE_dtc_experiment_code_CONTROL_py_10_csv	LARGE_dtc_experiment_code_CONTROL_py_15_csv	0,77551
LARGE_dtc_experiment_code_CONTROL_py_12_csv	LARGE_dtc_experiment_code_MEMORY_py_11_csv	0,77622
LARGE_dtc_experiment_code_CONTROL_py_12_csv	LARGE_dtc_experiment_code_MEMORY_py_18_csv	0,77622
LARGE_dtc_experiment_code_CONTROL_py_12_csv	LARGE_dtc_experiment_code_CONTROL_py_15_csv	0,77622
LARGE_dtc_experiment_code_MEMORY_py_13_csv	LARGE_dtc_experiment_code_CONTROL_py_15_csv	0,77698
LARGE_dtc_experiment_code_CONTROL_py_18_csv	LARGE_dtc_experiment_code_MEMORY_py_13_csv	0,77698
LARGE_dtc_experiment_code_CONTROL_py_10_csv	LARGE_dtc_experiment_code_CONTROL_py_16_csv	0,77703
LARGE_dtc_experiment_code_CONTROL_py_11_csv	LARGE_dtc_experiment_code_CONTROL_py_16_csv	0,77703
LARGE_dtc_experiment_code_MEMORY_py_0_csv	LARGE_dtc_experiment_code_MEMORY_py_10_csv	0,77852
LARGE_dtc_experiment_code_MEMORY_py_0_csv	LARGE_dtc_experiment_code_MEMORY_py_11_csv	0,77852
LARGE_dtc_experiment_code_MEMORY_py_0_csv	LARGE_dtc_experiment_code_MEMORY_py_12_csv	0,77852
LARGE_dtc_experiment_code_MEMORY_py_0_csv	LARGE_dtc_experiment_code_CONTROL_py_10_csv	0,77852
LARGE_dtc_experiment_code_CONTROL_py_10_csv	LARGE_dtc_experiment_code_MEMORY_py_0_csv	0,77852
LARGE_dtc_experiment_code_CONTROL_py_14_csv	LARGE_dtc_experiment_code_MEMORY_py_0_csv	0,77852
LARGE_dtc_experiment_code_MEMORY_py_12_csv	LARGE_dtc_experiment_code_CONTROL_py_0_csv	0,77914
LARGE_dtc_experiment_code_CONTROL_py_0_csv	LARGE_dtc_experiment_code_MEMORY_py_10_csv	0,77914
LARGE_dtc_experiment_code_CONTROL_py_0_csv	LARGE_dtc_experiment_code_MEMORY_py_11_csv	0,77914
LARGE_dtc_experiment_code_CONTROL_py_0_csv	LARGE_dtc_experiment_code_CONTROL_py_11_csv	0,77914
LARGE_dtc_experiment_code_CONTROL_py_0_csv	LARGE_dtc_experiment_code_CONTROL_py_15_csv	0,77914
LARGE_dtc_experiment_code_CONTROL_py_10_csv	LARGE_dtc_experiment_code_CONTROL_py_0_csv	0,77914
LARGE_dtc_experiment_code_CONTROL_py_15_csv	LARGE_dtc_experiment_code_CONTROL_py_0_csv	0,77914
LARGE_dtc_experiment_code_MEMORY_py_15_csv	LARGE_dtc_experiment_code_MEMORY_py_17_csv	0,77931
LARGE_dtc_experiment_code_CONTROL_py_14_csv	LARGE_dtc_experiment_code_MEMORY_py_17_csv	0,77931
LARGE_dtc_experiment_code_MEMORY_py_10_csv	LARGE_dtc_experiment_code_MEMORY_py_13_csv	0,78014
LARGE_dtc_experiment_code_MEMORY_py_10_csv	LARGE_dtc_experiment_code_CONTROL_py_17_csv	0,78146
LARGE_dtc_experiment_code_CONTROL_py_17_csv	LARGE_dtc_experiment_code_MEMORY_py_10_csv	0,78146
LARGE_dtc_experiment_code_CONTROL_py_17_csv	LARGE_dtc_experiment_code_MEMORY_py_11_csv	0,78146
LARGE_dtc_experiment_code_CONTROL_py_17_csv	LARGE_dtc_experiment_code_MEMORY_py_12_csv	0,78146
LARGE_dtc_experiment_code_CONTROL_py_17_csv	LARGE_dtc_experiment_code_MEMORY_py_18_csv	0,78146
LARGE_dtc_experiment_code_CONTROL_py_17_csv	LARGE_dtc_experiment_code_CONTROL_py_15_csv	0,78146
LARGE_dtc_experiment_code_CONTROL_py_11_csv	LARGE_dtc_experiment_code_CONTROL_py_18_csv	0,78169
LARGE_dtc_experiment_code_CONTROL_py_14_csv	LARGE_dtc_experiment_code_MEMORY_py_18_csv	0,78169
LARGE_dtc_experiment_code_MEMORY_py_10_csv	LARGE_dtc_experiment_code_CONTROL_py_10_csv	0,78231
LARGE_dtc_experiment_code_CONTROL_py_10_csv	LARGE_dtc_experiment_code_MEMORY_py_17_csv	0,78231
LARGE_dtc_experiment_code_CONTROL_py_10_csv	LARGE_dtc_experiment_code_CONTROL_py_18_csv	0,78231
LARGE_dtc_experiment_code_CONTROL_py_13_csv	LARGE_dtc_experiment_code_CONTROL_py_10_csv	0,78231
LARGE_dtc_experiment_code_CONTROL_py_15_csv	LARGE_dtc_experiment_code_CONTROL_py_10_csv	0,78231
LARGE_dtc_experiment_code_CONTROL_py_18_csv	LARGE_dtc_experiment_code_CONTROL_py_10_csv	0,78231
LARGE_dtc_experiment_code_CONTROL_py_13_csv	LARGE_dtc_experiment_code_MEMORY_py_13_csv	0,78322
LARGE_dtc_experiment_code_CONTROL_py_18_csv	LARGE_dtc_experiment_code_CONTROL_py_13_csv	0,78322
LARGE_dtc_experiment_code_CONTROL_py_18_csv	LARGE_dtc_experiment_code_CONTROL_py_16_csv	0,78378
LARGE_dtc_experiment_code_MEMORY_py_0_csv	LARGE_dtc_experiment_code_MEMORY_py_18_csv	0,78523
LARGE_dtc_experiment_code_MEMORY_py_0_csv	LARGE_dtc_experiment_code_CONTROL_py_14_csv	0,78523
LARGE_dtc_experiment_code_MEMORY_py_0_csv	LARGE_dtc_experiment_code_CONTROL_py_15_csv	0,78523
LARGE_dtc_experiment_code_MEMORY_py_13_csv	LARGE_dtc_experiment_code_MEMORY_py_0_csv	0,78523
LARGE_dtc_experiment_code_MEMORY_py_15_csv	LARGE_dtc_experiment_code_MEMORY_py_0_csv	0,78523
LARGE_dtc_experiment_code_MEMORY_py_18_csv	LARGE_dtc_experiment_code_MEMORY_py_0_csv	0,78523
LARGE_dtc_experiment_code_CONTROL_py_18_csv	LARGE_dtc_experiment_code_MEMORY_py_0_csv	0,78523
LARGE_dtc_experiment_code_MEMORY_py_15_csv	LARGE_dtc_experiment_code_CONTROL_py_0_csv	0,78528
LARGE_dtc_experiment_code_CONTROL_py_0_csv	LARGE_dtc_experiment_code_MEMORY_py_15_csv	0,78528
LARGE_dtc_experiment_code_CONTROL_py_0_csv	LARGE_dtc_experiment_code_CONTROL_py_14_csv	0,78528
LARGE_dtc_experiment_code_MEMORY_py_10_csv	LARGE_dtc_experiment_code_MEMORY_py_18_csv	0,78723
LARGE_dtc_experiment_code_MEMORY_py_10_csv	LARGE_dtc_experiment_code_CONTROL_py_15_csv	0,78723
LARGE_dtc_experiment_code_CONTROL_py_17_csv	LARGE_dtc_experiment_code_MEMORY_py_15_csv	0,78808
LARGE_dtc_experiment_code_CONTROL_py_17_csv	LARGE_dtc_experiment_code_CONTROL_py_14_csv	0,78808
LARGE_dtc_experiment_code_CONTROL_py_18_csv	LARGE_dtc_experiment_code_CONTROL_py_14_csv	0,78873
LARGE_dtc_experiment_code_CONTROL_py_18_csv	LARGE_dtc_experiment_code_CONTROL_py_15_csv	0,78986
LARGE_dtc_experiment_code_MEMORY_py_13_csv	LARGE_dtc_experiment_code_CONTROL_py_13_csv	0,79021
LARGE_dtc_experiment_code_CONTROL_py_16_csv	LARGE_dtc_experiment_code_CONTROL_py_10_csv	0,79054
LARGE_dtc_experiment_code_MEMORY_py_0_csv	LARGE_dtc_experiment_code_MEMORY_py_17_csv	0,79195
LARGE_dtc_experiment_code_MEMORY_py_10_csv	LARGE_dtc_experiment_code_MEMORY_py_0_csv	0,79195
LARGE_dtc_experiment_code_MEMORY_py_17_csv	LARGE_dtc_experiment_code_MEMORY_py_0_csv	0,79195
LARGE_dtc_experiment_code_CONTROL_py_18_csv	LARGE_dtc_experiment_code_MEMORY_py_17_csv	0,79310
LARGE_dtc_experiment_code_MEMORY_py_13_csv	LARGE_dtc_experiment_code_MEMORY_py_11_csv	0,79577
LARGE_dtc_experiment_code_MEMORY_py_10_csv	LARGE_dtc_experiment_code_CONTROL_py_0_csv	0,79755
LARGE_dtc_experiment_code_CONTROL_py_14_csv	LARGE_dtc_experiment_code_CONTROL_py_0_csv	0,79755
LARGE_dtc_experiment_code_CONTROL_py_18_csv	LARGE_dtc_experiment_code_CONTROL_py_11_csv	0,80282
LARGE_dtc_experiment_code_MEMORY_py_13_csv	LARGE_dtc_experiment_code_CONTROL_py_0_csv	0,80368
LARGE_dtc_experiment_code_CONTROL_py_18_csv	LARGE_dtc_experiment_code_MEMORY_py_12_csv	0,80435
LARGE_dtc_experiment_code_CONTROL_py_18_csv	LARGE_dtc_experiment_code_MEMORY_py_18_csv	0,80435
LARGE_dtc_experiment_code_CONTROL_py_18_csv	LARGE_dtc_experiment_code_MEMORY_py_11_csv	0,81690
