LARGE_dtc_experiment_code_TRAIN_py_14_csv	LARGE_dtc_experiment_code_TRAIN_py_14_csv	0,06000
LARGE_dtc_experiment_code_TRAIN_py_10_csv	LARGE_dtc_experiment_code_TRAIN_py_10_csv	0,06103
LARGE_dtc_experiment_code_TRAIN_py_12_csv	LARGE_dtc_experiment_code_TRAIN_py_12_csv	0,06316
LARGE_dtc_experiment_code_TRAIN_py_17_csv	LARGE_dtc_experiment_code_TRAIN_py_17_csv	0,06599
LARGE_dtc_experiment_code_TRAIN_py_13_csv	LARGE_dtc_experiment_code_TRAIN_py_13_csv	0,06612
LARGE_dtc_experiment_code_CONTROL_py_18_csv	LARGE_dtc_experiment_code_CONTROL_py_18_csv	0,06667
LARGE_dtc_experiment_code_TRAIN_py_0_csv	LARGE_dtc_experiment_code_TRAIN_py_0_csv	0,07048
LARGE_dtc_experiment_code_TRAIN_py_15_csv	LARGE_dtc_experiment_code_TRAIN_py_15_csv	0,07107
LARGE_dtc_experiment_code_TRAIN_py_11_csv	LARGE_dtc_experiment_code_TRAIN_py_11_csv	0,07368
LARGE_dtc_experiment_code_TRAIN_py_16_csv	LARGE_dtc_experiment_code_TRAIN_py_16_csv	0,07512
LARGE_dtc_experiment_code_TRAIN_py_18_csv	LARGE_dtc_experiment_code_TRAIN_py_18_csv	0,07595
LARGE_dtc_experiment_code_CONTROL_py_12_csv	LARGE_dtc_experiment_code_CONTROL_py_12_csv	0,07595
LARGE_dtc_experiment_code_CONTROL_py_0_csv	LARGE_dtc_experiment_code_CONTROL_py_0_csv	0,07614
LARGE_dtc_experiment_code_CONTROL_py_16_csv	LARGE_dtc_experiment_code_CONTROL_py_16_csv	0,08696
LARGE_dtc_experiment_code_CONTROL_py_13_csv	LARGE_dtc_experiment_code_CONTROL_py_13_csv	0,09146
LARGE_dtc_experiment_code_CONTROL_py_14_csv	LARGE_dtc_experiment_code_CONTROL_py_14_csv	0,09259
LARGE_dtc_experiment_code_CONTROL_py_17_csv	LARGE_dtc_experiment_code_CONTROL_py_17_csv	0,09615
LARGE_dtc_experiment_code_CONTROL_py_15_csv	LARGE_dtc_experiment_code_CONTROL_py_15_csv	0,09740
LARGE_dtc_experiment_code_CONTROL_py_10_csv	LARGE_dtc_experiment_code_CONTROL_py_10_csv	0,10000
LARGE_dtc_experiment_code_CONTROL_py_11_csv	LARGE_dtc_experiment_code_CONTROL_py_11_csv	0,10119
LARGE_dtc_experiment_code_CONTROL_py_11_csv	LARGE_dtc_experiment_code_CONTROL_py_10_csv	0,70000
LARGE_dtc_experiment_code_CONTROL_py_12_csv	LARGE_dtc_experiment_code_CONTROL_py_18_csv	0,70253
LARGE_dtc_experiment_code_CONTROL_py_12_csv	LARGE_dtc_experiment_code_CONTROL_py_14_csv	0,70370
LARGE_dtc_experiment_code_CONTROL_py_18_csv	LARGE_dtc_experiment_code_CONTROL_py_14_csv	0,71605
LARGE_dtc_experiment_code_CONTROL_py_18_csv	LARGE_dtc_experiment_code_CONTROL_py_10_csv	0,71765
LARGE_dtc_experiment_code_CONTROL_py_13_csv	LARGE_dtc_experiment_code_CONTROL_py_10_csv	0,72353
LARGE_dtc_experiment_code_CONTROL_py_13_csv	LARGE_dtc_experiment_code_CONTROL_py_17_csv	0,73780
LARGE_dtc_experiment_code_CONTROL_py_14_csv	LARGE_dtc_experiment_code_CONTROL_py_10_csv	0,74118
LARGE_dtc_experiment_code_CONTROL_py_17_csv	LARGE_dtc_experiment_code_CONTROL_py_13_csv	0,74390
LARGE_dtc_experiment_code_CONTROL_py_11_csv	LARGE_dtc_experiment_code_CONTROL_py_12_csv	0,74405
LARGE_dtc_experiment_code_CONTROL_py_18_csv	LARGE_dtc_experiment_code_CONTROL_py_16_csv	0,74534
LARGE_dtc_experiment_code_CONTROL_py_18_csv	LARGE_dtc_experiment_code_CONTROL_py_12_csv	0,74684
LARGE_dtc_experiment_code_CONTROL_py_11_csv	LARGE_dtc_experiment_code_CONTROL_py_17_csv	0,75000
LARGE_dtc_experiment_code_CONTROL_py_11_csv	LARGE_dtc_experiment_code_CONTROL_py_13_csv	0,76190
LARGE_dtc_experiment_code_CONTROL_py_13_csv	LARGE_dtc_experiment_code_CONTROL_py_16_csv	0,76220
LARGE_dtc_experiment_code_CONTROL_py_15_csv	LARGE_dtc_experiment_code_CONTROL_py_17_csv	0,76282
LARGE_dtc_experiment_code_CONTROL_py_17_csv	LARGE_dtc_experiment_code_CONTROL_py_15_csv	0,76282
LARGE_dtc_experiment_code_CONTROL_py_13_csv	LARGE_dtc_experiment_code_CONTROL_py_12_csv	0,76829
LARGE_dtc_experiment_code_CONTROL_py_12_csv	LARGE_dtc_experiment_code_CONTROL_py_16_csv	0,77019
LARGE_dtc_experiment_code_CONTROL_py_15_csv	LARGE_dtc_experiment_code_CONTROL_py_16_csv	0,77019
LARGE_dtc_experiment_code_CONTROL_py_12_csv	LARGE_dtc_experiment_code_CONTROL_py_10_csv	0,77059
LARGE_dtc_experiment_code_CONTROL_py_16_csv	LARGE_dtc_experiment_code_CONTROL_py_10_csv	0,77059
LARGE_dtc_experiment_code_TRAIN_py_18_csv	LARGE_dtc_experiment_code_TRAIN_py_14_csv	0,77215
LARGE_dtc_experiment_code_CONTROL_py_15_csv	LARGE_dtc_experiment_code_CONTROL_py_12_csv	0,77215
LARGE_dtc_experiment_code_CONTROL_py_17_csv	LARGE_dtc_experiment_code_CONTROL_py_12_csv	0,77215
LARGE_dtc_experiment_code_CONTROL_py_15_csv	LARGE_dtc_experiment_code_CONTROL_py_18_csv	0,77273
LARGE_dtc_experiment_code_CONTROL_py_12_csv	LARGE_dtc_experiment_code_CONTROL_py_11_csv	0,77381
LARGE_dtc_experiment_code_CONTROL_py_18_csv	LARGE_dtc_experiment_code_CONTROL_py_13_csv	0,77439
LARGE_dtc_experiment_code_TRAIN_py_12_csv	LARGE_dtc_experiment_code_TRAIN_py_14_csv	0,77500
LARGE_dtc_experiment_code_CONTROL_py_16_csv	LARGE_dtc_experiment_code_CONTROL_py_12_csv	0,77640
LARGE_dtc_experiment_code_CONTROL_py_10_csv	LARGE_dtc_experiment_code_CONTROL_py_12_csv	0,77647
LARGE_dtc_experiment_code_CONTROL_py_10_csv	LARGE_dtc_experiment_code_CONTROL_py_16_csv	0,77647
LARGE_dtc_experiment_code_CONTROL_py_17_csv	LARGE_dtc_experiment_code_CONTROL_py_10_csv	0,77647
LARGE_dtc_experiment_code_CONTROL_py_15_csv	LARGE_dtc_experiment_code_CONTROL_py_11_csv	0,77976
LARGE_dtc_experiment_code_TRAIN_py_11_csv	LARGE_dtc_experiment_code_TRAIN_py_14_csv	0,78000
LARGE_dtc_experiment_code_CONTROL_py_12_csv	LARGE_dtc_experiment_code_CONTROL_py_13_csv	0,78049
LARGE_dtc_experiment_code_CONTROL_py_14_csv	LARGE_dtc_experiment_code_CONTROL_py_13_csv	0,78049
LARGE_dtc_experiment_code_CONTROL_py_15_csv	LARGE_dtc_experiment_code_CONTROL_py_13_csv	0,78049
LARGE_dtc_experiment_code_TRAIN_py_12_csv	LARGE_dtc_experiment_code_CONTROL_py_0_csv	0,78173
LARGE_dtc_experiment_code_TRAIN_py_17_csv	LARGE_dtc_experiment_code_CONTROL_py_12_csv	0,78173
LARGE_dtc_experiment_code_CONTROL_py_15_csv	LARGE_dtc_experiment_code_CONTROL_py_0_csv	0,78173
LARGE_dtc_experiment_code_CONTROL_py_17_csv	LARGE_dtc_experiment_code_CONTROL_py_18_csv	0,78205
LARGE_dtc_experiment_code_CONTROL_py_18_csv	LARGE_dtc_experiment_code_CONTROL_py_17_csv	0,78205
LARGE_dtc_experiment_code_CONTROL_py_10_csv	LARGE_dtc_experiment_code_CONTROL_py_11_csv	0,78235
LARGE_dtc_experiment_code_CONTROL_py_15_csv	LARGE_dtc_experiment_code_CONTROL_py_10_csv	0,78235
LARGE_dtc_experiment_code_CONTROL_py_16_csv	LARGE_dtc_experiment_code_CONTROL_py_17_csv	0,78261
LARGE_dtc_experiment_code_CONTROL_py_14_csv	LARGE_dtc_experiment_code_CONTROL_py_12_csv	0,78395
LARGE_dtc_experiment_code_CONTROL_py_16_csv	LARGE_dtc_experiment_code_CONTROL_py_14_csv	0,78395
LARGE_dtc_experiment_code_TRAIN_py_10_csv	LARGE_dtc_experiment_code_TRAIN_py_14_csv	0,78404
LARGE_dtc_experiment_code_TRAIN_py_12_csv	LARGE_dtc_experiment_code_CONTROL_py_12_csv	0,78421
LARGE_dtc_experiment_code_CONTROL_py_12_csv	LARGE_dtc_experiment_code_CONTROL_py_17_csv	0,78481
LARGE_dtc_experiment_code_TRAIN_py_14_csv	LARGE_dtc_experiment_code_TRAIN_py_12_csv	0,78500
LARGE_dtc_experiment_code_TRAIN_py_14_csv	LARGE_dtc_experiment_code_CONTROL_py_10_csv	0,78500
LARGE_dtc_experiment_code_TRAIN_py_14_csv	LARGE_dtc_experiment_code_CONTROL_py_12_csv	0,78500
LARGE_dtc_experiment_code_CONTROL_py_18_csv	LARGE_dtc_experiment_code_CONTROL_py_15_csv	0,78571
LARGE_dtc_experiment_code_CONTROL_py_16_csv	LARGE_dtc_experiment_code_CONTROL_py_13_csv	0,78659
LARGE_dtc_experiment_code_TRAIN_py_15_csv	LARGE_dtc_experiment_code_CONTROL_py_12_csv	0,78680
LARGE_dtc_experiment_code_CONTROL_py_18_csv	LARGE_dtc_experiment_code_CONTROL_py_0_csv	0,78680
LARGE_dtc_experiment_code_CONTROL_py_14_csv	LARGE_dtc_experiment_code_CONTROL_py_16_csv	0,79012
LARGE_dtc_experiment_code_CONTROL_py_15_csv	LARGE_dtc_experiment_code_CONTROL_py_14_csv	0,79012
LARGE_dtc_experiment_code_CONTROL_py_16_csv	LARGE_dtc_experiment_code_CONTROL_py_0_csv	0,79188
LARGE_dtc_experiment_code_TRAIN_py_0_csv	LARGE_dtc_experiment_code_CONTROL_py_0_csv	0,79295
LARGE_dtc_experiment_code_TRAIN_py_10_csv	LARGE_dtc_experiment_code_CONTROL_py_0_csv	0,79343
LARGE_dtc_experiment_code_TRAIN_py_14_csv	LARGE_dtc_experiment_code_TRAIN_py_16_csv	0,79343
LARGE_dtc_experiment_code_CONTROL_py_10_csv	LARGE_dtc_experiment_code_CONTROL_py_14_csv	0,79412
LARGE_dtc_experiment_code_TRAIN_py_11_csv	LARGE_dtc_experiment_code_CONTROL_py_14_csv	0,79474
LARGE_dtc_experiment_code_TRAIN_py_11_csv	LARGE_dtc_experiment_code_CONTROL_py_17_csv	0,79474
LARGE_dtc_experiment_code_CONTROL_py_11_csv	LARGE_dtc_experiment_code_TRAIN_py_11_csv	0,79474
LARGE_dtc_experiment_code_CONTROL_py_17_csv	LARGE_dtc_experiment_code_TRAIN_py_11_csv	0,79474
LARGE_dtc_experiment_code_TRAIN_py_14_csv	LARGE_dtc_experiment_code_TRAIN_py_17_csv	0,79500
LARGE_dtc_experiment_code_CONTROL_py_16_csv	LARGE_dtc_experiment_code_CONTROL_py_18_csv	0,79503
LARGE_dtc_experiment_code_CONTROL_py_17_csv	LARGE_dtc_experiment_code_CONTROL_py_16_csv	0,79503
LARGE_dtc_experiment_code_CONTROL_py_0_csv	LARGE_dtc_experiment_code_CONTROL_py_14_csv	0,79695
LARGE_dtc_experiment_code_CONTROL_py_12_csv	LARGE_dtc_experiment_code_CONTROL_py_0_csv	0,79695
LARGE_dtc_experiment_code_TRAIN_py_0_csv	LARGE_dtc_experiment_code_TRAIN_py_10_csv	0,79736
LARGE_dtc_experiment_code_CONTROL_py_17_csv	LARGE_dtc_experiment_code_CONTROL_py_11_csv	0,79762
LARGE_dtc_experiment_code_CONTROL_py_18_csv	LARGE_dtc_experiment_code_CONTROL_py_11_csv	0,79762
LARGE_dtc_experiment_code_TRAIN_py_10_csv	LARGE_dtc_experiment_code_TRAIN_py_16_csv	0,79812
LARGE_dtc_experiment_code_TRAIN_py_10_csv	LARGE_dtc_experiment_code_CONTROL_py_12_csv	0,79812
LARGE_dtc_experiment_code_TRAIN_py_15_csv	LARGE_dtc_experiment_code_TRAIN_py_16_csv	0,79812
LARGE_dtc_experiment_code_CONTROL_py_13_csv	LARGE_dtc_experiment_code_CONTROL_py_15_csv	0,79878
LARGE_dtc_experiment_code_TRAIN_py_12_csv	LARGE_dtc_experiment_code_TRAIN_py_11_csv	0,80000
LARGE_dtc_experiment_code_TRAIN_py_12_csv	LARGE_dtc_experiment_code_CONTROL_py_10_csv	0,80000
LARGE_dtc_experiment_code_TRAIN_py_17_csv	LARGE_dtc_experiment_code_TRAIN_py_14_csv	0,80000
LARGE_dtc_experiment_code_CONTROL_py_14_csv	LARGE_dtc_experiment_code_TRAIN_py_14_csv	0,80000
LARGE_dtc_experiment_code_CONTROL_py_16_csv	LARGE_dtc_experiment_code_CONTROL_py_15_csv	0,80124
LARGE_dtc_experiment_code_TRAIN_py_0_csv	LARGE_dtc_experiment_code_TRAIN_py_16_csv	0,80176
LARGE_dtc_experiment_code_TRAIN_py_0_csv	LARGE_dtc_experiment_code_CONTROL_py_11_csv	0,80176
LARGE_dtc_experiment_code_TRAIN_py_15_csv	LARGE_dtc_experiment_code_CONTROL_py_0_csv	0,80203
LARGE_dtc_experiment_code_CONTROL_py_0_csv	LARGE_dtc_experiment_code_CONTROL_py_18_csv	0,80203
LARGE_dtc_experiment_code_CONTROL_py_11_csv	LARGE_dtc_experiment_code_CONTROL_py_0_csv	0,80203
LARGE_dtc_experiment_code_CONTROL_py_14_csv	LARGE_dtc_experiment_code_CONTROL_py_18_csv	0,80247
LARGE_dtc_experiment_code_CONTROL_py_17_csv	LARGE_dtc_experiment_code_CONTROL_py_14_csv	0,80247
LARGE_dtc_experiment_code_TRAIN_py_11_csv	LARGE_dtc_experiment_code_TRAIN_py_10_csv	0,80282
LARGE_dtc_experiment_code_CONTROL_py_11_csv	LARGE_dtc_experiment_code_CONTROL_py_14_csv	0,80357
LARGE_dtc_experiment_code_CONTROL_py_11_csv	LARGE_dtc_experiment_code_CONTROL_py_18_csv	0,80357
LARGE_dtc_experiment_code_CONTROL_py_13_csv	LARGE_dtc_experiment_code_CONTROL_py_11_csv	0,80357
LARGE_dtc_experiment_code_CONTROL_py_14_csv	LARGE_dtc_experiment_code_CONTROL_py_11_csv	0,80357
LARGE_dtc_experiment_code_CONTROL_py_12_csv	LARGE_dtc_experiment_code_CONTROL_py_15_csv	0,80380
LARGE_dtc_experiment_code_TRAIN_py_14_csv	LARGE_dtc_experiment_code_TRAIN_py_11_csv	0,80500
LARGE_dtc_experiment_code_TRAIN_py_14_csv	LARGE_dtc_experiment_code_CONTROL_py_17_csv	0,80500
LARGE_dtc_experiment_code_CONTROL_py_15_csv	LARGE_dtc_experiment_code_TRAIN_py_14_csv	0,80500
LARGE_dtc_experiment_code_CONTROL_py_18_csv	LARGE_dtc_experiment_code_TRAIN_py_14_csv	0,80500
LARGE_dtc_experiment_code_TRAIN_py_11_csv	LARGE_dtc_experiment_code_TRAIN_py_12_csv	0,80526
LARGE_dtc_experiment_code_CONTROL_py_14_csv	LARGE_dtc_experiment_code_TRAIN_py_12_csv	0,80526
LARGE_dtc_experiment_code_CONTROL_py_18_csv	LARGE_dtc_experiment_code_TRAIN_py_12_csv	0,80526
LARGE_dtc_experiment_code_TRAIN_py_0_csv	LARGE_dtc_experiment_code_TRAIN_py_13_csv	0,80579
LARGE_dtc_experiment_code_CONTROL_py_10_csv	LARGE_dtc_experiment_code_CONTROL_py_13_csv	0,80588
LARGE_dtc_experiment_code_TRAIN_py_0_csv	LARGE_dtc_experiment_code_TRAIN_py_18_csv	0,80591
LARGE_dtc_experiment_code_TRAIN_py_0_csv	LARGE_dtc_experiment_code_TRAIN_py_14_csv	0,80617
LARGE_dtc_experiment_code_CONTROL_py_0_csv	LARGE_dtc_experiment_code_CONTROL_py_10_csv	0,80711
LARGE_dtc_experiment_code_CONTROL_py_15_csv	LARGE_dtc_experiment_code_TRAIN_py_17_csv	0,80711
LARGE_dtc_experiment_code_CONTROL_py_17_csv	LARGE_dtc_experiment_code_CONTROL_py_0_csv	0,80711
LARGE_dtc_experiment_code_TRAIN_py_10_csv	LARGE_dtc_experiment_code_CONTROL_py_10_csv	0,80751
LARGE_dtc_experiment_code_TRAIN_py_16_csv	LARGE_dtc_experiment_code_TRAIN_py_14_csv	0,80751
LARGE_dtc_experiment_code_TRAIN_py_16_csv	LARGE_dtc_experiment_code_CONTROL_py_12_csv	0,80751
LARGE_dtc_experiment_code_CONTROL_py_14_csv	LARGE_dtc_experiment_code_CONTROL_py_17_csv	0,80864
LARGE_dtc_experiment_code_CONTROL_py_16_csv	LARGE_dtc_experiment_code_CONTROL_py_11_csv	0,80952
LARGE_dtc_experiment_code_TRAIN_py_10_csv	LARGE_dtc_experiment_code_TRAIN_py_13_csv	0,80992
LARGE_dtc_experiment_code_TRAIN_py_14_csv	LARGE_dtc_experiment_code_CONTROL_py_0_csv	0,81000
LARGE_dtc_experiment_code_TRAIN_py_15_csv	LARGE_dtc_experiment_code_TRAIN_py_14_csv	0,81000
LARGE_dtc_experiment_code_CONTROL_py_12_csv	LARGE_dtc_experiment_code_TRAIN_py_14_csv	0,81000
LARGE_dtc_experiment_code_CONTROL_py_16_csv	LARGE_dtc_experiment_code_TRAIN_py_14_csv	0,81000
LARGE_dtc_experiment_code_TRAIN_py_11_csv	LARGE_dtc_experiment_code_CONTROL_py_11_csv	0,81053
LARGE_dtc_experiment_code_TRAIN_py_12_csv	LARGE_dtc_experiment_code_CONTROL_py_14_csv	0,81053
LARGE_dtc_experiment_code_TRAIN_py_0_csv	LARGE_dtc_experiment_code_CONTROL_py_10_csv	0,81057
LARGE_dtc_experiment_code_TRAIN_py_11_csv	LARGE_dtc_experiment_code_TRAIN_py_17_csv	0,81218
LARGE_dtc_experiment_code_TRAIN_py_15_csv	LARGE_dtc_experiment_code_TRAIN_py_12_csv	0,81218
LARGE_dtc_experiment_code_TRAIN_py_17_csv	LARGE_dtc_experiment_code_CONTROL_py_10_csv	0,81218
LARGE_dtc_experiment_code_CONTROL_py_0_csv	LARGE_dtc_experiment_code_CONTROL_py_16_csv	0,81218
LARGE_dtc_experiment_code_TRAIN_py_10_csv	LARGE_dtc_experiment_code_CONTROL_py_17_csv	0,81221
LARGE_dtc_experiment_code_TRAIN_py_12_csv	LARGE_dtc_experiment_code_TRAIN_py_16_csv	0,81221
LARGE_dtc_experiment_code_TRAIN_py_14_csv	LARGE_dtc_experiment_code_TRAIN_py_10_csv	0,81221
LARGE_dtc_experiment_code_TRAIN_py_15_csv	LARGE_dtc_experiment_code_TRAIN_py_10_csv	0,81221
LARGE_dtc_experiment_code_CONTROL_py_12_csv	LARGE_dtc_experiment_code_TRAIN_py_16_csv	0,81221
LARGE_dtc_experiment_code_CONTROL_py_17_csv	LARGE_dtc_experiment_code_TRAIN_py_10_csv	0,81221
LARGE_dtc_experiment_code_TRAIN_py_14_csv	LARGE_dtc_experiment_code_TRAIN_py_18_csv	0,81435
LARGE_dtc_experiment_code_CONTROL_py_14_csv	LARGE_dtc_experiment_code_CONTROL_py_15_csv	0,81481
LARGE_dtc_experiment_code_TRAIN_py_0_csv	LARGE_dtc_experiment_code_CONTROL_py_12_csv	0,81498
LARGE_dtc_experiment_code_TRAIN_py_0_csv	LARGE_dtc_experiment_code_CONTROL_py_16_csv	0,81498
LARGE_dtc_experiment_code_TRAIN_py_14_csv	LARGE_dtc_experiment_code_CONTROL_py_13_csv	0,81500
LARGE_dtc_experiment_code_TRAIN_py_14_csv	LARGE_dtc_experiment_code_CONTROL_py_18_csv	0,81500
LARGE_dtc_experiment_code_CONTROL_py_13_csv	LARGE_dtc_experiment_code_TRAIN_py_14_csv	0,81500
LARGE_dtc_experiment_code_CONTROL_py_11_csv	LARGE_dtc_experiment_code_CONTROL_py_15_csv	0,81548
LARGE_dtc_experiment_code_TRAIN_py_11_csv	LARGE_dtc_experiment_code_CONTROL_py_10_csv	0,81579
LARGE_dtc_experiment_code_TRAIN_py_11_csv	LARGE_dtc_experiment_code_CONTROL_py_12_csv	0,81579
LARGE_dtc_experiment_code_TRAIN_py_12_csv	LARGE_dtc_experiment_code_CONTROL_py_11_csv	0,81579
LARGE_dtc_experiment_code_CONTROL_py_12_csv	LARGE_dtc_experiment_code_TRAIN_py_11_csv	0,81579
LARGE_dtc_experiment_code_TRAIN_py_10_csv	LARGE_dtc_experiment_code_TRAIN_py_11_csv	0,81690
LARGE_dtc_experiment_code_TRAIN_py_10_csv	LARGE_dtc_experiment_code_TRAIN_py_12_csv	0,81690
LARGE_dtc_experiment_code_TRAIN_py_11_csv	LARGE_dtc_experiment_code_TRAIN_py_16_csv	0,81690
LARGE_dtc_experiment_code_CONTROL_py_13_csv	LARGE_dtc_experiment_code_CONTROL_py_14_csv	0,81707
LARGE_dtc_experiment_code_CONTROL_py_13_csv	LARGE_dtc_experiment_code_CONTROL_py_18_csv	0,81707
LARGE_dtc_experiment_code_TRAIN_py_12_csv	LARGE_dtc_experiment_code_TRAIN_py_15_csv	0,81726
LARGE_dtc_experiment_code_TRAIN_py_15_csv	LARGE_dtc_experiment_code_TRAIN_py_11_csv	0,81726
LARGE_dtc_experiment_code_TRAIN_py_15_csv	LARGE_dtc_experiment_code_TRAIN_py_17_csv	0,81726
LARGE_dtc_experiment_code_TRAIN_py_15_csv	LARGE_dtc_experiment_code_CONTROL_py_10_csv	0,81726
LARGE_dtc_experiment_code_TRAIN_py_17_csv	LARGE_dtc_experiment_code_TRAIN_py_12_csv	0,81726
LARGE_dtc_experiment_code_TRAIN_py_17_csv	LARGE_dtc_experiment_code_CONTROL_py_18_csv	0,81726
LARGE_dtc_experiment_code_TRAIN_py_14_csv	LARGE_dtc_experiment_code_TRAIN_py_13_csv	0,81818
LARGE_dtc_experiment_code_TRAIN_py_14_csv	LARGE_dtc_experiment_code_CONTROL_py_14_csv	0,82000
LARGE_dtc_experiment_code_TRAIN_py_14_csv	LARGE_dtc_experiment_code_CONTROL_py_16_csv	0,82000
LARGE_dtc_experiment_code_CONTROL_py_0_csv	LARGE_dtc_experiment_code_TRAIN_py_14_csv	0,82000
LARGE_dtc_experiment_code_TRAIN_py_11_csv	LARGE_dtc_experiment_code_CONTROL_py_13_csv	0,82105
LARGE_dtc_experiment_code_TRAIN_py_11_csv	LARGE_dtc_experiment_code_CONTROL_py_16_csv	0,82105
LARGE_dtc_experiment_code_TRAIN_py_11_csv	LARGE_dtc_experiment_code_CONTROL_py_18_csv	0,82105
LARGE_dtc_experiment_code_TRAIN_py_12_csv	LARGE_dtc_experiment_code_CONTROL_py_17_csv	0,82105
LARGE_dtc_experiment_code_CONTROL_py_11_csv	LARGE_dtc_experiment_code_TRAIN_py_12_csv	0,82105
LARGE_dtc_experiment_code_CONTROL_py_13_csv	LARGE_dtc_experiment_code_TRAIN_py_11_csv	0,82105
LARGE_dtc_experiment_code_CONTROL_py_14_csv	LARGE_dtc_experiment_code_TRAIN_py_11_csv	0,82105
LARGE_dtc_experiment_code_CONTROL_py_15_csv	LARGE_dtc_experiment_code_TRAIN_py_11_csv	0,82105
LARGE_dtc_experiment_code_CONTROL_py_16_csv	LARGE_dtc_experiment_code_TRAIN_py_11_csv	0,82105
LARGE_dtc_experiment_code_CONTROL_py_18_csv	LARGE_dtc_experiment_code_TRAIN_py_11_csv	0,82105
LARGE_dtc_experiment_code_TRAIN_py_10_csv	LARGE_dtc_experiment_code_CONTROL_py_13_csv	0,82160
LARGE_dtc_experiment_code_TRAIN_py_10_csv	LARGE_dtc_experiment_code_CONTROL_py_18_csv	0,82160
LARGE_dtc_experiment_code_TRAIN_py_16_csv	LARGE_dtc_experiment_code_TRAIN_py_12_csv	0,82160
LARGE_dtc_experiment_code_TRAIN_py_16_csv	LARGE_dtc_experiment_code_TRAIN_py_15_csv	0,82160
LARGE_dtc_experiment_code_TRAIN_py_17_csv	LARGE_dtc_experiment_code_TRAIN_py_16_csv	0,82160
LARGE_dtc_experiment_code_CONTROL_py_11_csv	LARGE_dtc_experiment_code_TRAIN_py_16_csv	0,82160
LARGE_dtc_experiment_code_CONTROL_py_14_csv	LARGE_dtc_experiment_code_TRAIN_py_10_csv	0,82160
LARGE_dtc_experiment_code_CONTROL_py_18_csv	LARGE_dtc_experiment_code_TRAIN_py_10_csv	0,82160
LARGE_dtc_experiment_code_TRAIN_py_11_csv	LARGE_dtc_experiment_code_TRAIN_py_15_csv	0,82234
LARGE_dtc_experiment_code_TRAIN_py_17_csv	LARGE_dtc_experiment_code_CONTROL_py_0_csv	0,82234
LARGE_dtc_experiment_code_CONTROL_py_0_csv	LARGE_dtc_experiment_code_CONTROL_py_12_csv	0,82234
LARGE_dtc_experiment_code_CONTROL_py_0_csv	LARGE_dtc_experiment_code_CONTROL_py_15_csv	0,82234
LARGE_dtc_experiment_code_CONTROL_py_10_csv	LARGE_dtc_experiment_code_TRAIN_py_17_csv	0,82234
LARGE_dtc_experiment_code_CONTROL_py_12_csv	LARGE_dtc_experiment_code_TRAIN_py_17_csv	0,82234
LARGE_dtc_experiment_code_CONTROL_py_13_csv	LARGE_dtc_experiment_code_CONTROL_py_0_csv	0,82234
LARGE_dtc_experiment_code_CONTROL_py_18_csv	LARGE_dtc_experiment_code_TRAIN_py_17_csv	0,82234
LARGE_dtc_experiment_code_TRAIN_py_18_csv	LARGE_dtc_experiment_code_TRAIN_py_10_csv	0,82278
LARGE_dtc_experiment_code_TRAIN_py_18_csv	LARGE_dtc_experiment_code_CONTROL_py_16_csv	0,82278
LARGE_dtc_experiment_code_TRAIN_py_0_csv	LARGE_dtc_experiment_code_TRAIN_py_11_csv	0,82379
LARGE_dtc_experiment_code_TRAIN_py_14_csv	LARGE_dtc_experiment_code_TRAIN_py_15_csv	0,82500
LARGE_dtc_experiment_code_TRAIN_py_14_csv	LARGE_dtc_experiment_code_CONTROL_py_11_csv	0,82500
LARGE_dtc_experiment_code_CONTROL_py_17_csv	LARGE_dtc_experiment_code_TRAIN_py_14_csv	0,82500
LARGE_dtc_experiment_code_TRAIN_py_10_csv	LARGE_dtc_experiment_code_CONTROL_py_11_csv	0,82629
LARGE_dtc_experiment_code_TRAIN_py_10_csv	LARGE_dtc_experiment_code_CONTROL_py_14_csv	0,82629
LARGE_dtc_experiment_code_TRAIN_py_12_csv	LARGE_dtc_experiment_code_TRAIN_py_10_csv	0,82629
LARGE_dtc_experiment_code_TRAIN_py_16_csv	LARGE_dtc_experiment_code_TRAIN_py_10_csv	0,82629
LARGE_dtc_experiment_code_TRAIN_py_16_csv	LARGE_dtc_experiment_code_TRAIN_py_11_csv	0,82629
LARGE_dtc_experiment_code_TRAIN_py_16_csv	LARGE_dtc_experiment_code_CONTROL_py_0_csv	0,82629
LARGE_dtc_experiment_code_TRAIN_py_17_csv	LARGE_dtc_experiment_code_TRAIN_py_10_csv	0,82629
LARGE_dtc_experiment_code_CONTROL_py_0_csv	LARGE_dtc_experiment_code_TRAIN_py_10_csv	0,82629
LARGE_dtc_experiment_code_CONTROL_py_0_csv	LARGE_dtc_experiment_code_TRAIN_py_16_csv	0,82629
LARGE_dtc_experiment_code_CONTROL_py_13_csv	LARGE_dtc_experiment_code_TRAIN_py_10_csv	0,82629
LARGE_dtc_experiment_code_CONTROL_py_15_csv	LARGE_dtc_experiment_code_TRAIN_py_10_csv	0,82629
LARGE_dtc_experiment_code_CONTROL_py_17_csv	LARGE_dtc_experiment_code_TRAIN_py_16_csv	0,82629
LARGE_dtc_experiment_code_TRAIN_py_11_csv	LARGE_dtc_experiment_code_CONTROL_py_15_csv	0,82632
LARGE_dtc_experiment_code_TRAIN_py_12_csv	LARGE_dtc_experiment_code_CONTROL_py_18_csv	0,82632
LARGE_dtc_experiment_code_TRAIN_py_13_csv	LARGE_dtc_experiment_code_TRAIN_py_14_csv	0,82645
LARGE_dtc_experiment_code_TRAIN_py_16_csv	LARGE_dtc_experiment_code_TRAIN_py_13_csv	0,82645
LARGE_dtc_experiment_code_CONTROL_py_0_csv	LARGE_dtc_experiment_code_TRAIN_py_13_csv	0,82645
LARGE_dtc_experiment_code_TRAIN_py_18_csv	LARGE_dtc_experiment_code_CONTROL_py_12_csv	0,82700
LARGE_dtc_experiment_code_CONTROL_py_11_csv	LARGE_dtc_experiment_code_CONTROL_py_16_csv	0,82738
LARGE_dtc_experiment_code_TRAIN_py_11_csv	LARGE_dtc_experiment_code_CONTROL_py_0_csv	0,82741
LARGE_dtc_experiment_code_TRAIN_py_12_csv	LARGE_dtc_experiment_code_TRAIN_py_17_csv	0,82741
LARGE_dtc_experiment_code_CONTROL_py_0_csv	LARGE_dtc_experiment_code_CONTROL_py_11_csv	0,82741
LARGE_dtc_experiment_code_CONTROL_py_10_csv	LARGE_dtc_experiment_code_CONTROL_py_0_csv	0,82741
LARGE_dtc_experiment_code_CONTROL_py_14_csv	LARGE_dtc_experiment_code_TRAIN_py_17_csv	0,82741
LARGE_dtc_experiment_code_CONTROL_py_16_csv	LARGE_dtc_experiment_code_TRAIN_py_17_csv	0,82741
LARGE_dtc_experiment_code_CONTROL_py_11_csv	LARGE_dtc_experiment_code_TRAIN_py_0_csv	0,82819
LARGE_dtc_experiment_code_CONTROL_py_18_csv	LARGE_dtc_experiment_code_TRAIN_py_0_csv	0,82819
LARGE_dtc_experiment_code_CONTROL_py_10_csv	LARGE_dtc_experiment_code_CONTROL_py_17_csv	0,82941
LARGE_dtc_experiment_code_TRAIN_py_14_csv	LARGE_dtc_experiment_code_CONTROL_py_15_csv	0,83000
LARGE_dtc_experiment_code_TRAIN_py_13_csv	LARGE_dtc_experiment_code_CONTROL_py_0_csv	0,83058
LARGE_dtc_experiment_code_TRAIN_py_15_csv	LARGE_dtc_experiment_code_TRAIN_py_13_csv	0,83058
LARGE_dtc_experiment_code_TRAIN_py_18_csv	LARGE_dtc_experiment_code_TRAIN_py_13_csv	0,83058
LARGE_dtc_experiment_code_TRAIN_py_10_csv	LARGE_dtc_experiment_code_TRAIN_py_15_csv	0,83099
LARGE_dtc_experiment_code_TRAIN_py_10_csv	LARGE_dtc_experiment_code_TRAIN_py_17_csv	0,83099
LARGE_dtc_experiment_code_TRAIN_py_10_csv	LARGE_dtc_experiment_code_CONTROL_py_15_csv	0,83099
LARGE_dtc_experiment_code_TRAIN_py_10_csv	LARGE_dtc_experiment_code_CONTROL_py_16_csv	0,83099
LARGE_dtc_experiment_code_TRAIN_py_16_csv	LARGE_dtc_experiment_code_CONTROL_py_16_csv	0,83099
LARGE_dtc_experiment_code_TRAIN_py_12_csv	LARGE_dtc_experiment_code_TRAIN_py_18_csv	0,83122
LARGE_dtc_experiment_code_TRAIN_py_16_csv	LARGE_dtc_experiment_code_TRAIN_py_18_csv	0,83122
LARGE_dtc_experiment_code_TRAIN_py_18_csv	LARGE_dtc_experiment_code_TRAIN_py_11_csv	0,83122
LARGE_dtc_experiment_code_TRAIN_py_18_csv	LARGE_dtc_experiment_code_TRAIN_py_12_csv	0,83122
LARGE_dtc_experiment_code_TRAIN_py_18_csv	LARGE_dtc_experiment_code_CONTROL_py_11_csv	0,83122
LARGE_dtc_experiment_code_TRAIN_py_12_csv	LARGE_dtc_experiment_code_CONTROL_py_15_csv	0,83158
LARGE_dtc_experiment_code_CONTROL_py_12_csv	LARGE_dtc_experiment_code_TRAIN_py_12_csv	0,83158
LARGE_dtc_experiment_code_CONTROL_py_13_csv	LARGE_dtc_experiment_code_TRAIN_py_12_csv	0,83158
LARGE_dtc_experiment_code_TRAIN_py_15_csv	LARGE_dtc_experiment_code_CONTROL_py_13_csv	0,83249
LARGE_dtc_experiment_code_TRAIN_py_15_csv	LARGE_dtc_experiment_code_CONTROL_py_16_csv	0,83249
LARGE_dtc_experiment_code_TRAIN_py_17_csv	LARGE_dtc_experiment_code_CONTROL_py_17_csv	0,83249
LARGE_dtc_experiment_code_CONTROL_py_0_csv	LARGE_dtc_experiment_code_TRAIN_py_12_csv	0,83249
LARGE_dtc_experiment_code_CONTROL_py_0_csv	LARGE_dtc_experiment_code_CONTROL_py_13_csv	0,83249
LARGE_dtc_experiment_code_CONTROL_py_0_csv	LARGE_dtc_experiment_code_CONTROL_py_17_csv	0,83249
LARGE_dtc_experiment_code_CONTROL_py_14_csv	LARGE_dtc_experiment_code_CONTROL_py_0_csv	0,83249
LARGE_dtc_experiment_code_CONTROL_py_17_csv	LARGE_dtc_experiment_code_TRAIN_py_17_csv	0,83249
LARGE_dtc_experiment_code_CONTROL_py_18_csv	LARGE_dtc_experiment_code_TRAIN_py_15_csv	0,83249
LARGE_dtc_experiment_code_TRAIN_py_10_csv	LARGE_dtc_experiment_code_TRAIN_py_0_csv	0,83260
LARGE_dtc_experiment_code_TRAIN_py_14_csv	LARGE_dtc_experiment_code_TRAIN_py_0_csv	0,83260
LARGE_dtc_experiment_code_TRAIN_py_16_csv	LARGE_dtc_experiment_code_TRAIN_py_0_csv	0,83260
LARGE_dtc_experiment_code_CONTROL_py_15_csv	LARGE_dtc_experiment_code_TRAIN_py_0_csv	0,83260
LARGE_dtc_experiment_code_CONTROL_py_11_csv	LARGE_dtc_experiment_code_TRAIN_py_14_csv	0,83500
LARGE_dtc_experiment_code_CONTROL_py_10_csv	LARGE_dtc_experiment_code_CONTROL_py_18_csv	0,83529
LARGE_dtc_experiment_code_TRAIN_py_15_csv	LARGE_dtc_experiment_code_TRAIN_py_18_csv	0,83544
LARGE_dtc_experiment_code_TRAIN_py_18_csv	LARGE_dtc_experiment_code_CONTROL_py_0_csv	0,83544
LARGE_dtc_experiment_code_CONTROL_py_15_csv	LARGE_dtc_experiment_code_TRAIN_py_18_csv	0,83544
LARGE_dtc_experiment_code_TRAIN_py_16_csv	LARGE_dtc_experiment_code_CONTROL_py_10_csv	0,83568
LARGE_dtc_experiment_code_TRAIN_py_16_csv	LARGE_dtc_experiment_code_CONTROL_py_11_csv	0,83568
LARGE_dtc_experiment_code_CONTROL_py_11_csv	LARGE_dtc_experiment_code_TRAIN_py_10_csv	0,83568
LARGE_dtc_experiment_code_CONTROL_py_15_csv	LARGE_dtc_experiment_code_TRAIN_py_16_csv	0,83568
LARGE_dtc_experiment_code_TRAIN_py_12_csv	LARGE_dtc_experiment_code_CONTROL_py_13_csv	0,83684
LARGE_dtc_experiment_code_TRAIN_py_12_csv	LARGE_dtc_experiment_code_CONTROL_py_16_csv	0,83684
LARGE_dtc_experiment_code_CONTROL_py_17_csv	LARGE_dtc_experiment_code_TRAIN_py_12_csv	0,83684
LARGE_dtc_experiment_code_TRAIN_py_0_csv	LARGE_dtc_experiment_code_TRAIN_py_12_csv	0,83700
LARGE_dtc_experiment_code_TRAIN_py_0_csv	LARGE_dtc_experiment_code_CONTROL_py_15_csv	0,83700
LARGE_dtc_experiment_code_TRAIN_py_15_csv	LARGE_dtc_experiment_code_CONTROL_py_11_csv	0,83756
LARGE_dtc_experiment_code_TRAIN_py_15_csv	LARGE_dtc_experiment_code_CONTROL_py_17_csv	0,83756
LARGE_dtc_experiment_code_TRAIN_py_17_csv	LARGE_dtc_experiment_code_CONTROL_py_14_csv	0,83756
LARGE_dtc_experiment_code_TRAIN_py_17_csv	LARGE_dtc_experiment_code_CONTROL_py_15_csv	0,83756
LARGE_dtc_experiment_code_TRAIN_py_17_csv	LARGE_dtc_experiment_code_CONTROL_py_16_csv	0,83756
LARGE_dtc_experiment_code_CONTROL_py_0_csv	LARGE_dtc_experiment_code_TRAIN_py_11_csv	0,83756
LARGE_dtc_experiment_code_CONTROL_py_11_csv	LARGE_dtc_experiment_code_TRAIN_py_17_csv	0,83756
LARGE_dtc_experiment_code_CONTROL_py_12_csv	LARGE_dtc_experiment_code_TRAIN_py_15_csv	0,83756
LARGE_dtc_experiment_code_TRAIN_py_12_csv	LARGE_dtc_experiment_code_TRAIN_py_13_csv	0,83884
LARGE_dtc_experiment_code_TRAIN_py_13_csv	LARGE_dtc_experiment_code_TRAIN_py_0_csv	0,83884
LARGE_dtc_experiment_code_TRAIN_py_13_csv	LARGE_dtc_experiment_code_TRAIN_py_18_csv	0,83884
LARGE_dtc_experiment_code_CONTROL_py_12_csv	LARGE_dtc_experiment_code_TRAIN_py_13_csv	0,83884
LARGE_dtc_experiment_code_TRAIN_py_17_csv	LARGE_dtc_experiment_code_TRAIN_py_18_csv	0,83966
LARGE_dtc_experiment_code_TRAIN_py_18_csv	LARGE_dtc_experiment_code_TRAIN_py_16_csv	0,83966
LARGE_dtc_experiment_code_TRAIN_py_18_csv	LARGE_dtc_experiment_code_CONTROL_py_14_csv	0,83966
LARGE_dtc_experiment_code_TRAIN_py_18_csv	LARGE_dtc_experiment_code_CONTROL_py_17_csv	0,83966
LARGE_dtc_experiment_code_CONTROL_py_11_csv	LARGE_dtc_experiment_code_TRAIN_py_18_csv	0,83966
LARGE_dtc_experiment_code_CONTROL_py_14_csv	LARGE_dtc_experiment_code_TRAIN_py_18_csv	0,83966
LARGE_dtc_experiment_code_CONTROL_py_10_csv	LARGE_dtc_experiment_code_TRAIN_py_14_csv	0,84000
LARGE_dtc_experiment_code_TRAIN_py_16_csv	LARGE_dtc_experiment_code_CONTROL_py_13_csv	0,84038
LARGE_dtc_experiment_code_CONTROL_py_12_csv	LARGE_dtc_experiment_code_TRAIN_py_10_csv	0,84038
LARGE_dtc_experiment_code_CONTROL_py_14_csv	LARGE_dtc_experiment_code_TRAIN_py_16_csv	0,84038
LARGE_dtc_experiment_code_CONTROL_py_16_csv	LARGE_dtc_experiment_code_TRAIN_py_10_csv	0,84038
LARGE_dtc_experiment_code_CONTROL_py_10_csv	LARGE_dtc_experiment_code_CONTROL_py_15_csv	0,84118
LARGE_dtc_experiment_code_TRAIN_py_0_csv	LARGE_dtc_experiment_code_TRAIN_py_15_csv	0,84141
LARGE_dtc_experiment_code_TRAIN_py_11_csv	LARGE_dtc_experiment_code_TRAIN_py_0_csv	0,84141
LARGE_dtc_experiment_code_TRAIN_py_12_csv	LARGE_dtc_experiment_code_TRAIN_py_0_csv	0,84141
LARGE_dtc_experiment_code_CONTROL_py_12_csv	LARGE_dtc_experiment_code_TRAIN_py_0_csv	0,84141
LARGE_dtc_experiment_code_CONTROL_py_10_csv	LARGE_dtc_experiment_code_TRAIN_py_11_csv	0,84211
LARGE_dtc_experiment_code_CONTROL_py_15_csv	LARGE_dtc_experiment_code_TRAIN_py_12_csv	0,84211
LARGE_dtc_experiment_code_TRAIN_py_15_csv	LARGE_dtc_experiment_code_CONTROL_py_15_csv	0,84264
LARGE_dtc_experiment_code_CONTROL_py_0_csv	LARGE_dtc_experiment_code_TRAIN_py_17_csv	0,84264
LARGE_dtc_experiment_code_CONTROL_py_11_csv	LARGE_dtc_experiment_code_TRAIN_py_15_csv	0,84264
LARGE_dtc_experiment_code_CONTROL_py_15_csv	LARGE_dtc_experiment_code_TRAIN_py_15_csv	0,84264
LARGE_dtc_experiment_code_TRAIN_py_13_csv	LARGE_dtc_experiment_code_TRAIN_py_16_csv	0,84298
LARGE_dtc_experiment_code_TRAIN_py_13_csv	LARGE_dtc_experiment_code_CONTROL_py_10_csv	0,84298
LARGE_dtc_experiment_code_TRAIN_py_13_csv	LARGE_dtc_experiment_code_CONTROL_py_12_csv	0,84298
LARGE_dtc_experiment_code_TRAIN_py_13_csv	LARGE_dtc_experiment_code_CONTROL_py_16_csv	0,84298
LARGE_dtc_experiment_code_TRAIN_py_17_csv	LARGE_dtc_experiment_code_TRAIN_py_13_csv	0,84298
LARGE_dtc_experiment_code_CONTROL_py_11_csv	LARGE_dtc_experiment_code_TRAIN_py_13_csv	0,84298
LARGE_dtc_experiment_code_TRAIN_py_18_csv	LARGE_dtc_experiment_code_TRAIN_py_0_csv	0,84388
LARGE_dtc_experiment_code_TRAIN_py_18_csv	LARGE_dtc_experiment_code_TRAIN_py_17_csv	0,84388
LARGE_dtc_experiment_code_TRAIN_py_16_csv	LARGE_dtc_experiment_code_TRAIN_py_17_csv	0,84507
LARGE_dtc_experiment_code_TRAIN_py_16_csv	LARGE_dtc_experiment_code_CONTROL_py_14_csv	0,84507
LARGE_dtc_experiment_code_CONTROL_py_10_csv	LARGE_dtc_experiment_code_TRAIN_py_16_csv	0,84507
LARGE_dtc_experiment_code_CONTROL_py_16_csv	LARGE_dtc_experiment_code_TRAIN_py_16_csv	0,84507
LARGE_dtc_experiment_code_CONTROL_py_18_csv	LARGE_dtc_experiment_code_TRAIN_py_16_csv	0,84507
LARGE_dtc_experiment_code_TRAIN_py_0_csv	LARGE_dtc_experiment_code_TRAIN_py_17_csv	0,84581
LARGE_dtc_experiment_code_TRAIN_py_0_csv	LARGE_dtc_experiment_code_CONTROL_py_13_csv	0,84581
LARGE_dtc_experiment_code_TRAIN_py_0_csv	LARGE_dtc_experiment_code_CONTROL_py_17_csv	0,84581
LARGE_dtc_experiment_code_CONTROL_py_0_csv	LARGE_dtc_experiment_code_TRAIN_py_0_csv	0,84581
LARGE_dtc_experiment_code_TRAIN_py_13_csv	LARGE_dtc_experiment_code_TRAIN_py_10_csv	0,84711
LARGE_dtc_experiment_code_CONTROL_py_16_csv	LARGE_dtc_experiment_code_TRAIN_py_12_csv	0,84737
LARGE_dtc_experiment_code_TRAIN_py_15_csv	LARGE_dtc_experiment_code_CONTROL_py_18_csv	0,84772
LARGE_dtc_experiment_code_TRAIN_py_17_csv	LARGE_dtc_experiment_code_TRAIN_py_11_csv	0,84772
LARGE_dtc_experiment_code_TRAIN_py_17_csv	LARGE_dtc_experiment_code_TRAIN_py_15_csv	0,84772
LARGE_dtc_experiment_code_TRAIN_py_17_csv	LARGE_dtc_experiment_code_CONTROL_py_11_csv	0,84772
LARGE_dtc_experiment_code_TRAIN_py_17_csv	LARGE_dtc_experiment_code_CONTROL_py_13_csv	0,84772
LARGE_dtc_experiment_code_CONTROL_py_0_csv	LARGE_dtc_experiment_code_TRAIN_py_15_csv	0,84772
LARGE_dtc_experiment_code_CONTROL_py_10_csv	LARGE_dtc_experiment_code_TRAIN_py_15_csv	0,84772
LARGE_dtc_experiment_code_CONTROL_py_14_csv	LARGE_dtc_experiment_code_TRAIN_py_15_csv	0,84772
LARGE_dtc_experiment_code_TRAIN_py_18_csv	LARGE_dtc_experiment_code_CONTROL_py_10_csv	0,84810
LARGE_dtc_experiment_code_TRAIN_py_18_csv	LARGE_dtc_experiment_code_CONTROL_py_18_csv	0,84810
LARGE_dtc_experiment_code_CONTROL_py_12_csv	LARGE_dtc_experiment_code_TRAIN_py_18_csv	0,84810
LARGE_dtc_experiment_code_CONTROL_py_10_csv	LARGE_dtc_experiment_code_TRAIN_py_10_csv	0,84977
LARGE_dtc_experiment_code_CONTROL_py_13_csv	LARGE_dtc_experiment_code_TRAIN_py_16_csv	0,84977
LARGE_dtc_experiment_code_TRAIN_py_11_csv	LARGE_dtc_experiment_code_TRAIN_py_13_csv	0,85124
LARGE_dtc_experiment_code_TRAIN_py_13_csv	LARGE_dtc_experiment_code_TRAIN_py_11_csv	0,85124
LARGE_dtc_experiment_code_TRAIN_py_13_csv	LARGE_dtc_experiment_code_TRAIN_py_17_csv	0,85124
LARGE_dtc_experiment_code_TRAIN_py_13_csv	LARGE_dtc_experiment_code_CONTROL_py_14_csv	0,85124
LARGE_dtc_experiment_code_TRAIN_py_11_csv	LARGE_dtc_experiment_code_TRAIN_py_18_csv	0,85232
LARGE_dtc_experiment_code_TRAIN_py_18_csv	LARGE_dtc_experiment_code_CONTROL_py_15_csv	0,85232
LARGE_dtc_experiment_code_TRAIN_py_15_csv	LARGE_dtc_experiment_code_CONTROL_py_14_csv	0,85279
LARGE_dtc_experiment_code_TRAIN_py_16_csv	LARGE_dtc_experiment_code_CONTROL_py_18_csv	0,85446
LARGE_dtc_experiment_code_CONTROL_py_10_csv	LARGE_dtc_experiment_code_TRAIN_py_0_csv	0,85463
LARGE_dtc_experiment_code_CONTROL_py_10_csv	LARGE_dtc_experiment_code_TRAIN_py_13_csv	0,85537
LARGE_dtc_experiment_code_CONTROL_py_18_csv	LARGE_dtc_experiment_code_TRAIN_py_13_csv	0,85537
LARGE_dtc_experiment_code_TRAIN_py_10_csv	LARGE_dtc_experiment_code_TRAIN_py_18_csv	0,85654
LARGE_dtc_experiment_code_TRAIN_py_18_csv	LARGE_dtc_experiment_code_TRAIN_py_15_csv	0,85654
LARGE_dtc_experiment_code_TRAIN_py_18_csv	LARGE_dtc_experiment_code_CONTROL_py_13_csv	0,85654
LARGE_dtc_experiment_code_CONTROL_py_10_csv	LARGE_dtc_experiment_code_TRAIN_py_18_csv	0,85654
LARGE_dtc_experiment_code_CONTROL_py_16_csv	LARGE_dtc_experiment_code_TRAIN_py_18_csv	0,85654
LARGE_dtc_experiment_code_CONTROL_py_16_csv	LARGE_dtc_experiment_code_TRAIN_py_15_csv	0,85787
LARGE_dtc_experiment_code_TRAIN_py_0_csv	LARGE_dtc_experiment_code_CONTROL_py_14_csv	0,85903
LARGE_dtc_experiment_code_TRAIN_py_0_csv	LARGE_dtc_experiment_code_CONTROL_py_18_csv	0,85903
LARGE_dtc_experiment_code_TRAIN_py_16_csv	LARGE_dtc_experiment_code_CONTROL_py_15_csv	0,85915
LARGE_dtc_experiment_code_TRAIN_py_16_csv	LARGE_dtc_experiment_code_CONTROL_py_17_csv	0,85915
LARGE_dtc_experiment_code_TRAIN_py_13_csv	LARGE_dtc_experiment_code_TRAIN_py_15_csv	0,85950
LARGE_dtc_experiment_code_TRAIN_py_13_csv	LARGE_dtc_experiment_code_CONTROL_py_11_csv	0,85950
LARGE_dtc_experiment_code_CONTROL_py_13_csv	LARGE_dtc_experiment_code_TRAIN_py_13_csv	0,85950
LARGE_dtc_experiment_code_CONTROL_py_14_csv	LARGE_dtc_experiment_code_TRAIN_py_13_csv	0,85950
LARGE_dtc_experiment_code_CONTROL_py_17_csv	LARGE_dtc_experiment_code_TRAIN_py_13_csv	0,85950
LARGE_dtc_experiment_code_CONTROL_py_18_csv	LARGE_dtc_experiment_code_TRAIN_py_18_csv	0,86076
LARGE_dtc_experiment_code_CONTROL_py_13_csv	LARGE_dtc_experiment_code_TRAIN_py_17_csv	0,86294
LARGE_dtc_experiment_code_CONTROL_py_10_csv	LARGE_dtc_experiment_code_TRAIN_py_12_csv	0,86316
LARGE_dtc_experiment_code_TRAIN_py_15_csv	LARGE_dtc_experiment_code_TRAIN_py_0_csv	0,86344
LARGE_dtc_experiment_code_CONTROL_py_14_csv	LARGE_dtc_experiment_code_TRAIN_py_0_csv	0,86344
LARGE_dtc_experiment_code_TRAIN_py_13_csv	LARGE_dtc_experiment_code_TRAIN_py_12_csv	0,86364
LARGE_dtc_experiment_code_TRAIN_py_13_csv	LARGE_dtc_experiment_code_CONTROL_py_13_csv	0,86364
LARGE_dtc_experiment_code_TRAIN_py_13_csv	LARGE_dtc_experiment_code_CONTROL_py_17_csv	0,86364
LARGE_dtc_experiment_code_CONTROL_py_13_csv	LARGE_dtc_experiment_code_TRAIN_py_18_csv	0,86498
LARGE_dtc_experiment_code_TRAIN_py_17_csv	LARGE_dtc_experiment_code_TRAIN_py_0_csv	0,86784
LARGE_dtc_experiment_code_CONTROL_py_17_csv	LARGE_dtc_experiment_code_TRAIN_py_0_csv	0,86784
LARGE_dtc_experiment_code_CONTROL_py_17_csv	LARGE_dtc_experiment_code_TRAIN_py_15_csv	0,86802
LARGE_dtc_experiment_code_CONTROL_py_0_csv	LARGE_dtc_experiment_code_TRAIN_py_18_csv	0,86920
LARGE_dtc_experiment_code_CONTROL_py_16_csv	LARGE_dtc_experiment_code_TRAIN_py_0_csv	0,87225
LARGE_dtc_experiment_code_CONTROL_py_13_csv	LARGE_dtc_experiment_code_TRAIN_py_15_csv	0,87310
LARGE_dtc_experiment_code_TRAIN_py_13_csv	LARGE_dtc_experiment_code_CONTROL_py_18_csv	0,87603
LARGE_dtc_experiment_code_CONTROL_py_15_csv	LARGE_dtc_experiment_code_TRAIN_py_13_csv	0,87603
LARGE_dtc_experiment_code_CONTROL_py_16_csv	LARGE_dtc_experiment_code_TRAIN_py_13_csv	0,87603
LARGE_dtc_experiment_code_CONTROL_py_13_csv	LARGE_dtc_experiment_code_TRAIN_py_0_csv	0,87665
LARGE_dtc_experiment_code_CONTROL_py_17_csv	LARGE_dtc_experiment_code_TRAIN_py_18_csv	0,87764
LARGE_dtc_experiment_code_TRAIN_py_13_csv	LARGE_dtc_experiment_code_CONTROL_py_15_csv	0,88017
