LARGE_dtc_experiment_code_CONTROL_py_0_csv	LARGE_dtc_experiment_code_CONTROL_py_0_csv	0,23926
LARGE_dtc_experiment_code_TRAIN_py_18_csv	LARGE_dtc_experiment_code_TRAIN_py_18_csv	0,24257
LARGE_dtc_experiment_code_TRAIN_py_13_csv	LARGE_dtc_experiment_code_TRAIN_py_13_csv	0,24365
LARGE_dtc_experiment_code_TRAIN_py_15_csv	LARGE_dtc_experiment_code_TRAIN_py_15_csv	0,24419
LARGE_dtc_experiment_code_TRAIN_py_16_csv	LARGE_dtc_experiment_code_TRAIN_py_16_csv	0,24590
LARGE_dtc_experiment_code_CONTROL_py_15_csv	LARGE_dtc_experiment_code_CONTROL_py_15_csv	0,25000
LARGE_dtc_experiment_code_TRAIN_py_17_csv	LARGE_dtc_experiment_code_TRAIN_py_17_csv	0,25434
LARGE_dtc_experiment_code_CONTROL_py_13_csv	LARGE_dtc_experiment_code_CONTROL_py_13_csv	0,25874
LARGE_dtc_experiment_code_TRAIN_py_11_csv	LARGE_dtc_experiment_code_TRAIN_py_11_csv	0,26136
LARGE_dtc_experiment_code_CONTROL_py_12_csv	LARGE_dtc_experiment_code_CONTROL_py_12_csv	0,26573
LARGE_dtc_experiment_code_TRAIN_py_14_csv	LARGE_dtc_experiment_code_TRAIN_py_14_csv	0,26744
LARGE_dtc_experiment_code_TRAIN_py_10_csv	LARGE_dtc_experiment_code_TRAIN_py_10_csv	0,26923
LARGE_dtc_experiment_code_TRAIN_py_12_csv	LARGE_dtc_experiment_code_TRAIN_py_12_csv	0,27059
LARGE_dtc_experiment_code_CONTROL_py_11_csv	LARGE_dtc_experiment_code_CONTROL_py_11_csv	0,28169
LARGE_dtc_experiment_code_CONTROL_py_14_csv	LARGE_dtc_experiment_code_CONTROL_py_14_csv	0,28169
LARGE_dtc_experiment_code_TRAIN_py_0_csv	LARGE_dtc_experiment_code_TRAIN_py_0_csv	0,28272
LARGE_dtc_experiment_code_CONTROL_py_10_csv	LARGE_dtc_experiment_code_CONTROL_py_10_csv	0,28571
LARGE_dtc_experiment_code_CONTROL_py_18_csv	LARGE_dtc_experiment_code_CONTROL_py_18_csv	0,28986
LARGE_dtc_experiment_code_CONTROL_py_16_csv	LARGE_dtc_experiment_code_CONTROL_py_16_csv	0,29054
LARGE_dtc_experiment_code_CONTROL_py_17_csv	LARGE_dtc_experiment_code_CONTROL_py_17_csv	0,29139
LARGE_dtc_experiment_code_CONTROL_py_11_csv	LARGE_dtc_experiment_code_CONTROL_py_12_csv	0,72028
LARGE_dtc_experiment_code_CONTROL_py_12_csv	LARGE_dtc_experiment_code_CONTROL_py_11_csv	0,72727
LARGE_dtc_experiment_code_CONTROL_py_10_csv	LARGE_dtc_experiment_code_CONTROL_py_11_csv	0,72789
LARGE_dtc_experiment_code_CONTROL_py_11_csv	LARGE_dtc_experiment_code_CONTROL_py_10_csv	0,72789
LARGE_dtc_experiment_code_CONTROL_py_16_csv	LARGE_dtc_experiment_code_CONTROL_py_12_csv	0,72973
LARGE_dtc_experiment_code_CONTROL_py_0_csv	LARGE_dtc_experiment_code_CONTROL_py_17_csv	0,73006
LARGE_dtc_experiment_code_CONTROL_py_13_csv	LARGE_dtc_experiment_code_CONTROL_py_12_csv	0,73427
LARGE_dtc_experiment_code_CONTROL_py_13_csv	LARGE_dtc_experiment_code_CONTROL_py_15_csv	0,73427
LARGE_dtc_experiment_code_CONTROL_py_15_csv	LARGE_dtc_experiment_code_CONTROL_py_13_csv	0,73427
LARGE_dtc_experiment_code_CONTROL_py_12_csv	LARGE_dtc_experiment_code_CONTROL_py_17_csv	0,73510
LARGE_dtc_experiment_code_CONTROL_py_13_csv	LARGE_dtc_experiment_code_CONTROL_py_17_csv	0,73510
LARGE_dtc_experiment_code_CONTROL_py_17_csv	LARGE_dtc_experiment_code_CONTROL_py_12_csv	0,73510
LARGE_dtc_experiment_code_CONTROL_py_15_csv	LARGE_dtc_experiment_code_CONTROL_py_18_csv	0,73913
LARGE_dtc_experiment_code_CONTROL_py_14_csv	LARGE_dtc_experiment_code_CONTROL_py_11_csv	0,73944
LARGE_dtc_experiment_code_CONTROL_py_11_csv	LARGE_dtc_experiment_code_CONTROL_py_13_csv	0,74126
LARGE_dtc_experiment_code_CONTROL_py_12_csv	LARGE_dtc_experiment_code_CONTROL_py_13_csv	0,74126
LARGE_dtc_experiment_code_CONTROL_py_12_csv	LARGE_dtc_experiment_code_CONTROL_py_18_csv	0,74126
LARGE_dtc_experiment_code_CONTROL_py_14_csv	LARGE_dtc_experiment_code_CONTROL_py_12_csv	0,74126
LARGE_dtc_experiment_code_CONTROL_py_17_csv	LARGE_dtc_experiment_code_CONTROL_py_13_csv	0,74172
LARGE_dtc_experiment_code_TRAIN_py_15_csv	LARGE_dtc_experiment_code_TRAIN_py_10_csv	0,74176
LARGE_dtc_experiment_code_TRAIN_py_16_csv	LARGE_dtc_experiment_code_TRAIN_py_15_csv	0,74317
LARGE_dtc_experiment_code_CONTROL_py_13_csv	LARGE_dtc_experiment_code_CONTROL_py_16_csv	0,74324
LARGE_dtc_experiment_code_TRAIN_py_14_csv	LARGE_dtc_experiment_code_TRAIN_py_12_csv	0,74419
LARGE_dtc_experiment_code_TRAIN_py_17_csv	LARGE_dtc_experiment_code_TRAIN_py_11_csv	0,74432
LARGE_dtc_experiment_code_TRAIN_py_14_csv	LARGE_dtc_experiment_code_TRAIN_py_10_csv	0,74725
LARGE_dtc_experiment_code_TRAIN_py_17_csv	LARGE_dtc_experiment_code_TRAIN_py_10_csv	0,74725
LARGE_dtc_experiment_code_TRAIN_py_18_csv	LARGE_dtc_experiment_code_TRAIN_py_10_csv	0,74752
LARGE_dtc_experiment_code_CONTROL_py_13_csv	LARGE_dtc_experiment_code_CONTROL_py_11_csv	0,74825
LARGE_dtc_experiment_code_CONTROL_py_15_csv	LARGE_dtc_experiment_code_CONTROL_py_12_csv	0,74825
LARGE_dtc_experiment_code_CONTROL_py_16_csv	LARGE_dtc_experiment_code_CONTROL_py_17_csv	0,74834
LARGE_dtc_experiment_code_CONTROL_py_17_csv	LARGE_dtc_experiment_code_CONTROL_py_16_csv	0,74834
LARGE_dtc_experiment_code_CONTROL_py_0_csv	LARGE_dtc_experiment_code_CONTROL_py_12_csv	0,74847
LARGE_dtc_experiment_code_CONTROL_py_0_csv	LARGE_dtc_experiment_code_CONTROL_py_16_csv	0,74847
LARGE_dtc_experiment_code_CONTROL_py_18_csv	LARGE_dtc_experiment_code_CONTROL_py_0_csv	0,74847
LARGE_dtc_experiment_code_TRAIN_py_12_csv	LARGE_dtc_experiment_code_TRAIN_py_14_csv	0,75000
LARGE_dtc_experiment_code_CONTROL_py_12_csv	LARGE_dtc_experiment_code_CONTROL_py_16_csv	0,75000
LARGE_dtc_experiment_code_CONTROL_py_16_csv	LARGE_dtc_experiment_code_CONTROL_py_13_csv	0,75000
LARGE_dtc_experiment_code_TRAIN_py_14_csv	LARGE_dtc_experiment_code_TRAIN_py_18_csv	0,75248
LARGE_dtc_experiment_code_TRAIN_py_10_csv	LARGE_dtc_experiment_code_TRAIN_py_15_csv	0,75275
LARGE_dtc_experiment_code_CONTROL_py_11_csv	LARGE_dtc_experiment_code_CONTROL_py_14_csv	0,75352
LARGE_dtc_experiment_code_CONTROL_py_15_csv	LARGE_dtc_experiment_code_CONTROL_py_14_csv	0,75352
LARGE_dtc_experiment_code_CONTROL_py_17_csv	LARGE_dtc_experiment_code_CONTROL_py_0_csv	0,75460
LARGE_dtc_experiment_code_CONTROL_py_11_csv	LARGE_dtc_experiment_code_CONTROL_py_17_csv	0,75497
LARGE_dtc_experiment_code_CONTROL_py_15_csv	LARGE_dtc_experiment_code_CONTROL_py_17_csv	0,75497
LARGE_dtc_experiment_code_CONTROL_py_10_csv	LARGE_dtc_experiment_code_CONTROL_py_12_csv	0,75510
LARGE_dtc_experiment_code_CONTROL_py_14_csv	LARGE_dtc_experiment_code_CONTROL_py_10_csv	0,75510
LARGE_dtc_experiment_code_CONTROL_py_14_csv	LARGE_dtc_experiment_code_CONTROL_py_13_csv	0,75524
LARGE_dtc_experiment_code_CONTROL_py_18_csv	LARGE_dtc_experiment_code_CONTROL_py_12_csv	0,75524
LARGE_dtc_experiment_code_TRAIN_py_11_csv	LARGE_dtc_experiment_code_TRAIN_py_17_csv	0,75568
LARGE_dtc_experiment_code_CONTROL_py_16_csv	LARGE_dtc_experiment_code_CONTROL_py_14_csv	0,75676
LARGE_dtc_experiment_code_CONTROL_py_16_csv	LARGE_dtc_experiment_code_CONTROL_py_18_csv	0,75676
LARGE_dtc_experiment_code_TRAIN_py_17_csv	LARGE_dtc_experiment_code_TRAIN_py_14_csv	0,75723
LARGE_dtc_experiment_code_TRAIN_py_17_csv	LARGE_dtc_experiment_code_CONTROL_py_16_csv	0,75723
LARGE_dtc_experiment_code_TRAIN_py_13_csv	LARGE_dtc_experiment_code_TRAIN_py_18_csv	0,75743
LARGE_dtc_experiment_code_TRAIN_py_18_csv	LARGE_dtc_experiment_code_TRAIN_py_14_csv	0,75743
LARGE_dtc_experiment_code_TRAIN_py_12_csv	LARGE_dtc_experiment_code_CONTROL_py_12_csv	0,75882
LARGE_dtc_experiment_code_CONTROL_py_0_csv	LARGE_dtc_experiment_code_TRAIN_py_12_csv	0,75882
LARGE_dtc_experiment_code_CONTROL_py_12_csv	LARGE_dtc_experiment_code_TRAIN_py_12_csv	0,75882
LARGE_dtc_experiment_code_TRAIN_py_0_csv	LARGE_dtc_experiment_code_TRAIN_py_10_csv	0,75916
LARGE_dtc_experiment_code_TRAIN_py_0_csv	LARGE_dtc_experiment_code_CONTROL_py_0_csv	0,75916
LARGE_dtc_experiment_code_CONTROL_py_0_csv	LARGE_dtc_experiment_code_CONTROL_py_13_csv	0,76074
LARGE_dtc_experiment_code_CONTROL_py_0_csv	LARGE_dtc_experiment_code_CONTROL_py_18_csv	0,76074
LARGE_dtc_experiment_code_CONTROL_py_12_csv	LARGE_dtc_experiment_code_CONTROL_py_0_csv	0,76074
LARGE_dtc_experiment_code_TRAIN_py_13_csv	LARGE_dtc_experiment_code_TRAIN_py_10_csv	0,76142
LARGE_dtc_experiment_code_TRAIN_py_13_csv	LARGE_dtc_experiment_code_TRAIN_py_14_csv	0,76142
LARGE_dtc_experiment_code_CONTROL_py_17_csv	LARGE_dtc_experiment_code_CONTROL_py_11_csv	0,76159
LARGE_dtc_experiment_code_CONTROL_py_17_csv	LARGE_dtc_experiment_code_CONTROL_py_18_csv	0,76159
LARGE_dtc_experiment_code_TRAIN_py_14_csv	LARGE_dtc_experiment_code_TRAIN_py_15_csv	0,76163
LARGE_dtc_experiment_code_CONTROL_py_10_csv	LARGE_dtc_experiment_code_CONTROL_py_14_csv	0,76190
LARGE_dtc_experiment_code_CONTROL_py_12_csv	LARGE_dtc_experiment_code_CONTROL_py_14_csv	0,76224
LARGE_dtc_experiment_code_CONTROL_py_13_csv	LARGE_dtc_experiment_code_CONTROL_py_14_csv	0,76224
LARGE_dtc_experiment_code_TRAIN_py_18_csv	LARGE_dtc_experiment_code_TRAIN_py_13_csv	0,76238
LARGE_dtc_experiment_code_TRAIN_py_14_csv	LARGE_dtc_experiment_code_TRAIN_py_17_csv	0,76301
LARGE_dtc_experiment_code_TRAIN_py_17_csv	LARGE_dtc_experiment_code_TRAIN_py_15_csv	0,76301
LARGE_dtc_experiment_code_CONTROL_py_14_csv	LARGE_dtc_experiment_code_CONTROL_py_16_csv	0,76351
LARGE_dtc_experiment_code_TRAIN_py_11_csv	LARGE_dtc_experiment_code_TRAIN_py_10_csv	0,76374
LARGE_dtc_experiment_code_TRAIN_py_12_csv	LARGE_dtc_experiment_code_TRAIN_py_10_csv	0,76374
LARGE_dtc_experiment_code_CONTROL_py_16_csv	LARGE_dtc_experiment_code_TRAIN_py_10_csv	0,76374
LARGE_dtc_experiment_code_TRAIN_py_0_csv	LARGE_dtc_experiment_code_CONTROL_py_12_csv	0,76440
LARGE_dtc_experiment_code_TRAIN_py_0_csv	LARGE_dtc_experiment_code_CONTROL_py_18_csv	0,76440
LARGE_dtc_experiment_code_TRAIN_py_16_csv	LARGE_dtc_experiment_code_TRAIN_py_10_csv	0,76503
LARGE_dtc_experiment_code_TRAIN_py_0_csv	LARGE_dtc_experiment_code_TRAIN_py_13_csv	0,76650
LARGE_dtc_experiment_code_CONTROL_py_16_csv	LARGE_dtc_experiment_code_CONTROL_py_0_csv	0,76687
LARGE_dtc_experiment_code_TRAIN_py_11_csv	LARGE_dtc_experiment_code_TRAIN_py_12_csv	0,76705
LARGE_dtc_experiment_code_TRAIN_py_11_csv	LARGE_dtc_experiment_code_TRAIN_py_15_csv	0,76705
LARGE_dtc_experiment_code_TRAIN_py_12_csv	LARGE_dtc_experiment_code_TRAIN_py_11_csv	0,76705
LARGE_dtc_experiment_code_TRAIN_py_0_csv	LARGE_dtc_experiment_code_TRAIN_py_18_csv	0,76733
LARGE_dtc_experiment_code_TRAIN_py_14_csv	LARGE_dtc_experiment_code_CONTROL_py_16_csv	0,76744
LARGE_dtc_experiment_code_TRAIN_py_15_csv	LARGE_dtc_experiment_code_TRAIN_py_14_csv	0,76744
LARGE_dtc_experiment_code_CONTROL_py_0_csv	LARGE_dtc_experiment_code_TRAIN_py_15_csv	0,76744
LARGE_dtc_experiment_code_CONTROL_py_14_csv	LARGE_dtc_experiment_code_CONTROL_py_18_csv	0,76761
LARGE_dtc_experiment_code_CONTROL_py_15_csv	LARGE_dtc_experiment_code_CONTROL_py_11_csv	0,76761
LARGE_dtc_experiment_code_CONTROL_py_14_csv	LARGE_dtc_experiment_code_CONTROL_py_17_csv	0,76821
LARGE_dtc_experiment_code_CONTROL_py_10_csv	LARGE_dtc_experiment_code_CONTROL_py_13_csv	0,76871
LARGE_dtc_experiment_code_CONTROL_py_12_csv	LARGE_dtc_experiment_code_CONTROL_py_10_csv	0,76871
LARGE_dtc_experiment_code_TRAIN_py_17_csv	LARGE_dtc_experiment_code_CONTROL_py_0_csv	0,76879
LARGE_dtc_experiment_code_CONTROL_py_0_csv	LARGE_dtc_experiment_code_TRAIN_py_17_csv	0,76879
LARGE_dtc_experiment_code_CONTROL_py_16_csv	LARGE_dtc_experiment_code_TRAIN_py_17_csv	0,76879
LARGE_dtc_experiment_code_CONTROL_py_0_csv	LARGE_dtc_experiment_code_TRAIN_py_10_csv	0,76923
LARGE_dtc_experiment_code_CONTROL_py_12_csv	LARGE_dtc_experiment_code_TRAIN_py_10_csv	0,76923
LARGE_dtc_experiment_code_CONTROL_py_13_csv	LARGE_dtc_experiment_code_CONTROL_py_18_csv	0,76923
LARGE_dtc_experiment_code_TRAIN_py_0_csv	LARGE_dtc_experiment_code_TRAIN_py_12_csv	0,76963
LARGE_dtc_experiment_code_CONTROL_py_15_csv	LARGE_dtc_experiment_code_CONTROL_py_16_csv	0,77027
LARGE_dtc_experiment_code_CONTROL_py_16_csv	LARGE_dtc_experiment_code_CONTROL_py_11_csv	0,77027
LARGE_dtc_experiment_code_CONTROL_py_16_csv	LARGE_dtc_experiment_code_CONTROL_py_15_csv	0,77027
LARGE_dtc_experiment_code_TRAIN_py_11_csv	LARGE_dtc_experiment_code_TRAIN_py_16_csv	0,77049
LARGE_dtc_experiment_code_TRAIN_py_16_csv	LARGE_dtc_experiment_code_TRAIN_py_11_csv	0,77049
LARGE_dtc_experiment_code_TRAIN_py_12_csv	LARGE_dtc_experiment_code_CONTROL_py_0_csv	0,77059
LARGE_dtc_experiment_code_TRAIN_py_12_csv	LARGE_dtc_experiment_code_TRAIN_py_13_csv	0,77157
LARGE_dtc_experiment_code_TRAIN_py_13_csv	LARGE_dtc_experiment_code_TRAIN_py_12_csv	0,77157
LARGE_dtc_experiment_code_TRAIN_py_17_csv	LARGE_dtc_experiment_code_TRAIN_py_18_csv	0,77228
LARGE_dtc_experiment_code_TRAIN_py_18_csv	LARGE_dtc_experiment_code_TRAIN_py_0_csv	0,77228
LARGE_dtc_experiment_code_TRAIN_py_18_csv	LARGE_dtc_experiment_code_CONTROL_py_16_csv	0,77228
LARGE_dtc_experiment_code_CONTROL_py_0_csv	LARGE_dtc_experiment_code_TRAIN_py_18_csv	0,77228
LARGE_dtc_experiment_code_CONTROL_py_16_csv	LARGE_dtc_experiment_code_TRAIN_py_18_csv	0,77228
LARGE_dtc_experiment_code_TRAIN_py_11_csv	LARGE_dtc_experiment_code_TRAIN_py_14_csv	0,77273
LARGE_dtc_experiment_code_TRAIN_py_11_csv	LARGE_dtc_experiment_code_CONTROL_py_16_csv	0,77273
LARGE_dtc_experiment_code_TRAIN_py_11_csv	LARGE_dtc_experiment_code_CONTROL_py_17_csv	0,77273
LARGE_dtc_experiment_code_CONTROL_py_0_csv	LARGE_dtc_experiment_code_CONTROL_py_10_csv	0,77301
LARGE_dtc_experiment_code_CONTROL_py_11_csv	LARGE_dtc_experiment_code_CONTROL_py_0_csv	0,77301
LARGE_dtc_experiment_code_CONTROL_py_13_csv	LARGE_dtc_experiment_code_CONTROL_py_0_csv	0,77301
LARGE_dtc_experiment_code_TRAIN_py_14_csv	LARGE_dtc_experiment_code_CONTROL_py_10_csv	0,77326
LARGE_dtc_experiment_code_TRAIN_py_14_csv	LARGE_dtc_experiment_code_CONTROL_py_12_csv	0,77326
LARGE_dtc_experiment_code_TRAIN_py_14_csv	LARGE_dtc_experiment_code_CONTROL_py_13_csv	0,77326
LARGE_dtc_experiment_code_TRAIN_py_15_csv	LARGE_dtc_experiment_code_TRAIN_py_12_csv	0,77326
LARGE_dtc_experiment_code_TRAIN_py_15_csv	LARGE_dtc_experiment_code_CONTROL_py_13_csv	0,77326
LARGE_dtc_experiment_code_CONTROL_py_0_csv	LARGE_dtc_experiment_code_TRAIN_py_14_csv	0,77326
LARGE_dtc_experiment_code_CONTROL_py_13_csv	LARGE_dtc_experiment_code_TRAIN_py_15_csv	0,77326
LARGE_dtc_experiment_code_CONTROL_py_16_csv	LARGE_dtc_experiment_code_TRAIN_py_14_csv	0,77326
LARGE_dtc_experiment_code_TRAIN_py_15_csv	LARGE_dtc_experiment_code_TRAIN_py_17_csv	0,77457
LARGE_dtc_experiment_code_TRAIN_py_17_csv	LARGE_dtc_experiment_code_CONTROL_py_17_csv	0,77457
LARGE_dtc_experiment_code_CONTROL_py_11_csv	LARGE_dtc_experiment_code_TRAIN_py_17_csv	0,77457
LARGE_dtc_experiment_code_CONTROL_py_14_csv	LARGE_dtc_experiment_code_TRAIN_py_17_csv	0,77457
LARGE_dtc_experiment_code_CONTROL_py_11_csv	LARGE_dtc_experiment_code_CONTROL_py_15_csv	0,77465
LARGE_dtc_experiment_code_CONTROL_py_14_csv	LARGE_dtc_experiment_code_CONTROL_py_15_csv	0,77465
LARGE_dtc_experiment_code_TRAIN_py_10_csv	LARGE_dtc_experiment_code_TRAIN_py_11_csv	0,77473
LARGE_dtc_experiment_code_TRAIN_py_10_csv	LARGE_dtc_experiment_code_TRAIN_py_14_csv	0,77473
LARGE_dtc_experiment_code_TRAIN_py_10_csv	LARGE_dtc_experiment_code_TRAIN_py_17_csv	0,77473
LARGE_dtc_experiment_code_CONTROL_py_10_csv	LARGE_dtc_experiment_code_CONTROL_py_17_csv	0,77483
LARGE_dtc_experiment_code_CONTROL_py_17_csv	LARGE_dtc_experiment_code_CONTROL_py_10_csv	0,77483
LARGE_dtc_experiment_code_CONTROL_py_18_csv	LARGE_dtc_experiment_code_CONTROL_py_17_csv	0,77483
LARGE_dtc_experiment_code_CONTROL_py_10_csv	LARGE_dtc_experiment_code_CONTROL_py_15_csv	0,77551
LARGE_dtc_experiment_code_TRAIN_py_12_csv	LARGE_dtc_experiment_code_TRAIN_py_16_csv	0,77596
LARGE_dtc_experiment_code_TRAIN_py_15_csv	LARGE_dtc_experiment_code_TRAIN_py_16_csv	0,77596
LARGE_dtc_experiment_code_TRAIN_py_16_csv	LARGE_dtc_experiment_code_CONTROL_py_0_csv	0,77596
LARGE_dtc_experiment_code_CONTROL_py_12_csv	LARGE_dtc_experiment_code_CONTROL_py_15_csv	0,77622
LARGE_dtc_experiment_code_TRAIN_py_12_csv	LARGE_dtc_experiment_code_CONTROL_py_17_csv	0,77647
LARGE_dtc_experiment_code_CONTROL_py_16_csv	LARGE_dtc_experiment_code_TRAIN_py_12_csv	0,77647
LARGE_dtc_experiment_code_TRAIN_py_13_csv	LARGE_dtc_experiment_code_TRAIN_py_0_csv	0,77665
LARGE_dtc_experiment_code_TRAIN_py_13_csv	LARGE_dtc_experiment_code_TRAIN_py_15_csv	0,77665
LARGE_dtc_experiment_code_TRAIN_py_13_csv	LARGE_dtc_experiment_code_CONTROL_py_0_csv	0,77665
LARGE_dtc_experiment_code_TRAIN_py_13_csv	LARGE_dtc_experiment_code_CONTROL_py_12_csv	0,77665
LARGE_dtc_experiment_code_TRAIN_py_15_csv	LARGE_dtc_experiment_code_TRAIN_py_13_csv	0,77665
LARGE_dtc_experiment_code_CONTROL_py_0_csv	LARGE_dtc_experiment_code_TRAIN_py_13_csv	0,77665
LARGE_dtc_experiment_code_CONTROL_py_10_csv	LARGE_dtc_experiment_code_CONTROL_py_16_csv	0,77703
LARGE_dtc_experiment_code_CONTROL_py_11_csv	LARGE_dtc_experiment_code_CONTROL_py_16_csv	0,77703
LARGE_dtc_experiment_code_TRAIN_py_16_csv	LARGE_dtc_experiment_code_TRAIN_py_18_csv	0,77723
LARGE_dtc_experiment_code_TRAIN_py_11_csv	LARGE_dtc_experiment_code_CONTROL_py_0_csv	0,77841
LARGE_dtc_experiment_code_TRAIN_py_11_csv	LARGE_dtc_experiment_code_CONTROL_py_12_csv	0,77841
LARGE_dtc_experiment_code_TRAIN_py_14_csv	LARGE_dtc_experiment_code_TRAIN_py_11_csv	0,77841
LARGE_dtc_experiment_code_TRAIN_py_15_csv	LARGE_dtc_experiment_code_TRAIN_py_11_csv	0,77841
LARGE_dtc_experiment_code_TRAIN_py_12_csv	LARGE_dtc_experiment_code_TRAIN_py_15_csv	0,77907
LARGE_dtc_experiment_code_TRAIN_py_14_csv	LARGE_dtc_experiment_code_CONTROL_py_17_csv	0,77907
LARGE_dtc_experiment_code_TRAIN_py_15_csv	LARGE_dtc_experiment_code_CONTROL_py_0_csv	0,77907
LARGE_dtc_experiment_code_TRAIN_py_15_csv	LARGE_dtc_experiment_code_CONTROL_py_12_csv	0,77907
LARGE_dtc_experiment_code_TRAIN_py_15_csv	LARGE_dtc_experiment_code_CONTROL_py_16_csv	0,77907
LARGE_dtc_experiment_code_CONTROL_py_12_csv	LARGE_dtc_experiment_code_TRAIN_py_14_csv	0,77907
LARGE_dtc_experiment_code_CONTROL_py_12_csv	LARGE_dtc_experiment_code_TRAIN_py_15_csv	0,77907
LARGE_dtc_experiment_code_CONTROL_py_13_csv	LARGE_dtc_experiment_code_TRAIN_py_14_csv	0,77907
LARGE_dtc_experiment_code_CONTROL_py_15_csv	LARGE_dtc_experiment_code_TRAIN_py_15_csv	0,77907
LARGE_dtc_experiment_code_CONTROL_py_16_csv	LARGE_dtc_experiment_code_TRAIN_py_15_csv	0,77907
LARGE_dtc_experiment_code_CONTROL_py_0_csv	LARGE_dtc_experiment_code_CONTROL_py_11_csv	0,77914
LARGE_dtc_experiment_code_CONTROL_py_0_csv	LARGE_dtc_experiment_code_CONTROL_py_15_csv	0,77914
LARGE_dtc_experiment_code_CONTROL_py_10_csv	LARGE_dtc_experiment_code_CONTROL_py_0_csv	0,77914
LARGE_dtc_experiment_code_CONTROL_py_15_csv	LARGE_dtc_experiment_code_CONTROL_py_0_csv	0,77914
LARGE_dtc_experiment_code_TRAIN_py_0_csv	LARGE_dtc_experiment_code_TRAIN_py_17_csv	0,78010
LARGE_dtc_experiment_code_TRAIN_py_11_csv	LARGE_dtc_experiment_code_TRAIN_py_0_csv	0,78010
LARGE_dtc_experiment_code_TRAIN_py_17_csv	LARGE_dtc_experiment_code_TRAIN_py_0_csv	0,78010
LARGE_dtc_experiment_code_CONTROL_py_0_csv	LARGE_dtc_experiment_code_TRAIN_py_0_csv	0,78010
LARGE_dtc_experiment_code_TRAIN_py_10_csv	LARGE_dtc_experiment_code_TRAIN_py_12_csv	0,78022
LARGE_dtc_experiment_code_TRAIN_py_17_csv	LARGE_dtc_experiment_code_TRAIN_py_12_csv	0,78035
LARGE_dtc_experiment_code_TRAIN_py_17_csv	LARGE_dtc_experiment_code_CONTROL_py_10_csv	0,78035
LARGE_dtc_experiment_code_TRAIN_py_17_csv	LARGE_dtc_experiment_code_CONTROL_py_11_csv	0,78035
LARGE_dtc_experiment_code_TRAIN_py_17_csv	LARGE_dtc_experiment_code_CONTROL_py_13_csv	0,78035
LARGE_dtc_experiment_code_TRAIN_py_17_csv	LARGE_dtc_experiment_code_CONTROL_py_14_csv	0,78035
LARGE_dtc_experiment_code_TRAIN_py_17_csv	LARGE_dtc_experiment_code_CONTROL_py_15_csv	0,78035
LARGE_dtc_experiment_code_TRAIN_py_16_csv	LARGE_dtc_experiment_code_TRAIN_py_12_csv	0,78142
LARGE_dtc_experiment_code_CONTROL_py_0_csv	LARGE_dtc_experiment_code_TRAIN_py_16_csv	0,78142
LARGE_dtc_experiment_code_CONTROL_py_17_csv	LARGE_dtc_experiment_code_CONTROL_py_15_csv	0,78146
LARGE_dtc_experiment_code_CONTROL_py_11_csv	LARGE_dtc_experiment_code_CONTROL_py_18_csv	0,78169
LARGE_dtc_experiment_code_TRAIN_py_10_csv	LARGE_dtc_experiment_code_TRAIN_py_13_csv	0,78173
LARGE_dtc_experiment_code_TRAIN_py_11_csv	LARGE_dtc_experiment_code_TRAIN_py_13_csv	0,78173
LARGE_dtc_experiment_code_TRAIN_py_14_csv	LARGE_dtc_experiment_code_TRAIN_py_13_csv	0,78173
LARGE_dtc_experiment_code_TRAIN_py_10_csv	LARGE_dtc_experiment_code_TRAIN_py_18_csv	0,78218
LARGE_dtc_experiment_code_TRAIN_py_11_csv	LARGE_dtc_experiment_code_TRAIN_py_18_csv	0,78218
LARGE_dtc_experiment_code_TRAIN_py_15_csv	LARGE_dtc_experiment_code_TRAIN_py_18_csv	0,78218
LARGE_dtc_experiment_code_TRAIN_py_18_csv	LARGE_dtc_experiment_code_TRAIN_py_12_csv	0,78218
LARGE_dtc_experiment_code_TRAIN_py_18_csv	LARGE_dtc_experiment_code_CONTROL_py_17_csv	0,78218
LARGE_dtc_experiment_code_CONTROL_py_10_csv	LARGE_dtc_experiment_code_CONTROL_py_18_csv	0,78231
LARGE_dtc_experiment_code_CONTROL_py_13_csv	LARGE_dtc_experiment_code_CONTROL_py_10_csv	0,78231
LARGE_dtc_experiment_code_CONTROL_py_15_csv	LARGE_dtc_experiment_code_CONTROL_py_10_csv	0,78231
LARGE_dtc_experiment_code_CONTROL_py_18_csv	LARGE_dtc_experiment_code_CONTROL_py_10_csv	0,78231
LARGE_dtc_experiment_code_TRAIN_py_12_csv	LARGE_dtc_experiment_code_CONTROL_py_11_csv	0,78235
LARGE_dtc_experiment_code_TRAIN_py_12_csv	LARGE_dtc_experiment_code_CONTROL_py_14_csv	0,78235
LARGE_dtc_experiment_code_TRAIN_py_12_csv	LARGE_dtc_experiment_code_CONTROL_py_16_csv	0,78235
LARGE_dtc_experiment_code_CONTROL_py_18_csv	LARGE_dtc_experiment_code_CONTROL_py_13_csv	0,78322
LARGE_dtc_experiment_code_CONTROL_py_18_csv	LARGE_dtc_experiment_code_CONTROL_py_16_csv	0,78378
LARGE_dtc_experiment_code_TRAIN_py_11_csv	LARGE_dtc_experiment_code_CONTROL_py_10_csv	0,78409
LARGE_dtc_experiment_code_CONTROL_py_0_csv	LARGE_dtc_experiment_code_TRAIN_py_11_csv	0,78409
LARGE_dtc_experiment_code_TRAIN_py_14_csv	LARGE_dtc_experiment_code_CONTROL_py_0_csv	0,78488
LARGE_dtc_experiment_code_CONTROL_py_0_csv	LARGE_dtc_experiment_code_CONTROL_py_14_csv	0,78528
LARGE_dtc_experiment_code_TRAIN_py_0_csv	LARGE_dtc_experiment_code_TRAIN_py_11_csv	0,78534
LARGE_dtc_experiment_code_TRAIN_py_0_csv	LARGE_dtc_experiment_code_CONTROL_py_16_csv	0,78534
LARGE_dtc_experiment_code_TRAIN_py_0_csv	LARGE_dtc_experiment_code_CONTROL_py_17_csv	0,78534
LARGE_dtc_experiment_code_TRAIN_py_12_csv	LARGE_dtc_experiment_code_TRAIN_py_0_csv	0,78534
LARGE_dtc_experiment_code_CONTROL_py_11_csv	LARGE_dtc_experiment_code_TRAIN_py_0_csv	0,78534
LARGE_dtc_experiment_code_CONTROL_py_12_csv	LARGE_dtc_experiment_code_TRAIN_py_0_csv	0,78534
LARGE_dtc_experiment_code_CONTROL_py_18_csv	LARGE_dtc_experiment_code_TRAIN_py_0_csv	0,78534
LARGE_dtc_experiment_code_TRAIN_py_10_csv	LARGE_dtc_experiment_code_CONTROL_py_12_csv	0,78571
LARGE_dtc_experiment_code_CONTROL_py_15_csv	LARGE_dtc_experiment_code_TRAIN_py_10_csv	0,78571
LARGE_dtc_experiment_code_TRAIN_py_17_csv	LARGE_dtc_experiment_code_CONTROL_py_12_csv	0,78613
LARGE_dtc_experiment_code_CONTROL_py_10_csv	LARGE_dtc_experiment_code_TRAIN_py_17_csv	0,78613
LARGE_dtc_experiment_code_CONTROL_py_15_csv	LARGE_dtc_experiment_code_TRAIN_py_17_csv	0,78613
LARGE_dtc_experiment_code_TRAIN_py_16_csv	LARGE_dtc_experiment_code_TRAIN_py_14_csv	0,78689
LARGE_dtc_experiment_code_TRAIN_py_16_csv	LARGE_dtc_experiment_code_TRAIN_py_17_csv	0,78689
LARGE_dtc_experiment_code_TRAIN_py_16_csv	LARGE_dtc_experiment_code_CONTROL_py_12_csv	0,78689
LARGE_dtc_experiment_code_TRAIN_py_16_csv	LARGE_dtc_experiment_code_CONTROL_py_17_csv	0,78689
LARGE_dtc_experiment_code_TRAIN_py_12_csv	LARGE_dtc_experiment_code_TRAIN_py_18_csv	0,78713
LARGE_dtc_experiment_code_TRAIN_py_18_csv	LARGE_dtc_experiment_code_TRAIN_py_17_csv	0,78713
LARGE_dtc_experiment_code_TRAIN_py_18_csv	LARGE_dtc_experiment_code_CONTROL_py_0_csv	0,78713
LARGE_dtc_experiment_code_CONTROL_py_11_csv	LARGE_dtc_experiment_code_TRAIN_py_18_csv	0,78713
LARGE_dtc_experiment_code_CONTROL_py_17_csv	LARGE_dtc_experiment_code_CONTROL_py_14_csv	0,78808
LARGE_dtc_experiment_code_TRAIN_py_12_csv	LARGE_dtc_experiment_code_CONTROL_py_13_csv	0,78824
LARGE_dtc_experiment_code_CONTROL_py_11_csv	LARGE_dtc_experiment_code_TRAIN_py_12_csv	0,78824
LARGE_dtc_experiment_code_CONTROL_py_18_csv	LARGE_dtc_experiment_code_CONTROL_py_14_csv	0,78873
LARGE_dtc_experiment_code_CONTROL_py_10_csv	LARGE_dtc_experiment_code_TRAIN_py_11_csv	0,78977
LARGE_dtc_experiment_code_CONTROL_py_11_csv	LARGE_dtc_experiment_code_TRAIN_py_11_csv	0,78977
LARGE_dtc_experiment_code_CONTROL_py_12_csv	LARGE_dtc_experiment_code_TRAIN_py_11_csv	0,78977
LARGE_dtc_experiment_code_CONTROL_py_16_csv	LARGE_dtc_experiment_code_TRAIN_py_11_csv	0,78977
LARGE_dtc_experiment_code_CONTROL_py_18_csv	LARGE_dtc_experiment_code_CONTROL_py_15_csv	0,78986
LARGE_dtc_experiment_code_CONTROL_py_16_csv	LARGE_dtc_experiment_code_CONTROL_py_10_csv	0,79054
LARGE_dtc_experiment_code_TRAIN_py_0_csv	LARGE_dtc_experiment_code_TRAIN_py_15_csv	0,79058
LARGE_dtc_experiment_code_TRAIN_py_0_csv	LARGE_dtc_experiment_code_CONTROL_py_11_csv	0,79058
LARGE_dtc_experiment_code_TRAIN_py_10_csv	LARGE_dtc_experiment_code_TRAIN_py_0_csv	0,79058
LARGE_dtc_experiment_code_TRAIN_py_16_csv	LARGE_dtc_experiment_code_TRAIN_py_0_csv	0,79058
LARGE_dtc_experiment_code_TRAIN_py_15_csv	LARGE_dtc_experiment_code_CONTROL_py_10_csv	0,79070
LARGE_dtc_experiment_code_TRAIN_py_15_csv	LARGE_dtc_experiment_code_CONTROL_py_11_csv	0,79070
LARGE_dtc_experiment_code_TRAIN_py_15_csv	LARGE_dtc_experiment_code_CONTROL_py_15_csv	0,79070
LARGE_dtc_experiment_code_TRAIN_py_15_csv	LARGE_dtc_experiment_code_CONTROL_py_17_csv	0,79070
LARGE_dtc_experiment_code_CONTROL_py_10_csv	LARGE_dtc_experiment_code_TRAIN_py_15_csv	0,79070
LARGE_dtc_experiment_code_CONTROL_py_11_csv	LARGE_dtc_experiment_code_TRAIN_py_14_csv	0,79070
LARGE_dtc_experiment_code_CONTROL_py_11_csv	LARGE_dtc_experiment_code_TRAIN_py_15_csv	0,79070
LARGE_dtc_experiment_code_CONTROL_py_17_csv	LARGE_dtc_experiment_code_TRAIN_py_15_csv	0,79070
LARGE_dtc_experiment_code_TRAIN_py_10_csv	LARGE_dtc_experiment_code_CONTROL_py_0_csv	0,79121
LARGE_dtc_experiment_code_TRAIN_py_10_csv	LARGE_dtc_experiment_code_CONTROL_py_11_csv	0,79121
LARGE_dtc_experiment_code_CONTROL_py_11_csv	LARGE_dtc_experiment_code_TRAIN_py_10_csv	0,79121
LARGE_dtc_experiment_code_CONTROL_py_13_csv	LARGE_dtc_experiment_code_TRAIN_py_10_csv	0,79121
LARGE_dtc_experiment_code_TRAIN_py_16_csv	LARGE_dtc_experiment_code_TRAIN_py_13_csv	0,79188
LARGE_dtc_experiment_code_CONTROL_py_12_csv	LARGE_dtc_experiment_code_TRAIN_py_13_csv	0,79188
LARGE_dtc_experiment_code_CONTROL_py_16_csv	LARGE_dtc_experiment_code_TRAIN_py_13_csv	0,79188
LARGE_dtc_experiment_code_TRAIN_py_12_csv	LARGE_dtc_experiment_code_TRAIN_py_17_csv	0,79191
LARGE_dtc_experiment_code_CONTROL_py_13_csv	LARGE_dtc_experiment_code_TRAIN_py_17_csv	0,79191
LARGE_dtc_experiment_code_CONTROL_py_17_csv	LARGE_dtc_experiment_code_TRAIN_py_17_csv	0,79191
LARGE_dtc_experiment_code_CONTROL_py_13_csv	LARGE_dtc_experiment_code_TRAIN_py_18_csv	0,79208
LARGE_dtc_experiment_code_CONTROL_py_15_csv	LARGE_dtc_experiment_code_TRAIN_py_18_csv	0,79208
LARGE_dtc_experiment_code_TRAIN_py_14_csv	LARGE_dtc_experiment_code_TRAIN_py_16_csv	0,79235
LARGE_dtc_experiment_code_TRAIN_py_17_csv	LARGE_dtc_experiment_code_TRAIN_py_16_csv	0,79235
LARGE_dtc_experiment_code_CONTROL_py_12_csv	LARGE_dtc_experiment_code_TRAIN_py_16_csv	0,79235
LARGE_dtc_experiment_code_CONTROL_py_13_csv	LARGE_dtc_experiment_code_TRAIN_py_12_csv	0,79412
LARGE_dtc_experiment_code_CONTROL_py_14_csv	LARGE_dtc_experiment_code_TRAIN_py_12_csv	0,79412
LARGE_dtc_experiment_code_TRAIN_py_11_csv	LARGE_dtc_experiment_code_CONTROL_py_13_csv	0,79545
LARGE_dtc_experiment_code_CONTROL_py_13_csv	LARGE_dtc_experiment_code_TRAIN_py_11_csv	0,79545
LARGE_dtc_experiment_code_TRAIN_py_0_csv	LARGE_dtc_experiment_code_TRAIN_py_14_csv	0,79581
LARGE_dtc_experiment_code_TRAIN_py_0_csv	LARGE_dtc_experiment_code_TRAIN_py_16_csv	0,79581
LARGE_dtc_experiment_code_TRAIN_py_14_csv	LARGE_dtc_experiment_code_TRAIN_py_0_csv	0,79581
LARGE_dtc_experiment_code_TRAIN_py_15_csv	LARGE_dtc_experiment_code_TRAIN_py_0_csv	0,79581
LARGE_dtc_experiment_code_CONTROL_py_14_csv	LARGE_dtc_experiment_code_TRAIN_py_0_csv	0,79581
LARGE_dtc_experiment_code_CONTROL_py_15_csv	LARGE_dtc_experiment_code_TRAIN_py_0_csv	0,79581
LARGE_dtc_experiment_code_CONTROL_py_16_csv	LARGE_dtc_experiment_code_TRAIN_py_0_csv	0,79581
LARGE_dtc_experiment_code_TRAIN_py_14_csv	LARGE_dtc_experiment_code_CONTROL_py_11_csv	0,79651
LARGE_dtc_experiment_code_TRAIN_py_14_csv	LARGE_dtc_experiment_code_CONTROL_py_14_csv	0,79651
LARGE_dtc_experiment_code_TRAIN_py_14_csv	LARGE_dtc_experiment_code_CONTROL_py_18_csv	0,79651
LARGE_dtc_experiment_code_TRAIN_py_15_csv	LARGE_dtc_experiment_code_CONTROL_py_18_csv	0,79651
LARGE_dtc_experiment_code_CONTROL_py_10_csv	LARGE_dtc_experiment_code_TRAIN_py_14_csv	0,79651
LARGE_dtc_experiment_code_CONTROL_py_14_csv	LARGE_dtc_experiment_code_TRAIN_py_14_csv	0,79651
LARGE_dtc_experiment_code_CONTROL_py_14_csv	LARGE_dtc_experiment_code_TRAIN_py_15_csv	0,79651
LARGE_dtc_experiment_code_CONTROL_py_15_csv	LARGE_dtc_experiment_code_TRAIN_py_14_csv	0,79651
LARGE_dtc_experiment_code_CONTROL_py_17_csv	LARGE_dtc_experiment_code_TRAIN_py_14_csv	0,79651
LARGE_dtc_experiment_code_TRAIN_py_10_csv	LARGE_dtc_experiment_code_CONTROL_py_13_csv	0,79670
LARGE_dtc_experiment_code_TRAIN_py_10_csv	LARGE_dtc_experiment_code_CONTROL_py_17_csv	0,79670
LARGE_dtc_experiment_code_CONTROL_py_10_csv	LARGE_dtc_experiment_code_TRAIN_py_10_csv	0,79670
LARGE_dtc_experiment_code_CONTROL_py_17_csv	LARGE_dtc_experiment_code_TRAIN_py_10_csv	0,79670
LARGE_dtc_experiment_code_TRAIN_py_13_csv	LARGE_dtc_experiment_code_CONTROL_py_16_csv	0,79695
LARGE_dtc_experiment_code_TRAIN_py_17_csv	LARGE_dtc_experiment_code_TRAIN_py_13_csv	0,79695
LARGE_dtc_experiment_code_TRAIN_py_18_csv	LARGE_dtc_experiment_code_TRAIN_py_11_csv	0,79703
LARGE_dtc_experiment_code_TRAIN_py_18_csv	LARGE_dtc_experiment_code_TRAIN_py_16_csv	0,79703
LARGE_dtc_experiment_code_TRAIN_py_18_csv	LARGE_dtc_experiment_code_CONTROL_py_12_csv	0,79703
LARGE_dtc_experiment_code_CONTROL_py_14_csv	LARGE_dtc_experiment_code_CONTROL_py_0_csv	0,79755
LARGE_dtc_experiment_code_TRAIN_py_17_csv	LARGE_dtc_experiment_code_CONTROL_py_18_csv	0,79769
LARGE_dtc_experiment_code_CONTROL_py_12_csv	LARGE_dtc_experiment_code_TRAIN_py_17_csv	0,79769
LARGE_dtc_experiment_code_TRAIN_py_16_csv	LARGE_dtc_experiment_code_CONTROL_py_16_csv	0,79781
LARGE_dtc_experiment_code_TRAIN_py_12_csv	LARGE_dtc_experiment_code_CONTROL_py_10_csv	0,80000
LARGE_dtc_experiment_code_CONTROL_py_17_csv	LARGE_dtc_experiment_code_TRAIN_py_12_csv	0,80000
LARGE_dtc_experiment_code_TRAIN_py_0_csv	LARGE_dtc_experiment_code_CONTROL_py_15_csv	0,80105
LARGE_dtc_experiment_code_TRAIN_py_11_csv	LARGE_dtc_experiment_code_CONTROL_py_11_csv	0,80114
LARGE_dtc_experiment_code_TRAIN_py_11_csv	LARGE_dtc_experiment_code_CONTROL_py_18_csv	0,80114
LARGE_dtc_experiment_code_CONTROL_py_17_csv	LARGE_dtc_experiment_code_TRAIN_py_11_csv	0,80114
LARGE_dtc_experiment_code_TRAIN_py_18_csv	LARGE_dtc_experiment_code_TRAIN_py_15_csv	0,80198
LARGE_dtc_experiment_code_CONTROL_py_10_csv	LARGE_dtc_experiment_code_TRAIN_py_18_csv	0,80198
LARGE_dtc_experiment_code_CONTROL_py_12_csv	LARGE_dtc_experiment_code_TRAIN_py_18_csv	0,80198
LARGE_dtc_experiment_code_CONTROL_py_14_csv	LARGE_dtc_experiment_code_TRAIN_py_18_csv	0,80198
LARGE_dtc_experiment_code_CONTROL_py_17_csv	LARGE_dtc_experiment_code_TRAIN_py_18_csv	0,80198
LARGE_dtc_experiment_code_TRAIN_py_13_csv	LARGE_dtc_experiment_code_TRAIN_py_16_csv	0,80203
LARGE_dtc_experiment_code_TRAIN_py_13_csv	LARGE_dtc_experiment_code_CONTROL_py_17_csv	0,80203
LARGE_dtc_experiment_code_CONTROL_py_14_csv	LARGE_dtc_experiment_code_TRAIN_py_13_csv	0,80203
LARGE_dtc_experiment_code_TRAIN_py_10_csv	LARGE_dtc_experiment_code_CONTROL_py_10_csv	0,80220
LARGE_dtc_experiment_code_TRAIN_py_10_csv	LARGE_dtc_experiment_code_CONTROL_py_16_csv	0,80220
LARGE_dtc_experiment_code_CONTROL_py_14_csv	LARGE_dtc_experiment_code_TRAIN_py_10_csv	0,80220
LARGE_dtc_experiment_code_TRAIN_py_14_csv	LARGE_dtc_experiment_code_CONTROL_py_15_csv	0,80233
LARGE_dtc_experiment_code_TRAIN_py_15_csv	LARGE_dtc_experiment_code_CONTROL_py_14_csv	0,80233
LARGE_dtc_experiment_code_CONTROL_py_18_csv	LARGE_dtc_experiment_code_TRAIN_py_15_csv	0,80233
LARGE_dtc_experiment_code_CONTROL_py_18_csv	LARGE_dtc_experiment_code_CONTROL_py_11_csv	0,80282
LARGE_dtc_experiment_code_TRAIN_py_10_csv	LARGE_dtc_experiment_code_TRAIN_py_16_csv	0,80328
LARGE_dtc_experiment_code_TRAIN_py_16_csv	LARGE_dtc_experiment_code_CONTROL_py_10_csv	0,80328
LARGE_dtc_experiment_code_TRAIN_py_16_csv	LARGE_dtc_experiment_code_CONTROL_py_11_csv	0,80328
LARGE_dtc_experiment_code_CONTROL_py_10_csv	LARGE_dtc_experiment_code_TRAIN_py_16_csv	0,80328
LARGE_dtc_experiment_code_CONTROL_py_16_csv	LARGE_dtc_experiment_code_TRAIN_py_16_csv	0,80328
LARGE_dtc_experiment_code_CONTROL_py_17_csv	LARGE_dtc_experiment_code_TRAIN_py_16_csv	0,80328
LARGE_dtc_experiment_code_CONTROL_py_10_csv	LARGE_dtc_experiment_code_TRAIN_py_12_csv	0,80588
LARGE_dtc_experiment_code_CONTROL_py_15_csv	LARGE_dtc_experiment_code_TRAIN_py_12_csv	0,80588
LARGE_dtc_experiment_code_CONTROL_py_18_csv	LARGE_dtc_experiment_code_TRAIN_py_12_csv	0,80588
LARGE_dtc_experiment_code_TRAIN_py_0_csv	LARGE_dtc_experiment_code_CONTROL_py_10_csv	0,80628
LARGE_dtc_experiment_code_CONTROL_py_10_csv	LARGE_dtc_experiment_code_TRAIN_py_0_csv	0,80628
LARGE_dtc_experiment_code_TRAIN_py_11_csv	LARGE_dtc_experiment_code_CONTROL_py_14_csv	0,80682
LARGE_dtc_experiment_code_CONTROL_py_14_csv	LARGE_dtc_experiment_code_TRAIN_py_11_csv	0,80682
LARGE_dtc_experiment_code_CONTROL_py_18_csv	LARGE_dtc_experiment_code_TRAIN_py_11_csv	0,80682
LARGE_dtc_experiment_code_TRAIN_py_18_csv	LARGE_dtc_experiment_code_CONTROL_py_11_csv	0,80693
LARGE_dtc_experiment_code_TRAIN_py_13_csv	LARGE_dtc_experiment_code_TRAIN_py_11_csv	0,80711
LARGE_dtc_experiment_code_TRAIN_py_13_csv	LARGE_dtc_experiment_code_CONTROL_py_18_csv	0,80711
LARGE_dtc_experiment_code_TRAIN_py_10_csv	LARGE_dtc_experiment_code_CONTROL_py_14_csv	0,80769
LARGE_dtc_experiment_code_TRAIN_py_10_csv	LARGE_dtc_experiment_code_CONTROL_py_15_csv	0,80769
LARGE_dtc_experiment_code_TRAIN_py_10_csv	LARGE_dtc_experiment_code_CONTROL_py_18_csv	0,80769
LARGE_dtc_experiment_code_CONTROL_py_18_csv	LARGE_dtc_experiment_code_TRAIN_py_10_csv	0,80769
LARGE_dtc_experiment_code_CONTROL_py_18_csv	LARGE_dtc_experiment_code_TRAIN_py_14_csv	0,80814
LARGE_dtc_experiment_code_TRAIN_py_16_csv	LARGE_dtc_experiment_code_CONTROL_py_13_csv	0,80874
LARGE_dtc_experiment_code_CONTROL_py_13_csv	LARGE_dtc_experiment_code_TRAIN_py_16_csv	0,80874
LARGE_dtc_experiment_code_CONTROL_py_17_csv	LARGE_dtc_experiment_code_TRAIN_py_0_csv	0,81152
LARGE_dtc_experiment_code_TRAIN_py_12_csv	LARGE_dtc_experiment_code_CONTROL_py_18_csv	0,81176
LARGE_dtc_experiment_code_TRAIN_py_18_csv	LARGE_dtc_experiment_code_CONTROL_py_15_csv	0,81188
LARGE_dtc_experiment_code_CONTROL_py_13_csv	LARGE_dtc_experiment_code_TRAIN_py_13_csv	0,81218
LARGE_dtc_experiment_code_CONTROL_py_17_csv	LARGE_dtc_experiment_code_TRAIN_py_13_csv	0,81218
LARGE_dtc_experiment_code_TRAIN_py_11_csv	LARGE_dtc_experiment_code_CONTROL_py_15_csv	0,81250
LARGE_dtc_experiment_code_CONTROL_py_15_csv	LARGE_dtc_experiment_code_TRAIN_py_11_csv	0,81250
LARGE_dtc_experiment_code_CONTROL_py_11_csv	LARGE_dtc_experiment_code_TRAIN_py_16_csv	0,81421
LARGE_dtc_experiment_code_CONTROL_py_18_csv	LARGE_dtc_experiment_code_TRAIN_py_17_csv	0,81503
LARGE_dtc_experiment_code_TRAIN_py_0_csv	LARGE_dtc_experiment_code_CONTROL_py_14_csv	0,81675
LARGE_dtc_experiment_code_CONTROL_py_13_csv	LARGE_dtc_experiment_code_TRAIN_py_0_csv	0,81675
LARGE_dtc_experiment_code_TRAIN_py_18_csv	LARGE_dtc_experiment_code_CONTROL_py_13_csv	0,81683
LARGE_dtc_experiment_code_CONTROL_py_10_csv	LARGE_dtc_experiment_code_TRAIN_py_13_csv	0,81726
LARGE_dtc_experiment_code_CONTROL_py_11_csv	LARGE_dtc_experiment_code_TRAIN_py_13_csv	0,81726
LARGE_dtc_experiment_code_CONTROL_py_18_csv	LARGE_dtc_experiment_code_TRAIN_py_13_csv	0,81726
LARGE_dtc_experiment_code_CONTROL_py_14_csv	LARGE_dtc_experiment_code_TRAIN_py_16_csv	0,81967
LARGE_dtc_experiment_code_TRAIN_py_0_csv	LARGE_dtc_experiment_code_CONTROL_py_13_csv	0,82199
LARGE_dtc_experiment_code_TRAIN_py_13_csv	LARGE_dtc_experiment_code_CONTROL_py_13_csv	0,82234
LARGE_dtc_experiment_code_TRAIN_py_12_csv	LARGE_dtc_experiment_code_CONTROL_py_15_csv	0,82353
LARGE_dtc_experiment_code_TRAIN_py_16_csv	LARGE_dtc_experiment_code_CONTROL_py_18_csv	0,82514
LARGE_dtc_experiment_code_CONTROL_py_15_csv	LARGE_dtc_experiment_code_TRAIN_py_16_csv	0,82514
LARGE_dtc_experiment_code_TRAIN_py_18_csv	LARGE_dtc_experiment_code_CONTROL_py_10_csv	0,82673
LARGE_dtc_experiment_code_TRAIN_py_18_csv	LARGE_dtc_experiment_code_CONTROL_py_14_csv	0,82673
LARGE_dtc_experiment_code_TRAIN_py_18_csv	LARGE_dtc_experiment_code_CONTROL_py_18_csv	0,82673
LARGE_dtc_experiment_code_TRAIN_py_13_csv	LARGE_dtc_experiment_code_TRAIN_py_17_csv	0,82741
LARGE_dtc_experiment_code_TRAIN_py_13_csv	LARGE_dtc_experiment_code_CONTROL_py_11_csv	0,82741
LARGE_dtc_experiment_code_TRAIN_py_13_csv	LARGE_dtc_experiment_code_CONTROL_py_15_csv	0,82741
LARGE_dtc_experiment_code_CONTROL_py_15_csv	LARGE_dtc_experiment_code_TRAIN_py_13_csv	0,82741
LARGE_dtc_experiment_code_TRAIN_py_16_csv	LARGE_dtc_experiment_code_CONTROL_py_14_csv	0,83060
LARGE_dtc_experiment_code_TRAIN_py_13_csv	LARGE_dtc_experiment_code_CONTROL_py_10_csv	0,83249
LARGE_dtc_experiment_code_TRAIN_py_13_csv	LARGE_dtc_experiment_code_CONTROL_py_14_csv	0,83249
LARGE_dtc_experiment_code_CONTROL_py_18_csv	LARGE_dtc_experiment_code_TRAIN_py_16_csv	0,83607
LARGE_dtc_experiment_code_CONTROL_py_18_csv	LARGE_dtc_experiment_code_TRAIN_py_18_csv	0,83663
LARGE_dtc_experiment_code_TRAIN_py_16_csv	LARGE_dtc_experiment_code_CONTROL_py_15_csv	0,84153
